model,split,month,rank_ic
naive_momentum,train,1990-01-31,0.08291552361795866
naive_momentum,train,1990-02-28,0.09448618283240703
naive_momentum,train,1990-03-30,0.05753987478985286
naive_momentum,train,1990-04-30,0.17824668724928797
naive_momentum,train,1990-05-31,0.07867050019291512
naive_momentum,train,1990-06-29,0.14812681449554427
naive_momentum,train,1990-07-31,0.02823205189438682
naive_momentum,train,1990-08-31,0.06832700062723836
naive_momentum,train,1990-09-28,0.14667529087872241
naive_momentum,train,1990-10-31,0.031182617228607497
naive_momentum,train,1990-11-30,0.13986882137603646
naive_momentum,train,1990-12-31,-0.1248016918513853
naive_momentum,train,1991-01-31,-0.10506123088946694
naive_momentum,train,1991-02-28,0.01739798344220372
naive_momentum,train,1991-03-28,0.01572564695520475
naive_momentum,train,1991-04-30,0.1206108118552822
naive_momentum,train,1991-05-31,-0.025877257763738084
naive_momentum,train,1991-06-28,0.15403041500739906
naive_momentum,train,1991-07-31,0.13590451036101017
naive_momentum,train,1991-08-30,0.12039442927656958
naive_momentum,train,1991-09-30,0.08872469397868271
naive_momentum,train,1991-10-31,-0.003917203586793718
naive_momentum,train,1991-11-29,0.2689656850522074
naive_momentum,train,1991-12-31,-0.06906871720429543
naive_momentum,train,1992-01-31,0.005564523418085076
naive_momentum,train,1992-02-28,0.020456741614700846
naive_momentum,train,1992-03-31,-0.024910422761429067
naive_momentum,train,1992-04-30,0.028392419119522557
naive_momentum,train,1992-05-29,0.04744069535410965
naive_momentum,train,1992-06-30,0.08562623486087226
naive_momentum,train,1992-07-31,0.007621737664930192
naive_momentum,train,1992-08-31,0.08828481748554558
naive_momentum,train,1992-09-30,0.08666471753988315
naive_momentum,train,1992-10-30,0.03090189433997643
naive_momentum,train,1992-11-30,0.11233671346676985
naive_momentum,train,1992-12-31,0.05170904151811601
naive_momentum,train,1993-01-29,0.08559593290909595
naive_momentum,train,1993-02-26,0.12064114639954082
naive_momentum,train,1993-03-31,0.04144990127409371
naive_momentum,train,1993-04-30,-0.03873351136775826
naive_momentum,train,1993-05-28,0.13426461597039546
naive_momentum,train,1993-06-30,0.11530922744660067
naive_momentum,train,1993-07-30,0.0989530385031659
naive_momentum,train,1993-08-31,0.09444861274013801
naive_momentum,train,1993-09-30,-0.010925619452768156
naive_momentum,train,1993-10-29,-0.034503813562161846
naive_momentum,train,1993-11-30,0.10932750969072626
naive_momentum,train,1993-12-31,-0.018397648825164432
naive_momentum,train,1994-01-31,0.0025427790325547
naive_momentum,train,1994-02-28,-0.011528549016380122
naive_momentum,train,1994-03-31,0.10230594785495463
naive_momentum,train,1994-04-29,-0.0040168457111733604
naive_momentum,train,1994-05-31,-0.0025513803024134023
naive_momentum,train,1994-06-30,0.06056285524267545
naive_momentum,train,1994-07-29,0.06344380306454019
naive_momentum,train,1994-08-31,0.07585499151917678
naive_momentum,train,1994-09-30,0.08237475915497834
naive_momentum,train,1994-10-31,0.04637437542016436
naive_momentum,train,1994-11-30,0.16905218392754726
naive_momentum,train,1994-12-30,-0.11251248552117997
naive_momentum,train,1995-01-31,0.05060713516298097
naive_momentum,train,1995-02-28,0.09040538807606918
naive_momentum,train,1995-03-31,0.05184409377692971
naive_momentum,train,1995-04-28,0.052586359082984056
naive_momentum,train,1995-05-31,0.09933587375031656
naive_momentum,train,1995-06-30,0.10725984903192162
naive_momentum,train,1995-07-31,0.041571669193672736
naive_momentum,train,1995-08-31,0.10451243913467853
naive_momentum,train,1995-09-29,0.13375444447072193
naive_momentum,train,1995-10-31,0.12237369589504056
naive_momentum,train,1995-11-30,0.09633369930477939
naive_momentum,train,1995-12-29,-0.06111693361008714
naive_momentum,train,1996-01-31,0.04057557954280132
naive_momentum,train,1996-02-29,0.006405870703688154
naive_momentum,train,1996-03-29,0.02139367665645259
naive_momentum,train,1996-04-30,0.01691748093305147
naive_momentum,train,1996-05-31,0.05493429613170565
naive_momentum,train,1996-06-28,0.027161343533676215
naive_momentum,train,1996-07-31,0.0790669855969733
naive_momentum,train,1996-08-30,0.10936558653938565
naive_momentum,train,1996-09-30,0.12843746843963344
naive_momentum,train,1996-10-31,0.05062487933496027
naive_momentum,train,1996-11-29,0.14114517903396032
naive_momentum,train,1996-12-31,-0.07616129551233623
naive_momentum,train,1997-01-31,0.04678337943729373
naive_momentum,train,1997-02-28,0.13326598633883172
naive_momentum,train,1997-03-31,0.14553184710613987
naive_momentum,train,1997-04-30,0.014355036985420101
naive_momentum,train,1997-05-30,0.13976227481699527
naive_momentum,train,1997-06-30,0.12196660939687541
naive_momentum,train,1997-07-31,-0.013523173975089703
naive_momentum,train,1997-08-29,0.07575723089569956
naive_momentum,train,1997-09-30,0.06790684351003669
naive_momentum,train,1997-10-31,0.23235882306248146
naive_momentum,train,1997-11-28,0.24993176562960515
naive_momentum,train,1997-12-31,-0.12347995646241211
naive_momentum,train,1998-01-30,0.07055071790101686
naive_momentum,train,1998-02-27,0.09683181396269186
naive_momentum,train,1998-03-31,0.03176109081437045
naive_momentum,train,1998-04-30,0.07739312411364555
naive_momentum,train,1998-05-29,0.22187691500561624
naive_momentum,train,1998-06-30,0.08232618149517335
naive_momentum,train,1998-07-31,0.09410127342893265
naive_momentum,train,1998-08-31,0.06615990791563396
naive_momentum,train,1998-09-30,0.009044652250088681
naive_momentum,train,1998-10-30,0.04609933536849786
naive_momentum,train,1998-11-30,0.2325765514493745
naive_momentum,train,1998-12-31,-0.12815776713469387
naive_momentum,train,1999-01-29,0.09005955131964954
naive_momentum,train,1999-02-26,0.09133828660356184
naive_momentum,train,1999-03-31,-0.08669539281009456
naive_momentum,train,1999-04-30,-0.09029092129731177
naive_momentum,train,1999-05-28,0.07900462470674534
naive_momentum,train,1999-06-30,-0.017820487476214116
naive_momentum,train,1999-07-30,0.07980937778108298
naive_momentum,train,1999-08-31,0.1234031481347862
naive_momentum,train,1999-09-30,0.13487058586917927
naive_momentum,train,1999-10-29,0.1460124022603977
naive_momentum,train,1999-11-30,0.19721502401235544
naive_momentum,train,1999-12-31,-0.08061103628772186
naive_momentum,train,2000-01-31,0.18279874660676232
naive_momentum,train,2000-02-29,-0.02736983186640091
naive_momentum,train,2000-03-31,-0.15953711099108187
naive_momentum,train,2000-04-28,-0.1831304694073006
naive_momentum,train,2000-05-31,0.23595391826386533
naive_momentum,train,2000-06-30,-0.11378572045710933
naive_momentum,train,2000-07-31,0.13500502285192634
naive_momentum,train,2000-08-31,0.002431176112064928
naive_momentum,train,2000-09-29,-0.02117652567536083
naive_momentum,train,2000-10-31,-0.046314547712819704
naive_momentum,train,2000-11-30,0.14552756003311898
naive_momentum,train,2000-12-29,-0.3377820766558285
naive_momentum,train,2001-01-31,0.23081389142348496
naive_momentum,train,2001-02-28,0.2513305808562368
naive_momentum,train,2001-03-30,-0.026128091323823724
naive_momentum,train,2001-04-30,0.04689271406678254
naive_momentum,train,2001-05-31,0.13500096683356824
naive_momentum,train,2001-06-29,0.2077269434160784
naive_momentum,train,2001-07-31,0.21508934721085707
naive_momentum,train,2001-08-31,0.2954305638046181
naive_momentum,train,2001-09-28,-0.11178251532112048
naive_momentum,train,2001-10-31,-0.09994942100993338
naive_momentum,train,2001-11-30,-0.009631187736431738
naive_momentum,train,2001-12-31,0.12467181799238572
naive_momentum,train,2002-01-31,0.20571282197036575
naive_momentum,train,2002-02-28,-0.017206080556664158
naive_momentum,train,2002-03-28,0.21169467976004602
naive_momentum,train,2002-04-30,0.16420645544487109
naive_momentum,train,2002-05-31,0.25248101971004067
naive_momentum,train,2002-06-28,0.1256322041690545
naive_momentum,train,2002-07-31,0.0907324946258228
naive_momentum,train,2002-08-30,0.28050194914970683
naive_momentum,train,2002-09-30,-0.06380057813784355
naive_momentum,train,2002-10-31,-0.22665680071628985
naive_momentum,train,2002-11-29,0.36549272573292363
naive_momentum,train,2002-12-31,0.037326593854623
naive_momentum,train,2003-01-31,0.15943793368327783
naive_momentum,train,2003-02-28,0.07831916746349273
naive_momentum,train,2003-03-31,-0.1940705534854298
naive_momentum,train,2003-04-30,-0.31083677009350663
naive_momentum,train,2003-05-30,-0.05371276566760682
naive_momentum,train,2003-06-30,-0.0632878325436132
naive_momentum,train,2003-07-31,-0.04298365056776346
naive_momentum,train,2003-08-29,0.013284306985867352
naive_momentum,train,2003-09-30,0.08920976292277899
naive_momentum,train,2003-10-31,0.0402439038064234
naive_momentum,train,2003-11-28,-0.11920143229124806
naive_momentum,train,2003-12-31,0.04058022431522705
naive_momentum,train,2004-01-30,-0.04700550408380595
naive_momentum,train,2004-02-27,-0.034647045654644625
naive_momentum,train,2004-03-31,-0.07053940816394426
naive_momentum,train,2004-04-30,0.032857217952379836
naive_momentum,train,2004-05-28,0.07510295743405516
naive_momentum,train,2004-06-30,-0.1165915441631095
naive_momentum,train,2004-07-30,-0.105257826560402
naive_momentum,train,2004-08-31,0.13967161428211494
naive_momentum,train,2004-09-30,0.009155681386987309
naive_momentum,train,2004-10-29,0.04982779831354821
naive_momentum,train,2004-11-30,-0.09154097682801292
naive_momentum,train,2004-12-31,0.1794130408981361
naive_momentum,train,2005-01-31,0.1506812003102163
naive_momentum,train,2005-02-28,0.08148029977521275
naive_momentum,train,2005-03-31,0.10014928440722635
naive_momentum,train,2005-04-29,0.017791491644842658
naive_momentum,train,2005-05-31,0.08152814361517126
naive_momentum,train,2005-06-30,0.006873807488883107
naive_momentum,train,2005-07-29,0.07418817472172579
naive_momentum,train,2005-08-31,0.09180573382450304
naive_momentum,train,2005-09-30,0.008522206494926403
naive_momentum,train,2005-10-31,0.06460273257521933
naive_momentum,train,2005-11-30,0.05184286021502487
naive_momentum,train,2005-12-30,0.019694166765932525
naive_momentum,train,2006-01-31,-0.026743527510397453
naive_momentum,train,2006-02-28,0.05572016737165845
naive_momentum,train,2006-03-31,0.07970878124498022
naive_momentum,train,2006-04-28,-0.07086171382489431
naive_momentum,train,2006-05-31,0.059122944528068135
naive_momentum,train,2006-06-30,-0.006934814487093243
naive_momentum,train,2006-07-31,-0.054883031958544264
naive_momentum,train,2006-08-31,-0.02789587427981723
naive_momentum,train,2006-09-29,0.04779786281640027
naive_momentum,train,2006-10-31,0.01664105687914985
naive_momentum,train,2006-11-30,0.059319494530047645
naive_momentum,train,2006-12-29,0.029497926576991417
naive_momentum,train,2007-01-31,-0.04177779570577867
naive_momentum,train,2007-02-28,0.1057329255436936
naive_momentum,train,2007-03-30,0.04510099795324924
naive_momentum,train,2007-04-30,0.03181713252480426
naive_momentum,train,2007-05-31,-0.016511716873905246
naive_momentum,train,2007-06-29,0.06076410769607759
naive_momentum,train,2007-07-31,0.09832282765667733
naive_momentum,train,2007-08-31,0.14317561147693364
naive_momentum,train,2007-09-28,0.21543125695607387
naive_momentum,train,2007-10-31,0.06879411233444908
naive_momentum,train,2007-11-30,0.15254316936295648
naive_momentum,train,2007-12-31,-0.23980907706328042
naive_momentum,train,2008-01-31,0.16641362823665284
naive_momentum,train,2008-02-29,0.008765809754379312
naive_momentum,train,2008-03-31,0.10529142656174299
naive_momentum,train,2008-04-30,0.10076984736552876
naive_momentum,train,2008-05-30,0.2649849357311442
naive_momentum,train,2008-06-30,-0.026685462375308097
naive_momentum,train,2008-07-31,-0.11336506249507408
naive_momentum,train,2008-08-29,0.018653438701216465
naive_momentum,train,2008-09-30,0.1480149278465044
naive_momentum,train,2008-10-31,0.20023950714273697
naive_momentum,train,2008-11-28,0.024360548563500582
naive_momentum,train,2008-12-31,-0.030931120585306594
naive_momentum,train,2009-01-30,0.19316541839346463
naive_momentum,train,2009-02-27,-0.16745586048263914
naive_momentum,train,2009-03-31,-0.3993116204534695
naive_momentum,train,2009-04-30,-0.19838989420219372
naive_momentum,train,2009-05-29,0.08658515438258846
naive_momentum,train,2009-06-30,-0.11519358040838104
naive_momentum,train,2009-07-31,-0.20779707036543435
naive_momentum,train,2009-08-31,-0.13560834029073976
naive_momentum,train,2009-09-30,0.11637229118367923
naive_momentum,train,2009-10-30,0.1033137228663354
naive_momentum,train,2009-11-30,0.04891082928765834
naive_momentum,train,2009-12-31,-0.13662705146138324
naive_momentum,train,2010-01-29,0.17733324888347998
naive_momentum,train,2010-02-26,0.16810532141077444
naive_momentum,train,2010-03-31,0.09940245773137397
naive_momentum,train,2010-04-30,-0.1223194007327076
naive_momentum,train,2010-05-28,-0.03444676716203403
naive_momentum,train,2010-06-30,0.17502966403045891
naive_momentum,train,2010-07-30,-0.04365758559883146
naive_momentum,train,2010-08-31,0.03415077566888199
naive_momentum,train,2010-09-30,0.09238185819004864
naive_momentum,train,2010-10-29,0.06505867496020516
naive_momentum,train,2010-11-30,-0.03957101189575016
naive_momentum,validation,2010-12-31,0.01835451647456771
naive_momentum,validation,2011-01-31,0.12740659198917448
naive_momentum,validation,2011-02-28,0.1592425631779217
naive_momentum,validation,2011-03-31,0.127901809569703
naive_momentum,validation,2011-04-29,-0.02829028759966875
naive_momentum,validation,2011-05-31,0.07452950966141782
naive_momentum,validation,2011-06-30,-0.02430427455444284
naive_momentum,validation,2011-07-29,-0.09320165776801961
naive_momentum,validation,2011-08-31,-0.119966816721534
naive_momentum,validation,2011-09-30,0.31799341598928244
naive_momentum,validation,2011-10-31,0.1327529674776332
naive_momentum,validation,2011-11-30,0.16753061457624852
naive_momentum,validation,2011-12-30,-0.22106648446908245
naive_momentum,validation,2012-01-31,-0.02911482760984281
naive_momentum,validation,2012-02-29,0.06347607843662809
naive_momentum,validation,2012-03-30,0.2517857222259159
naive_momentum,validation,2012-04-30,0.2679860776200031
naive_momentum,validation,2012-05-31,-0.007670130580663406
naive_momentum,validation,2012-06-29,0.19467133310662374
naive_momentum,validation,2012-07-31,-0.03452550385160097
naive_momentum,validation,2012-08-31,-0.050981834340259796
naive_momentum,validation,2012-09-28,0.10501269798022184
naive_momentum,validation,2012-10-31,0.1040550416282573
naive_momentum,validation,2012-11-30,-0.06020844099378922
naive_momentum,validation,2012-12-31,0.08395802941819137
naive_momentum,validation,2013-01-31,0.12620083154270276
naive_momentum,validation,2013-02-28,0.15479613759999786
naive_momentum,validation,2013-03-28,0.16025525193762116
naive_momentum,validation,2013-04-30,-0.045797698554292186
naive_momentum,validation,2013-05-31,0.1064623276197876
naive_momentum,validation,2013-06-28,0.12126432170697234
naive_momentum,validation,2013-07-31,-0.1127980704495471
naive_momentum,validation,2013-08-30,0.17000869801358248
naive_momentum,validation,2013-09-30,0.15717287716835
naive_momentum,validation,2013-10-31,0.25406728373993037
naive_momentum,validation,2013-11-29,0.13958031498135526
naive_momentum,validation,2013-12-31,-0.1663353580823101
naive_momentum,validation,2014-01-31,0.1259572512543246
naive_momentum,validation,2014-02-28,-0.019305775083628022
naive_momentum,validation,2014-03-31,-0.19268674609333603
naive_momentum,validation,2014-04-30,0.04874229786204234
naive_momentum,validation,2014-05-30,0.12890243419163375
naive_momentum,validation,2014-06-30,-0.09294053984395843
naive_momentum,validation,2014-07-31,0.15437945561820832
naive_momentum,validation,2014-08-29,-0.00709185457954946
naive_momentum,validation,2014-09-30,0.1239539474719526
naive_momentum,validation,2014-10-31,0.1173843176286355
naive_momentum,validation,2014-11-28,0.027713911973349194
naive_momentum,validation,2014-12-31,0.15779191963754075
naive_momentum,validation,2015-01-30,-0.10979160106711917
naive_momentum,validation,2015-02-27,0.2032698337854827
naive_momentum,validation,2015-03-31,-0.22396997719050826
naive_momentum,validation,2015-04-30,0.22550449529780445
naive_momentum,validation,2015-05-29,0.1119666736745021
naive_momentum,validation,2015-06-30,0.31296058894776246
naive_momentum,validation,2015-07-31,-0.04513270340387425
naive_momentum,validation,2015-08-31,0.19363347083666452
naive_momentum,validation,2015-09-30,-0.030677685373671833
naive_momentum,validation,2015-10-30,0.23169352952110045
naive_momentum,validation,2015-11-30,0.22894861433669006
naive_momentum,test,2015-12-31,0.11413989911198585
naive_momentum,test,2016-01-29,-0.1012494639130446
naive_momentum,test,2016-02-29,-0.1649609806843712
naive_momentum,test,2016-03-31,-0.1866057617189352
naive_momentum,test,2016-04-29,0.11335333450012892
naive_momentum,test,2016-05-31,0.137082083403933
naive_momentum,test,2016-06-30,-0.09513542897253235
naive_momentum,test,2016-07-29,-0.0932262253908658
naive_momentum,test,2016-08-31,-0.012863003867600592
naive_momentum,test,2016-09-30,0.08496433634332508
naive_momentum,test,2016-10-31,-0.006747194438404153
naive_momentum,test,2016-11-30,0.040487426840157846
naive_momentum,test,2016-12-30,0.06414900998942968
naive_momentum,test,2017-01-31,0.0019880403553563454
naive_momentum,test,2017-02-28,-0.027290838170732683
naive_momentum,test,2017-03-31,0.06591501362075847
naive_momentum,test,2017-04-28,-0.042265807031939516
naive_momentum,test,2017-05-31,0.062210862413939944
naive_momentum,test,2017-06-30,0.11825131829926426
naive_momentum,test,2017-07-31,0.07108475940706614
naive_momentum,test,2017-08-31,0.13219170325766136
naive_momentum,test,2017-09-29,0.2192080094873471
naive_momentum,test,2017-10-31,0.03712771632674328
naive_momentum,test,2017-11-30,-0.020667222496779276
naive_momentum,test,2017-12-29,0.1598607685349704
naive_momentum,test,2018-01-31,0.020983708163084872
naive_momentum,test,2018-02-28,-0.0017892151777605194
naive_momentum,test,2018-03-29,-0.03459929871355933
naive_momentum,test,2018-04-30,0.03527462936947082
naive_momentum,test,2018-05-31,-0.06420613124569578
naive_momentum,test,2018-06-29,0.10103920234034929
naive_momentum,test,2018-07-31,0.1199177110119976
naive_momentum,test,2018-08-31,-0.013401174658717173
naive_momentum,test,2018-09-28,-0.1462796302497041
naive_momentum,test,2018-10-31,0.04548928804951723
naive_momentum,test,2018-11-30,-0.062591510709773
naive_momentum,test,2018-12-31,-0.1676880100980206
naive_momentum,test,2019-01-31,0.06449958177969856
naive_momentum,test,2019-02-28,0.11394248755423426
naive_momentum,test,2019-03-29,-0.030739478300093052
naive_momentum,test,2019-04-30,0.22091313120199166
naive_momentum,test,2019-05-31,0.007366977305393229
naive_momentum,test,2019-06-28,0.16996032275964867
naive_momentum,test,2019-07-31,0.27568463560645895
naive_momentum,test,2019-08-30,-0.17597571753126404
naive_momentum,test,2019-09-30,0.05847084936145191
naive_momentum,test,2019-10-31,-0.040606785363510235
naive_momentum,test,2019-11-29,-0.07897217990654525
naive_momentum,test,2019-12-31,0.21702989672692405
naive_momentum,test,2020-01-31,-0.025368423339833364
naive_momentum,test,2020-02-28,0.0903610228235451
naive_momentum,test,2020-03-31,-0.033944503843247806
naive_momentum,test,2020-04-30,0.09312177534660854
naive_momentum,test,2020-05-29,-0.11477345896565798
naive_momentum,test,2020-06-30,0.16274189067202188
naive_momentum,test,2020-07-31,-0.01436273149427624
naive_momentum,test,2020-08-31,0.17143824993868453
naive_momentum,test,2020-09-30,-0.0545387705603041
naive_momentum,test,2020-10-30,-0.24532569869566864
naive_momentum,test,2020-11-30,-0.051744137193409326
naive_momentum,test,2020-12-31,-0.009026622894743735
naive_momentum,test,2021-01-29,-0.24191095948011443
naive_momentum,test,2021-02-26,-0.12857492344035273
naive_momentum,test,2021-03-31,0.06825156074143988
naive_momentum,test,2021-04-30,0.10263613757679954
naive_momentum,test,2021-05-28,0.005215926412626155
naive_momentum,test,2021-06-30,-0.008229280114017508
naive_momentum,test,2021-07-30,0.10568239553528737
naive_momentum,test,2021-08-31,0.023748136710663673
naive_momentum,test,2021-09-30,0.2276583780721324
naive_momentum,test,2021-10-29,-0.013883453295257555
naive_momentum,test,2021-11-30,0.2494746173070338
naive_momentum,test,2021-12-31,0.0448295463491226
naive_momentum,test,2022-01-31,0.09269599335931585
naive_momentum,test,2022-02-28,0.11966103020618302
naive_momentum,test,2022-03-31,0.273475291248533
naive_momentum,test,2022-04-29,0.1473556749731341
naive_momentum,test,2022-05-31,-0.06920694254459454
naive_momentum,test,2022-06-30,0.009283415894739196
naive_momentum,test,2022-07-29,0.08890194216581998
naive_momentum,test,2022-08-31,0.33215763612684146
naive_momentum,test,2022-09-30,0.15657445811931034
naive_momentum,test,2022-10-31,0.01808262423246322
naive_momentum,test,2022-11-30,0.24188560670017129
naive_momentum,test,2022-12-30,-0.43665095044308594
naive_momentum,test,2023-01-31,0.23895884160179515
naive_momentum,test,2023-02-28,0.1463022023530091
naive_momentum,test,2023-03-31,0.13578357228219476
naive_momentum,test,2023-04-28,-0.002832645917711069
naive_momentum,test,2023-05-31,0.060285096570682394
naive_momentum,test,2023-06-30,-0.12940361517615637
naive_momentum,test,2023-07-31,0.20713343779305338
naive_momentum,test,2023-08-31,0.126039528366589
naive_momentum,test,2023-09-29,0.1416016672276806
naive_momentum,test,2023-10-31,0.1695966539294724
naive_momentum,test,2023-11-30,-0.05452669594769982
naive_momentum,test,2023-12-29,0.27066025968397567
naive_momentum,test,2024-01-31,0.1895032336831821
naive_momentum,test,2024-02-29,0.09992599148271153
naive_momentum,test,2024-03-28,0.06382275099937776
naive_momentum,test,2024-04-30,0.09631479153094115
naive_momentum,test,2024-05-31,0.17297211992204534
naive_momentum,test,2024-06-28,0.06367663800876917
naive_momentum,test,2024-07-31,0.1879193117777824
naive_momentum,test,2024-08-30,0.057045795992831536
naive_momentum,test,2024-09-30,0.1187404061449543
naive_momentum,test,2024-10-31,0.19842662811340103
naive_momentum,test,2024-11-29,-0.1647279370282889
naive_reversal,train,1990-01-31,-0.05078432330297599
naive_reversal,train,1990-02-28,0.06783941110136683
naive_reversal,train,1990-03-30,0.0010022848086272344
naive_reversal,train,1990-04-30,-0.08783402670758028
naive_reversal,train,1990-05-31,-0.07061881523611498
naive_reversal,train,1990-06-29,0.005702207646475083
naive_reversal,train,1990-07-31,0.013240744985610765
naive_reversal,train,1990-08-31,-0.12831351957276607
naive_reversal,train,1990-09-28,-0.04592337721104057
naive_reversal,train,1990-10-31,0.0823316285193774
naive_reversal,train,1990-11-30,-0.06277016229726508
naive_reversal,train,1990-12-31,-0.08131879076752485
naive_reversal,train,1991-01-31,0.035297747442512954
naive_reversal,train,1991-02-28,-0.08760316649602877
naive_reversal,train,1991-03-28,0.04061033804078392
naive_reversal,train,1991-04-30,-0.032558904128589895
naive_reversal,train,1991-05-31,-0.047951428916723535
naive_reversal,train,1991-06-28,-0.05182827022649579
naive_reversal,train,1991-07-31,0.018626352023645154
naive_reversal,train,1991-08-30,-0.02475337624988788
naive_reversal,train,1991-09-30,-0.06916401584510261
naive_reversal,train,1991-10-31,-0.025440850715472856
naive_reversal,train,1991-11-29,-0.09084351268567104
naive_reversal,train,1991-12-31,0.05674902603400254
naive_reversal,train,1992-01-31,0.026424554527114164
naive_reversal,train,1992-02-28,0.049654931289089294
naive_reversal,train,1992-03-31,-0.020828736694665506
naive_reversal,train,1992-04-30,-0.016440037336304215
naive_reversal,train,1992-05-29,-0.13262018530959735
naive_reversal,train,1992-06-30,-0.03686092271553752
naive_reversal,train,1992-07-31,-0.05512042874870049
naive_reversal,train,1992-08-31,-0.060147708963526475
naive_reversal,train,1992-09-30,0.01512810322783601
naive_reversal,train,1992-10-30,-0.013133872952916868
naive_reversal,train,1992-11-30,-0.03646683186393274
naive_reversal,train,1992-12-31,0.01777814156698948
naive_reversal,train,1993-01-29,0.005082615953426547
naive_reversal,train,1993-02-26,-0.03608477373478828
naive_reversal,train,1993-03-31,-0.08705530028320509
naive_reversal,train,1993-04-30,-0.030900172888868375
naive_reversal,train,1993-05-28,-0.047984872543438105
naive_reversal,train,1993-06-30,0.014583283004662181
naive_reversal,train,1993-07-30,-0.005348139862969425
naive_reversal,train,1993-08-31,-0.057009793906125726
naive_reversal,train,1993-09-30,0.03438231861946745
naive_reversal,train,1993-10-29,0.03918812841093165
naive_reversal,train,1993-11-30,-0.011285794969029312
naive_reversal,train,1993-12-31,0.018902048043679925
naive_reversal,train,1994-01-31,-0.00693899459063196
naive_reversal,train,1994-02-28,0.044488826323877566
naive_reversal,train,1994-03-31,-0.0495179743759834
naive_reversal,train,1994-04-29,-0.026865593828513317
naive_reversal,train,1994-05-31,-0.0673635098052751
naive_reversal,train,1994-06-30,0.006778393605665883
naive_reversal,train,1994-07-29,0.06822714904025924
naive_reversal,train,1994-08-31,0.006884326605345952
naive_reversal,train,1994-09-30,-0.04984165121569436
naive_reversal,train,1994-10-31,-0.004062889834251261
naive_reversal,train,1994-11-30,-0.0779218081839482
naive_reversal,train,1994-12-30,0.0023952533899323824
naive_reversal,train,1995-01-31,-0.04972044828195613
naive_reversal,train,1995-02-28,0.019441160876786007
naive_reversal,train,1995-03-31,-0.005643501159668316
naive_reversal,train,1995-04-28,0.00917166905978372
naive_reversal,train,1995-05-31,-0.012027844934710723
naive_reversal,train,1995-06-30,-0.013054935570896972
naive_reversal,train,1995-07-31,-0.01574720848505833
naive_reversal,train,1995-08-31,-0.018638196665316693
naive_reversal,train,1995-09-29,-0.04441523813740233
naive_reversal,train,1995-10-31,-0.04994336006583804
naive_reversal,train,1995-11-30,-0.1081754165821243
naive_reversal,train,1995-12-29,0.06576070069726202
naive_reversal,train,1996-01-31,0.01464604399024375
naive_reversal,train,1996-02-29,0.0198429708093736
naive_reversal,train,1996-03-29,-0.055881438366500114
naive_reversal,train,1996-04-30,-0.008313685923585409
naive_reversal,train,1996-05-31,0.10757779616820305
naive_reversal,train,1996-06-28,0.07449231346276296
naive_reversal,train,1996-07-31,0.04198245843120077
naive_reversal,train,1996-08-30,-0.028639934599054926
naive_reversal,train,1996-09-30,-0.019864992972726026
naive_reversal,train,1996-10-31,-0.06729821212853875
naive_reversal,train,1996-11-29,-0.13859594268411377
naive_reversal,train,1996-12-31,0.06048809978836951
naive_reversal,train,1997-01-31,-0.02101848028775191
naive_reversal,train,1997-02-28,0.07299262522965921
naive_reversal,train,1997-03-31,-0.08153389848958092
naive_reversal,train,1997-04-30,0.10173170575194379
naive_reversal,train,1997-05-30,-0.06399274640907127
naive_reversal,train,1997-06-30,-0.07013185907036414
naive_reversal,train,1997-07-31,0.04236102811938661
naive_reversal,train,1997-08-29,-0.040151926355083065
naive_reversal,train,1997-09-30,-0.024882882576181785
naive_reversal,train,1997-10-31,-0.0052393399710943195
naive_reversal,train,1997-11-28,-0.1497576591907962
naive_reversal,train,1997-12-31,0.0463770280634293
naive_reversal,train,1998-01-30,-0.013540046374010734
naive_reversal,train,1998-02-27,0.028557308835863607
naive_reversal,train,1998-03-31,-0.02503677569518373
naive_reversal,train,1998-04-30,-0.006375977469175306
naive_reversal,train,1998-05-29,-0.03988242513256367
naive_reversal,train,1998-06-30,-0.11912352954697988
naive_reversal,train,1998-07-31,-0.12692815935900165
naive_reversal,train,1998-08-31,0.028239035127677507
naive_reversal,train,1998-09-30,0.10471262095632114
naive_reversal,train,1998-10-30,0.024699810186353782
naive_reversal,train,1998-11-30,-0.08357598594919068
naive_reversal,train,1998-12-31,-0.020422354619739902
naive_reversal,train,1999-01-29,0.03703144412949954
naive_reversal,train,1999-02-26,0.06096886057386299
naive_reversal,train,1999-03-31,0.035243196526263926
naive_reversal,train,1999-04-30,0.10237033828872107
naive_reversal,train,1999-05-28,-0.04237484144684898
naive_reversal,train,1999-06-30,-0.03768180525136166
naive_reversal,train,1999-07-30,-0.06087831457197522
naive_reversal,train,1999-08-31,-0.032900251209234746
naive_reversal,train,1999-09-30,-0.06844046258786425
naive_reversal,train,1999-10-29,-0.03574289501921561
naive_reversal,train,1999-11-30,-0.07315745990066806
naive_reversal,train,1999-12-31,-0.018768619381082305
naive_reversal,train,2000-01-31,-0.18014820219606278
naive_reversal,train,2000-02-29,0.14957763598489032
naive_reversal,train,2000-03-31,0.23763123616890675
naive_reversal,train,2000-04-28,-0.17952852027681365
naive_reversal,train,2000-05-31,0.14345981335151858
naive_reversal,train,2000-06-30,-0.1640559667564196
naive_reversal,train,2000-07-31,-0.053005503519478546
naive_reversal,train,2000-08-31,-0.18136470080609496
naive_reversal,train,2000-09-29,0.027831473054556535
naive_reversal,train,2000-10-31,-0.27772112934430154
naive_reversal,train,2000-11-30,-0.17851830962128698
naive_reversal,train,2000-12-29,0.39721250724961527
naive_reversal,train,2001-01-31,-0.20258719622043664
naive_reversal,train,2001-02-28,0.158753202987678
naive_reversal,train,2001-03-30,0.10293626862230061
naive_reversal,train,2001-04-30,-0.036122678117406756
naive_reversal,train,2001-05-31,-0.00030369584446289695
naive_reversal,train,2001-06-29,-0.02278294143736842
naive_reversal,train,2001-07-31,-0.08682878018159648
naive_reversal,train,2001-08-31,-0.19762144468959023
naive_reversal,train,2001-09-28,0.1258590052939758
naive_reversal,train,2001-10-31,0.24760004462830537
naive_reversal,train,2001-11-30,0.006662210485559218
naive_reversal,train,2001-12-31,0.038627166602903135
naive_reversal,train,2002-01-31,0.0032516171207322346
naive_reversal,train,2002-02-28,0.06386225875538476
naive_reversal,train,2002-03-28,-0.25123257100488844
naive_reversal,train,2002-04-30,0.06569954131318691
naive_reversal,train,2002-05-31,-0.24043965977770723
naive_reversal,train,2002-06-28,-0.09673242751420756
naive_reversal,train,2002-07-31,-0.005540958014218676
naive_reversal,train,2002-08-30,-0.20936410435779362
naive_reversal,train,2002-09-30,0.053260813881981145
naive_reversal,train,2002-10-31,0.2914668903003556
naive_reversal,train,2002-11-29,0.1299682264771768
naive_reversal,train,2002-12-31,0.032846601461738734
naive_reversal,train,2003-01-31,-0.10521361098793773
naive_reversal,train,2003-02-28,-0.015000250498306259
naive_reversal,train,2003-03-31,0.10234483034011661
naive_reversal,train,2003-04-30,0.11808958330448298
naive_reversal,train,2003-05-30,-0.001587316015936729
naive_reversal,train,2003-06-30,-0.05348234819276915
naive_reversal,train,2003-07-31,0.012934191109559746
naive_reversal,train,2003-08-29,0.10019665194012302
naive_reversal,train,2003-09-30,-0.10469991285982708
naive_reversal,train,2003-10-31,0.01825919359262179
naive_reversal,train,2003-11-28,0.07298473628094994
naive_reversal,train,2003-12-31,0.07302452564613664
naive_reversal,train,2004-01-30,-0.069219086281085
naive_reversal,train,2004-02-27,0.088468300122275
naive_reversal,train,2004-03-31,-0.030154276532677136
naive_reversal,train,2004-04-30,-0.04367940814917842
naive_reversal,train,2004-05-28,-0.07730912670460997
naive_reversal,train,2004-06-30,-0.03053312397311473
naive_reversal,train,2004-07-30,0.09452478337734622
naive_reversal,train,2004-08-31,-0.021645703137794722
naive_reversal,train,2004-09-30,-0.007433423655000564
naive_reversal,train,2004-10-29,-0.04227774297183057
naive_reversal,train,2004-11-30,0.020300792897698452
naive_reversal,train,2004-12-31,0.0922283901338166
naive_reversal,train,2005-01-31,0.05722857613584873
naive_reversal,train,2005-02-28,-0.05604681165253901
naive_reversal,train,2005-03-31,0.010877326384481991
naive_reversal,train,2005-04-29,0.022975743785857313
naive_reversal,train,2005-05-31,-0.003319772481464435
naive_reversal,train,2005-06-30,-0.08635131179423074
naive_reversal,train,2005-07-29,-0.042609859225463974
naive_reversal,train,2005-08-31,-0.07345854394087958
naive_reversal,train,2005-09-30,0.034730329005747754
naive_reversal,train,2005-10-31,-0.01827989753982476
naive_reversal,train,2005-11-30,0.018815382371614505
naive_reversal,train,2005-12-30,-0.06976087714797505
naive_reversal,train,2006-01-31,-7.403499252647041e-05
naive_reversal,train,2006-02-28,-0.08578254671816359
naive_reversal,train,2006-03-31,0.05311059078186084
naive_reversal,train,2006-04-28,0.08115460295774117
naive_reversal,train,2006-05-31,-0.02512493132492166
naive_reversal,train,2006-06-30,-0.16673012352440836
naive_reversal,train,2006-07-31,0.04715791786887685
naive_reversal,train,2006-08-31,-0.002183102288323485
naive_reversal,train,2006-09-29,0.01610662460315991
naive_reversal,train,2006-10-31,0.0009397213915852704
naive_reversal,train,2006-11-30,0.006631955786753587
naive_reversal,train,2006-12-29,-0.008021362325328617
naive_reversal,train,2007-01-31,0.028661030332699098
naive_reversal,train,2007-02-28,-0.025818600380702873
naive_reversal,train,2007-03-30,-0.037610313645672085
naive_reversal,train,2007-04-30,-0.09112843140507672
naive_reversal,train,2007-05-31,-0.03924639208439359
naive_reversal,train,2007-06-29,0.004853397896900409
naive_reversal,train,2007-07-31,0.02344645215187988
naive_reversal,train,2007-08-31,-0.1351841351650934
naive_reversal,train,2007-09-28,-0.03791310678434192
naive_reversal,train,2007-10-31,-0.019650453981834556
naive_reversal,train,2007-11-30,-0.11876352978930313
naive_reversal,train,2007-12-31,-0.06873532840520459
naive_reversal,train,2008-01-31,-0.0719556162333488
naive_reversal,train,2008-02-29,-0.0782693558542
naive_reversal,train,2008-03-31,-0.0391692394890171
naive_reversal,train,2008-04-30,0.05237820765763875
naive_reversal,train,2008-05-30,-0.06408773300493661
naive_reversal,train,2008-06-30,0.07370697490127041
naive_reversal,train,2008-07-31,0.11914552656293524
naive_reversal,train,2008-08-29,-0.2535461396686944
naive_reversal,train,2008-09-30,-0.06999280048121968
naive_reversal,train,2008-10-31,-0.1689080499667172
naive_reversal,train,2008-11-28,0.08223426884724014
naive_reversal,train,2008-12-31,0.004556837948907988
naive_reversal,train,2009-01-30,0.03436427334315629
naive_reversal,train,2009-02-27,0.19858794266480406
naive_reversal,train,2009-03-31,0.24884312417946916
naive_reversal,train,2009-04-30,-0.02864489238097898
naive_reversal,train,2009-05-29,0.06605022051157236
naive_reversal,train,2009-06-30,-0.04408018767946568
naive_reversal,train,2009-07-31,0.06344252550127231
naive_reversal,train,2009-08-31,-0.06358164830482298
naive_reversal,train,2009-09-30,0.050438438249184654
naive_reversal,train,2009-10-30,-0.10988207147294776
naive_reversal,train,2009-11-30,0.11488975195082106
naive_reversal,train,2009-12-31,0.16493455763059528
naive_reversal,train,2010-01-29,-0.10022460348717721
naive_reversal,train,2010-02-26,0.10995377082379469
naive_reversal,train,2010-03-31,-0.03645956640141037
naive_reversal,train,2010-04-30,0.11100013616729204
naive_reversal,train,2010-05-28,0.13832290062175168
naive_reversal,train,2010-06-30,0.23485038428355798
naive_reversal,train,2010-07-30,-0.3206209966171295
naive_reversal,train,2010-08-31,-0.21485730030151484
naive_reversal,train,2010-09-30,0.06306813782424701
naive_reversal,train,2010-10-29,-0.15228670323682825
naive_reversal,train,2010-11-30,-0.09088207688148894
naive_reversal,validation,2010-12-31,0.03563614426025908
naive_reversal,validation,2011-01-31,-0.11978404118428612
naive_reversal,validation,2011-02-28,0.043366683189078464
naive_reversal,validation,2011-03-31,-0.04640461690442946
naive_reversal,validation,2011-04-29,-0.03190585109379206
naive_reversal,validation,2011-05-31,-0.03423713822234403
naive_reversal,validation,2011-06-30,-0.02159640722955192
naive_reversal,validation,2011-07-29,-0.19882356058266912
naive_reversal,validation,2011-08-31,-0.07062389564218444
naive_reversal,validation,2011-09-30,0.3223984772189812
naive_reversal,validation,2011-10-31,-0.19117609443655442
naive_reversal,validation,2011-11-30,0.05897980607401285
naive_reversal,validation,2011-12-30,0.20753386696857062
naive_reversal,validation,2012-01-31,0.07080257944612116
naive_reversal,validation,2012-02-29,-0.018915679852333615
naive_reversal,validation,2012-03-30,0.00824304743479672
naive_reversal,validation,2012-04-30,-0.06464287978379471
naive_reversal,validation,2012-05-31,0.051017086043366536
naive_reversal,validation,2012-06-29,-0.1014745180477571
naive_reversal,validation,2012-07-31,-0.028041111042431573
naive_reversal,validation,2012-08-31,0.04285601112294652
naive_reversal,validation,2012-09-28,0.007827785354953314
naive_reversal,validation,2012-10-31,0.00442401128764274
naive_reversal,validation,2012-11-30,-0.0043060352549704585
naive_reversal,validation,2012-12-31,-0.0032595160231586886
naive_reversal,validation,2013-01-31,-0.02072478221132798
naive_reversal,validation,2013-02-28,-0.15811910911840807
naive_reversal,validation,2013-03-28,-0.053885339632463954
naive_reversal,validation,2013-04-30,-0.12214654567947013
naive_reversal,validation,2013-05-31,-0.047183670299985596
naive_reversal,validation,2013-06-28,-0.24910103239220743
naive_reversal,validation,2013-07-31,0.005068784113696076
naive_reversal,validation,2013-08-30,-0.1286478353265772
naive_reversal,validation,2013-09-30,0.08859011357998273
naive_reversal,validation,2013-10-31,-0.08688524233656025
naive_reversal,validation,2013-11-29,-0.041284911247160216
naive_reversal,validation,2013-12-31,0.1581091442443287
naive_reversal,validation,2014-01-31,-0.05402643460676596
naive_reversal,validation,2014-02-28,0.13178009678985714
naive_reversal,validation,2014-03-31,0.03809803146720366
naive_reversal,validation,2014-04-30,-0.030783357572415484
naive_reversal,validation,2014-05-30,0.11093859910471726
naive_reversal,validation,2014-06-30,-0.03624177773942406
naive_reversal,validation,2014-07-31,-0.1093780673393797
naive_reversal,validation,2014-08-29,-0.19795931105922504
naive_reversal,validation,2014-09-30,-0.13502836059750978
naive_reversal,validation,2014-10-31,-0.15786200888410873
naive_reversal,validation,2014-11-28,-0.28138675305521393
naive_reversal,validation,2014-12-31,-0.09770949426430449
naive_reversal,validation,2015-01-30,0.09310240603004809
naive_reversal,validation,2015-02-27,-0.06117779377584993
naive_reversal,validation,2015-03-31,-0.022266803169451302
naive_reversal,validation,2015-04-30,-0.1507143880173833
naive_reversal,validation,2015-05-29,0.13637305102811512
naive_reversal,validation,2015-06-30,-0.21552971399626833
naive_reversal,validation,2015-07-31,-0.025922297515405906
naive_reversal,validation,2015-08-31,-0.2718942070677681
naive_reversal,validation,2015-09-30,0.1570924659948157
naive_reversal,validation,2015-10-30,-0.05413706161970653
naive_reversal,validation,2015-11-30,0.09314932559054659
naive_reversal,test,2015-12-31,0.07431417194601161
naive_reversal,test,2016-01-29,-0.02837693370028842
naive_reversal,test,2016-02-29,0.2222858026366964
naive_reversal,test,2016-03-31,0.06336290383670261
naive_reversal,test,2016-04-29,-0.0021904890146552084
naive_reversal,test,2016-05-31,-0.03554289856490683
naive_reversal,test,2016-06-30,-0.010463059420152788
naive_reversal,test,2016-07-29,0.15571419227620018
naive_reversal,test,2016-08-31,-0.060469415497690734
naive_reversal,test,2016-09-30,-0.0802819834528855
naive_reversal,test,2016-10-31,-0.025363194094026507
naive_reversal,test,2016-11-30,-0.10216365575484218
naive_reversal,test,2016-12-30,0.17811002932465725
naive_reversal,test,2017-01-31,-0.004282045585271778
naive_reversal,test,2017-02-28,-0.09047017589842807
naive_reversal,test,2017-03-31,-0.10625970008454058
naive_reversal,test,2017-04-28,-0.17568252878350776
naive_reversal,test,2017-05-31,0.0027470666740442937
naive_reversal,test,2017-06-30,-0.11177658185452759
naive_reversal,test,2017-07-31,0.006669305044944988
naive_reversal,test,2017-08-31,0.039996409630303056
naive_reversal,test,2017-09-29,-0.12296810758634927
naive_reversal,test,2017-10-31,-0.12896638545915465
naive_reversal,test,2017-11-30,0.012917404610310726
naive_reversal,test,2017-12-29,-0.03122147311052839
naive_reversal,test,2018-01-31,0.05986342446463446
naive_reversal,test,2018-02-28,0.1324602536819058
naive_reversal,test,2018-03-29,0.07705698530948986
naive_reversal,test,2018-04-30,-0.04872870627139629
naive_reversal,test,2018-05-31,-0.05895787779838482
naive_reversal,test,2018-06-29,0.02391607543522414
naive_reversal,test,2018-07-31,-0.15205856454254427
naive_reversal,test,2018-08-31,-0.10502300319765831
naive_reversal,test,2018-09-28,0.06428335062356703
naive_reversal,test,2018-10-31,0.008032045606987311
naive_reversal,test,2018-11-30,-0.38235085421279924
naive_reversal,test,2018-12-31,0.05255377179846634
naive_reversal,test,2019-01-31,0.19130333691362086
naive_reversal,test,2019-02-28,0.044712517536130446
naive_reversal,test,2019-03-29,-0.13639636923072462
naive_reversal,test,2019-04-30,-0.1639113729655485
naive_reversal,test,2019-05-31,-0.1766891901528979
naive_reversal,test,2019-06-28,-0.10030052627855189
naive_reversal,test,2019-07-31,0.11433444336140462
naive_reversal,test,2019-08-30,0.03574894774174721
naive_reversal,test,2019-09-30,-0.005198582451899935
naive_reversal,test,2019-10-31,-0.05552320546551351
naive_reversal,test,2019-11-29,-0.007680050141216005
naive_reversal,test,2019-12-31,0.04982679185284783
naive_reversal,test,2020-01-31,0.14687374349543164
naive_reversal,test,2020-02-28,-0.18084078580211765
naive_reversal,test,2020-03-31,0.2586333620546201
naive_reversal,test,2020-04-30,0.0713358898903169
naive_reversal,test,2020-05-29,-0.04828690310166136
naive_reversal,test,2020-06-30,-0.19549976463918925
naive_reversal,test,2020-07-31,-0.04310730125051659
naive_reversal,test,2020-08-31,-0.03643428044945698
naive_reversal,test,2020-09-30,-0.015567855631770964
naive_reversal,test,2020-10-30,0.22837801165104868
naive_reversal,test,2020-11-30,-0.03899198827127006
naive_reversal,test,2020-12-31,-0.07787520350575514
naive_reversal,test,2021-01-29,-0.13618392387752057
naive_reversal,test,2021-02-26,0.1505553669738387
naive_reversal,test,2021-03-31,-0.09210971800105967
naive_reversal,test,2021-04-30,-0.2440205279549759
naive_reversal,test,2021-05-28,0.03749546085137981
naive_reversal,test,2021-06-30,-0.07215340122710572
naive_reversal,test,2021-07-30,-0.012773746611817094
naive_reversal,test,2021-08-31,-0.007399987519693632
naive_reversal,test,2021-09-30,-0.1266064530417703
naive_reversal,test,2021-10-29,-0.11066159086642466
naive_reversal,test,2021-11-30,-0.16574026146680998
naive_reversal,test,2021-12-31,-0.10716604810421904
naive_reversal,test,2022-01-31,-0.06209246854200193
naive_reversal,test,2022-02-28,-0.026996620902731874
naive_reversal,test,2022-03-31,-0.16697623553584193
naive_reversal,test,2022-04-29,0.018598809627264682
naive_reversal,test,2022-05-31,-0.1986405612950747
naive_reversal,test,2022-06-30,-0.038555710788937436
naive_reversal,test,2022-07-29,-0.11146531850191771
naive_reversal,test,2022-08-31,0.16734449250648806
naive_reversal,test,2022-09-30,0.058489093007930565
naive_reversal,test,2022-10-31,0.07534415731675777
naive_reversal,test,2022-11-30,0.12044718728560895
naive_reversal,test,2022-12-30,-0.012546151081987606
naive_reversal,test,2023-01-31,-0.15738955555447262
naive_reversal,test,2023-02-28,0.09383371388734212
naive_reversal,test,2023-03-31,-0.027283573485579436
naive_reversal,test,2023-04-28,-0.10763809732155831
naive_reversal,test,2023-05-31,0.01756905246315024
naive_reversal,test,2023-06-30,0.11777207695296811
naive_reversal,test,2023-07-31,0.015695552689202634
naive_reversal,test,2023-08-31,0.017133242914601405
naive_reversal,test,2023-09-29,-0.2630705631661628
naive_reversal,test,2023-10-31,0.225346535864806
naive_reversal,test,2023-11-30,0.261920150951868
naive_reversal,test,2023-12-29,-0.012463264758553446
naive_reversal,test,2024-01-31,-0.07889678929188429
naive_reversal,test,2024-02-29,-0.02328520501615207
naive_reversal,test,2024-03-28,0.09948486188401692
naive_reversal,test,2024-04-30,-0.13347685266390796
naive_reversal,test,2024-05-31,-0.05270516473508638
naive_reversal,test,2024-06-28,-0.08019209835047282
naive_reversal,test,2024-07-31,-0.18211623022668555
naive_reversal,test,2024-08-30,0.03431989043382301
naive_reversal,test,2024-09-30,-0.048104420989949256
naive_reversal,test,2024-10-31,-0.02585823213166604
naive_reversal,test,2024-11-29,-0.038104066911680834
ridge,train,1990-01-31,0.004600095190874257
ridge,train,1990-02-28,0.06089863329523487
ridge,train,1990-03-30,0.0038824342301374626
ridge,train,1990-04-30,-0.004699107813282472
ridge,train,1990-05-31,-0.013300560017647635
ridge,train,1990-06-29,-0.0132577541236547
ridge,train,1990-07-31,7.765622350906126e-05
ridge,train,1990-08-31,-0.024263572882637818
ridge,train,1990-09-28,-0.07692166421850069
ridge,train,1990-10-31,0.011103120383792716
ridge,train,1990-11-30,0.009921832988240332
ridge,train,1990-12-31,0.13647455659379273
ridge,train,1991-01-31,0.08203885774473747
ridge,train,1991-02-28,-0.023117371666305647
ridge,train,1991-03-28,0.0023987499070253844
ridge,train,1991-04-30,-0.03655101128172738
ridge,train,1991-05-31,-0.030074408477303142
ridge,train,1991-06-28,-0.027081649289337085
ridge,train,1991-07-31,-0.023508291604766616
ridge,train,1991-08-30,-0.049329376767506934
ridge,train,1991-09-30,-0.0222727295669327
ridge,train,1991-10-31,-0.03030998116029536
ridge,train,1991-11-29,-0.11646209749069637
ridge,train,1991-12-31,0.2206016858562971
ridge,train,1992-01-31,0.07010912021229959
ridge,train,1992-02-28,-0.06446050146279278
ridge,train,1992-03-31,-0.1627802802061252
ridge,train,1992-04-30,-0.02742371341068184
ridge,train,1992-05-29,-0.13078162650494765
ridge,train,1992-06-30,-0.022964919498006362
ridge,train,1992-07-31,-0.11383355407857376
ridge,train,1992-08-31,-0.024639641868584035
ridge,train,1992-09-30,0.027852143441985548
ridge,train,1992-10-30,0.020282707233311076
ridge,train,1992-11-30,-0.0067342203703974444
ridge,train,1992-12-31,0.0746934515471811
ridge,train,1993-01-29,-0.08382516627454631
ridge,train,1993-02-26,-0.06223518657286241
ridge,train,1993-03-31,-0.0780934534744329
ridge,train,1993-04-30,0.01742955505886715
ridge,train,1993-05-28,-0.043246642677363854
ridge,train,1993-06-30,-0.03475112474632533
ridge,train,1993-07-30,-0.030678080018009615
ridge,train,1993-08-31,0.005841057724315587
ridge,train,1993-09-30,0.04069145411958786
ridge,train,1993-10-29,-0.0016757562342395711
ridge,train,1993-11-30,-0.07340053417376445
ridge,train,1993-12-31,0.035851589066322444
ridge,train,1994-01-31,0.0245369645525717
ridge,train,1994-02-28,0.002993293762497275
ridge,train,1994-03-31,-0.09241661362471006
ridge,train,1994-04-29,-0.01640984928376413
ridge,train,1994-05-31,-0.04888703172970775
ridge,train,1994-06-30,-0.008062410924525844
ridge,train,1994-07-29,-0.023185974971235104
ridge,train,1994-08-31,0.0704887185666478
ridge,train,1994-09-30,-0.04259959189998389
ridge,train,1994-10-31,-0.01984782901928141
ridge,train,1994-11-30,-0.11375564647048092
ridge,train,1994-12-30,0.07070658687986314
ridge,train,1995-01-31,-0.05243207114143347
ridge,train,1995-02-28,-0.008766238428625886
ridge,train,1995-03-31,-0.024125554218822245
ridge,train,1995-04-28,-0.03791466874931559
ridge,train,1995-05-31,0.020110082209523865
ridge,train,1995-06-30,-0.012431091575084503
ridge,train,1995-07-31,0.05776407682949765
ridge,train,1995-08-31,0.016766176945367122
ridge,train,1995-09-29,-0.029352732667285348
ridge,train,1995-10-31,-0.11055747624077816
ridge,train,1995-11-30,-0.06438661384622471
ridge,train,1995-12-29,-0.006347736818252684
ridge,train,1996-01-31,0.004085555068469386
ridge,train,1996-02-29,-0.011760802923644878
ridge,train,1996-03-29,-0.00502159275412914
ridge,train,1996-04-30,0.03258793238856236
ridge,train,1996-05-31,0.05198135032763243
ridge,train,1996-06-28,0.058269045577476856
ridge,train,1996-07-31,-0.012593721653900799
ridge,train,1996-08-30,-0.04724827136611854
ridge,train,1996-09-30,-0.058027257239324774
ridge,train,1996-10-31,-0.03513471188256457
ridge,train,1996-11-29,-0.0570838768609647
ridge,train,1996-12-31,0.07042026780430144
ridge,train,1997-01-31,0.019839377146247346
ridge,train,1997-02-28,-0.0013272275639322055
ridge,train,1997-03-31,-0.04380692383860388
ridge,train,1997-04-30,0.018273368171822544
ridge,train,1997-05-30,-0.009294247997977437
ridge,train,1997-06-30,-0.029634582251317605
ridge,train,1997-07-31,0.1153379405355987
ridge,train,1997-08-29,-0.0020812894856719315
ridge,train,1997-09-30,0.06715881938318613
ridge,train,1997-10-31,0.02092224483182587
ridge,train,1997-11-28,-0.035974317291548034
ridge,train,1997-12-31,0.023039253243068634
ridge,train,1998-01-30,0.015717875280128944
ridge,train,1998-02-27,-0.03569799812930223
ridge,train,1998-03-31,0.03646734769405239
ridge,train,1998-04-30,0.004414025485928664
ridge,train,1998-05-29,-0.024162935441491423
ridge,train,1998-06-30,-0.006075178109430426
ridge,train,1998-07-31,-0.03533066657649073
ridge,train,1998-08-31,-0.020130153976162607
ridge,train,1998-09-30,0.005277440075723324
ridge,train,1998-10-30,0.0023307626820824783
ridge,train,1998-11-30,-0.07073166374579973
ridge,train,1998-12-31,0.06214357044775215
ridge,train,1999-01-29,0.024343361413759874
ridge,train,1999-02-26,-0.08541108559145501
ridge,train,1999-03-31,-0.0014675680314910787
ridge,train,1999-04-30,0.11598074031399654
ridge,train,1999-05-28,0.0027963507413419726
ridge,train,1999-06-30,0.06141954652088868
ridge,train,1999-07-30,-0.023370588861485492
ridge,train,1999-08-31,-0.00935555092978968
ridge,train,1999-09-30,-0.0565501302079583
ridge,train,1999-10-29,0.01721298247356625
ridge,train,1999-11-30,-0.04533041412686411
ridge,train,1999-12-31,0.047770487811630236
ridge,train,2000-01-31,-0.002249677698843092
ridge,train,2000-02-29,0.11750667922219037
ridge,train,2000-03-31,0.2132267117834807
ridge,train,2000-04-28,0.07428670667906619
ridge,train,2000-05-31,-0.07527930271883869
ridge,train,2000-06-30,-0.11503190445611283
ridge,train,2000-07-31,0.043274297557430466
ridge,train,2000-08-31,-0.12978619562814342
ridge,train,2000-09-29,0.08326870008140565
ridge,train,2000-10-31,-0.017310658096655426
ridge,train,2000-11-30,-0.1070690343388039
ridge,train,2000-12-29,0.27562775396241224
ridge,train,2001-01-31,-0.06010251494180148
ridge,train,2001-02-28,-0.056681474185039105
ridge,train,2001-03-30,0.020706359236658596
ridge,train,2001-04-30,0.012145403756649418
ridge,train,2001-05-31,0.016318473676899457
ridge,train,2001-06-29,0.021939199662986037
ridge,train,2001-07-31,-0.09786252698780577
ridge,train,2001-08-31,-0.03422958113142447
ridge,train,2001-09-28,0.06711579871522262
ridge,train,2001-10-31,0.11808573749752614
ridge,train,2001-11-30,0.04702366963514489
ridge,train,2001-12-31,0.046219362167429584
ridge,train,2002-01-31,0.0027341235771400803
ridge,train,2002-02-28,0.083356176955146
ridge,train,2002-03-28,0.024768993979873796
ridge,train,2002-04-30,-0.1003134779449218
ridge,train,2002-05-31,-0.20981540843846883
ridge,train,2002-06-28,-0.11951225581427172
ridge,train,2002-07-31,-0.04827323973422961
ridge,train,2002-08-30,-0.14827961406951842
ridge,train,2002-09-30,0.12433567134490897
ridge,train,2002-10-31,0.16989202057047373
ridge,train,2002-11-29,-0.10339549465131757
ridge,train,2002-12-31,0.015145091891175345
ridge,train,2003-01-31,-0.03557222052052186
ridge,train,2003-02-28,-0.019109050562053746
ridge,train,2003-03-31,0.07777613168423626
ridge,train,2003-04-30,0.13310670686264284
ridge,train,2003-05-30,0.07536435958273667
ridge,train,2003-06-30,0.12444036149751908
ridge,train,2003-07-31,0.054248269496767004
ridge,train,2003-08-29,0.041265312306358055
ridge,train,2003-09-30,0.031045405342042916
ridge,train,2003-10-31,0.008269670044034283
ridge,train,2003-11-28,-0.10246311134687423
ridge,train,2003-12-31,0.11701714163145373
ridge,train,2004-01-30,-0.10720922743016553
ridge,train,2004-02-27,-0.045066011108907525
ridge,train,2004-03-31,0.031106464941868875
ridge,train,2004-04-30,-0.011178600426804255
ridge,train,2004-05-28,-0.028460132221897305
ridge,train,2004-06-30,-0.1617446787736666
ridge,train,2004-07-30,-0.11398984032481756
ridge,train,2004-08-31,0.0474012168272693
ridge,train,2004-09-30,-0.02981159910074426
ridge,train,2004-10-29,0.14073119704364034
ridge,train,2004-11-30,0.077312810016866
ridge,train,2004-12-31,-0.08358182154736869
ridge,train,2005-01-31,0.004911395563284894
ridge,train,2005-02-28,-0.0029907226652631583
ridge,train,2005-03-31,-0.14803194480655418
ridge,train,2005-04-29,0.07449465527268614
ridge,train,2005-05-31,-0.00797548462290896
ridge,train,2005-06-30,0.06943004304666311
ridge,train,2005-07-29,-0.05003985379476839
ridge,train,2005-08-31,0.043852649673471314
ridge,train,2005-09-30,0.029935994944258613
ridge,train,2005-10-31,-0.03189364719861281
ridge,train,2005-11-30,-0.04946558031277293
ridge,train,2005-12-30,0.060447756719380054
ridge,train,2006-01-31,-0.037309418883210925
ridge,train,2006-02-28,0.05470315365821043
ridge,train,2006-03-31,0.03403448113708619
ridge,train,2006-04-28,-0.006094590611422055
ridge,train,2006-05-31,-0.034963493614705216
ridge,train,2006-06-30,-0.12959221561589473
ridge,train,2006-07-31,-0.03706578821165536
ridge,train,2006-08-31,-0.008607340432164776
ridge,train,2006-09-29,0.05254332206412261
ridge,train,2006-10-31,0.010552989630675871
ridge,train,2006-11-30,-0.012974743462215313
ridge,train,2006-12-29,-0.00559640035869662
ridge,train,2007-01-31,0.022166805173179965
ridge,train,2007-02-28,-0.022940485025565477
ridge,train,2007-03-30,-0.013438925771901696
ridge,train,2007-04-30,0.028328628744043738
ridge,train,2007-05-31,0.08348955276859611
ridge,train,2007-06-29,-0.006595957528318699
ridge,train,2007-07-31,-0.06021258670001479
ridge,train,2007-08-31,-0.10570456245596263
ridge,train,2007-09-28,0.005034750293756515
ridge,train,2007-10-31,-0.08081319439005567
ridge,train,2007-11-30,-0.026392500003485194
ridge,train,2007-12-31,-0.03876024205506858
ridge,train,2008-01-31,0.05718641153390789
ridge,train,2008-02-29,-0.005193172321498523
ridge,train,2008-03-31,-0.042555676606756
ridge,train,2008-04-30,0.06770138466732965
ridge,train,2008-05-30,-0.05656897386542788
ridge,train,2008-06-30,-0.003798062240056057
ridge,train,2008-07-31,0.06210255383845429
ridge,train,2008-08-29,-0.019704167993971813
ridge,train,2008-09-30,-0.07104239065541028
ridge,train,2008-10-31,-0.10514807632315576
ridge,train,2008-11-28,0.042439916066504976
ridge,train,2008-12-31,0.08641273705885817
ridge,train,2009-01-30,-0.14851248913411963
ridge,train,2009-02-27,0.14843869247276373
ridge,train,2009-03-31,0.08612191500752796
ridge,train,2009-04-30,-0.07052549670909224
ridge,train,2009-05-29,0.03481780472068607
ridge,train,2009-06-30,0.009027909717737355
ridge,train,2009-07-31,-0.05264165850773644
ridge,train,2009-08-31,-0.05374068396463773
ridge,train,2009-09-30,-0.09945044013080466
ridge,train,2009-10-30,-0.07138068435673807
ridge,train,2009-11-30,0.10672077226980235
ridge,train,2009-12-31,0.011707359847049594
ridge,train,2010-01-29,0.06280162209321061
ridge,train,2010-02-26,0.14194957943526523
ridge,train,2010-03-31,0.13791292873364755
ridge,train,2010-04-30,-0.07365187843274837
ridge,train,2010-05-28,-0.14626257893852124
ridge,train,2010-06-30,0.04439331775480268
ridge,train,2010-07-30,-0.20217003166389097
ridge,train,2010-08-31,0.17956246914000243
ridge,train,2010-09-30,0.12305725152170903
ridge,train,2010-10-29,0.14161964015608158
ridge,train,2010-11-30,0.12400837508931974
ridge,validation,2010-12-31,-0.01355159515000588
ridge,validation,2011-01-31,0.013815917227284513
ridge,validation,2011-02-28,-0.02055656393785517
ridge,validation,2011-03-31,-0.0747506932237452
ridge,validation,2011-04-29,-0.14125359478620195
ridge,validation,2011-05-31,-0.041448107347002126
ridge,validation,2011-06-30,-0.03424779849586714
ridge,validation,2011-07-29,-0.2170468073599383
ridge,validation,2011-08-31,-0.17777223870216782
ridge,validation,2011-09-30,0.19031571759045027
ridge,validation,2011-10-31,-0.09042363752372587
ridge,validation,2011-11-30,-0.0719908000129163
ridge,validation,2011-12-30,0.23165776427181553
ridge,validation,2012-01-31,-0.01991927844077759
ridge,validation,2012-02-29,0.03939281194510099
ridge,validation,2012-03-30,-0.10741253314926125
ridge,validation,2012-04-30,-0.1815111705458784
ridge,validation,2012-05-31,0.016368723850325954
ridge,validation,2012-06-29,-0.08269177115829426
ridge,validation,2012-07-31,0.06264064815766708
ridge,validation,2012-08-31,0.08583539850403218
ridge,validation,2012-09-28,-0.06932570147065174
ridge,validation,2012-10-31,-0.02803167456279538
ridge,validation,2012-11-30,0.027633621040026264
ridge,validation,2012-12-31,0.1013682523830574
ridge,validation,2013-01-31,0.013118536783994182
ridge,validation,2013-02-28,0.035185226470052726
ridge,validation,2013-03-28,-0.1465687024860272
ridge,validation,2013-04-30,0.13230164401300373
ridge,validation,2013-05-31,-0.02112429170310992
ridge,validation,2013-06-28,0.13820390751930484
ridge,validation,2013-07-31,-0.005009978113729732
ridge,validation,2013-08-30,0.0007043194948621446
ridge,validation,2013-09-30,0.05971982894255907
ridge,validation,2013-10-31,0.0728527931608305
ridge,validation,2013-11-29,0.03392601588241053
ridge,validation,2013-12-31,-0.017591345041365614
ridge,validation,2014-01-31,0.0069100217143830064
ridge,validation,2014-02-28,0.036674417371291554
ridge,validation,2014-03-31,-0.13145399325288382
ridge,validation,2014-04-30,-0.029746613040380742
ridge,validation,2014-05-30,0.03371641594457877
ridge,validation,2014-06-30,-0.11943881082711065
ridge,validation,2014-07-31,0.013360198761297442
ridge,validation,2014-08-29,-0.12383260435226226
ridge,validation,2014-09-30,0.08839633515911263
ridge,validation,2014-10-31,-0.04340048780625034
ridge,validation,2014-11-28,-0.004096967516672029
ridge,validation,2014-12-31,-0.1680650373610676
ridge,validation,2015-01-30,0.07530403644240859
ridge,validation,2015-02-27,-0.015046476167639058
ridge,validation,2015-03-31,0.017046580931038755
ridge,validation,2015-04-30,0.00796694657155972
ridge,validation,2015-05-29,0.13014375744439607
ridge,validation,2015-06-30,-0.14317156119833235
ridge,validation,2015-07-31,0.019010441866052434
ridge,validation,2015-08-31,-0.17382574283437152
ridge,validation,2015-09-30,0.07218642018106998
ridge,validation,2015-10-30,-0.04373267523452757
ridge,validation,2015-11-30,-0.12424779072948203
ridge,test,2015-12-31,-0.1434158002456294
ridge,test,2016-01-29,-0.006140427946471735
ridge,test,2016-02-29,0.05555666204624413
ridge,test,2016-03-31,-0.005837863802737514
ridge,test,2016-04-29,0.025464086603756292
ridge,test,2016-05-31,-0.12565064393978698
ridge,test,2016-06-30,0.05111740832030599
ridge,test,2016-07-29,0.054848316168330774
ridge,test,2016-08-31,0.04015521206330647
ridge,test,2016-09-30,-0.07170941664387684
ridge,test,2016-10-31,0.18808682448074776
ridge,test,2016-11-30,0.015933796061294147
ridge,test,2016-12-30,0.02081225943815315
ridge,test,2017-01-31,0.0036754376500049897
ridge,test,2017-02-28,0.030344615937705655
ridge,test,2017-03-31,-0.026871575700586084
ridge,test,2017-04-28,-0.11868390453555401
ridge,test,2017-05-31,0.10344105299414287
ridge,test,2017-06-30,-0.0882234742056182
ridge,test,2017-07-31,-0.08465565702149758
ridge,test,2017-08-31,0.21554031936982662
ridge,test,2017-09-29,-0.0011934550653878522
ridge,test,2017-10-31,0.05840084167559391
ridge,test,2017-11-30,-0.02739279789170031
ridge,test,2017-12-29,0.053933765722946905
ridge,test,2018-01-31,-0.07844866022004758
ridge,test,2018-02-28,0.03151030177069878
ridge,test,2018-03-29,-0.0026593008461443593
ridge,test,2018-04-30,0.06998105507495203
ridge,test,2018-05-31,-0.012292189996794859
ridge,test,2018-06-29,0.06038570743771541
ridge,test,2018-07-31,-0.008968519525865
ridge,test,2018-08-31,-0.04184025546447767
ridge,test,2018-09-28,-0.09866731488268869
ridge,test,2018-10-31,-0.07487415980718488
ridge,test,2018-11-30,-0.23728124507198162
ridge,test,2018-12-31,0.13387964305229366
ridge,test,2019-01-31,0.16986283858523982
ridge,test,2019-02-28,-0.12410543189739975
ridge,test,2019-03-29,0.05520071635838924
ridge,test,2019-04-30,-0.038852451551313553
ridge,test,2019-05-31,0.05831654951289228
ridge,test,2019-06-28,-0.03220931381819892
ridge,test,2019-07-31,-0.1956954992478686
ridge,test,2019-08-30,0.1268150488264381
ridge,test,2019-09-30,-0.06130808205842818
ridge,test,2019-10-31,0.08151263828035998
ridge,test,2019-11-29,0.025791164352564122
ridge,test,2019-12-31,-0.12254937774757929
ridge,test,2020-01-31,-0.13837022980684865
ridge,test,2020-02-28,-0.1053361417032597
ridge,test,2020-03-31,0.1282670351815349
ridge,test,2020-04-30,0.011467986618261327
ridge,test,2020-05-29,0.03497773448274687
ridge,test,2020-06-30,-0.061970104007632046
ridge,test,2020-07-31,-0.023532776553979062
ridge,test,2020-08-31,-0.0877513791310989
ridge,test,2020-09-30,0.016887048672272337
ridge,test,2020-10-30,0.26108086916738893
ridge,test,2020-11-30,0.064723934089378
ridge,test,2020-12-31,0.11523035062616964
ridge,test,2021-01-29,0.09244844240849269
ridge,test,2021-02-26,0.10058002814006128
ridge,test,2021-03-31,-0.02159531721984396
ridge,test,2021-04-30,0.025019427631756557
ridge,test,2021-05-28,-0.008151669660293206
ridge,test,2021-06-30,-0.15018049833559105
ridge,test,2021-07-30,-0.017276316620568024
ridge,test,2021-08-31,0.03132163091831884
ridge,test,2021-09-30,0.05492825086708718
ridge,test,2021-10-29,-0.08730107713681971
ridge,test,2021-11-30,0.038426763471364575
ridge,test,2021-12-31,-0.03324132646785486
ridge,test,2022-01-31,0.08605121784482464
ridge,test,2022-02-28,0.023903724500357094
ridge,test,2022-03-31,-0.029171410768187002
ridge,test,2022-04-29,-0.021974095493331947
ridge,test,2022-05-31,-0.03583131859822333
ridge,test,2022-06-30,0.062216135881386435
ridge,test,2022-07-29,-0.025372011752667206
ridge,test,2022-08-31,-0.040809135768917655
ridge,test,2022-09-30,0.21855339656838735
ridge,test,2022-10-31,-0.004462883522029497
ridge,test,2022-11-30,-0.0777860048472347
ridge,test,2022-12-30,0.13137395609555116
ridge,test,2023-01-31,-0.01347670239920371
ridge,test,2023-02-28,-0.19176666930270428
ridge,test,2023-03-31,-0.08761162275140627
ridge,test,2023-04-28,-0.07619136364668257
ridge,test,2023-05-31,0.1538248973171363
ridge,test,2023-06-30,0.09416287056054351
ridge,test,2023-07-31,-0.2108504946001318
ridge,test,2023-08-31,-0.054309415639332795
ridge,test,2023-09-29,-0.0921170597163004
ridge,test,2023-10-31,0.03853419706164872
ridge,test,2023-11-30,0.20721052999689143
ridge,test,2023-12-29,-0.16900500824442014
ridge,test,2024-01-31,0.07491375845739144
ridge,test,2024-02-29,0.027098331655909875
ridge,test,2024-03-28,0.0050828896067310995
ridge,test,2024-04-30,0.0324088261698859
ridge,test,2024-05-31,-0.07673566552025413
ridge,test,2024-06-28,0.16164951013869988
ridge,test,2024-07-31,-0.16599314794412864
ridge,test,2024-08-30,-0.030706446631529386
ridge,test,2024-09-30,-0.06488670655194458
ridge,test,2024-10-31,0.015208107214693407
ridge,test,2024-11-29,-0.14997538446698191
elastic_net,train,1990-01-31,
elastic_net,train,1990-02-28,
elastic_net,train,1990-03-30,
elastic_net,train,1990-04-30,
elastic_net,train,1990-05-31,
elastic_net,train,1990-06-29,
elastic_net,train,1990-07-31,
elastic_net,train,1990-08-31,
elastic_net,train,1990-09-28,
elastic_net,train,1990-10-31,
elastic_net,train,1990-11-30,
elastic_net,train,1990-12-31,
elastic_net,train,1991-01-31,
elastic_net,train,1991-02-28,
elastic_net,train,1991-03-28,
elastic_net,train,1991-04-30,
elastic_net,train,1991-05-31,
elastic_net,train,1991-06-28,
elastic_net,train,1991-07-31,
elastic_net,train,1991-08-30,
elastic_net,train,1991-09-30,
elastic_net,train,1991-10-31,-0.0073153027592513875
elastic_net,train,1991-11-29,
elastic_net,train,1991-12-31,
elastic_net,train,1992-01-31,
elastic_net,train,1992-02-28,
elastic_net,train,1992-03-31,0.00010282460472424025
elastic_net,train,1992-04-30,
elastic_net,train,1992-05-29,
elastic_net,train,1992-06-30,
elastic_net,train,1992-07-31,
elastic_net,train,1992-08-31,
elastic_net,train,1992-09-30,
elastic_net,train,1992-10-30,
elastic_net,train,1992-11-30,
elastic_net,train,1992-12-31,
elastic_net,train,1993-01-29,
elastic_net,train,1993-02-26,
elastic_net,train,1993-03-31,
elastic_net,train,1993-04-30,
elastic_net,train,1993-05-28,
elastic_net,train,1993-06-30,
elastic_net,train,1993-07-30,
elastic_net,train,1993-08-31,
elastic_net,train,1993-09-30,
elastic_net,train,1993-10-29,
elastic_net,train,1993-11-30,
elastic_net,train,1993-12-31,
elastic_net,train,1994-01-31,
elastic_net,train,1994-02-28,
elastic_net,train,1994-03-31,
elastic_net,train,1994-04-29,
elastic_net,train,1994-05-31,
elastic_net,train,1994-06-30,
elastic_net,train,1994-07-29,
elastic_net,train,1994-08-31,
elastic_net,train,1994-09-30,
elastic_net,train,1994-10-31,
elastic_net,train,1994-11-30,
elastic_net,train,1994-12-30,
elastic_net,train,1995-01-31,0.012232626719291246
elastic_net,train,1995-02-28,
elastic_net,train,1995-03-31,
elastic_net,train,1995-04-28,
elastic_net,train,1995-05-31,0.007572676444419122
elastic_net,train,1995-06-30,-0.002041440384480566
elastic_net,train,1995-07-31,
elastic_net,train,1995-08-31,
elastic_net,train,1995-09-29,
elastic_net,train,1995-10-31,
elastic_net,train,1995-11-30,
elastic_net,train,1995-12-29,
elastic_net,train,1996-01-31,
elastic_net,train,1996-02-29,
elastic_net,train,1996-03-29,
elastic_net,train,1996-04-30,-0.014926233210713841
elastic_net,train,1996-05-31,
elastic_net,train,1996-06-28,0.01150010239878221
elastic_net,train,1996-07-31,
elastic_net,train,1996-08-30,
elastic_net,train,1996-09-30,
elastic_net,train,1996-10-31,
elastic_net,train,1996-11-29,
elastic_net,train,1996-12-31,
elastic_net,train,1997-01-31,
elastic_net,train,1997-02-28,
elastic_net,train,1997-03-31,
elastic_net,train,1997-04-30,
elastic_net,train,1997-05-30,
elastic_net,train,1997-06-30,
elastic_net,train,1997-07-31,
elastic_net,train,1997-08-29,
elastic_net,train,1997-09-30,
elastic_net,train,1997-10-31,
elastic_net,train,1997-11-28,
elastic_net,train,1997-12-31,0.014689634103837489
elastic_net,train,1998-01-30,
elastic_net,train,1998-02-27,
elastic_net,train,1998-03-31,
elastic_net,train,1998-04-30,
elastic_net,train,1998-05-29,
elastic_net,train,1998-06-30,
elastic_net,train,1998-07-31,0.0008659967893227644
elastic_net,train,1998-08-31,
elastic_net,train,1998-09-30,
elastic_net,train,1998-10-30,
elastic_net,train,1998-11-30,
elastic_net,train,1998-12-31,
elastic_net,train,1999-01-29,
elastic_net,train,1999-02-26,
elastic_net,train,1999-03-31,
elastic_net,train,1999-04-30,
elastic_net,train,1999-05-28,
elastic_net,train,1999-06-30,
elastic_net,train,1999-07-30,0.0013031411922324605
elastic_net,train,1999-08-31,
elastic_net,train,1999-09-30,
elastic_net,train,1999-10-29,
elastic_net,train,1999-11-30,
elastic_net,train,1999-12-31,
elastic_net,train,2000-01-31,
elastic_net,train,2000-02-29,
elastic_net,train,2000-03-31,
elastic_net,train,2000-04-28,
elastic_net,train,2000-05-31,
elastic_net,train,2000-06-30,
elastic_net,train,2000-07-31,
elastic_net,train,2000-08-31,
elastic_net,train,2000-09-29,
elastic_net,train,2000-10-31,
elastic_net,train,2000-11-30,
elastic_net,train,2000-12-29,
elastic_net,train,2001-01-31,
elastic_net,train,2001-02-28,
elastic_net,train,2001-03-30,
elastic_net,train,2001-04-30,
elastic_net,train,2001-05-31,
elastic_net,train,2001-06-29,
elastic_net,train,2001-07-31,
elastic_net,train,2001-08-31,-0.017766248096207318
elastic_net,train,2001-09-28,
elastic_net,train,2001-10-31,
elastic_net,train,2001-11-30,
elastic_net,train,2001-12-31,
elastic_net,train,2002-01-31,
elastic_net,train,2002-02-28,
elastic_net,train,2002-03-28,
elastic_net,train,2002-04-30,
elastic_net,train,2002-05-31,
elastic_net,train,2002-06-28,
elastic_net,train,2002-07-31,
elastic_net,train,2002-08-30,
elastic_net,train,2002-09-30,
elastic_net,train,2002-10-31,
elastic_net,train,2002-11-29,
elastic_net,train,2002-12-31,0.011357006482993029
elastic_net,train,2003-01-31,
elastic_net,train,2003-02-28,
elastic_net,train,2003-03-31,
elastic_net,train,2003-04-30,
elastic_net,train,2003-05-30,
elastic_net,train,2003-06-30,
elastic_net,train,2003-07-31,
elastic_net,train,2003-08-29,
elastic_net,train,2003-09-30,
elastic_net,train,2003-10-31,
elastic_net,train,2003-11-28,
elastic_net,train,2003-12-31,
elastic_net,train,2004-01-30,
elastic_net,train,2004-02-27,
elastic_net,train,2004-03-31,
elastic_net,train,2004-04-30,
elastic_net,train,2004-05-28,
elastic_net,train,2004-06-30,
elastic_net,train,2004-07-30,
elastic_net,train,2004-08-31,
elastic_net,train,2004-09-30,
elastic_net,train,2004-10-29,
elastic_net,train,2004-11-30,
elastic_net,train,2004-12-31,
elastic_net,train,2005-01-31,
elastic_net,train,2005-02-28,
elastic_net,train,2005-03-31,
elastic_net,train,2005-04-29,
elastic_net,train,2005-05-31,
elastic_net,train,2005-06-30,
elastic_net,train,2005-07-29,
elastic_net,train,2005-08-31,
elastic_net,train,2005-09-30,-0.022006969602923747
elastic_net,train,2005-10-31,
elastic_net,train,2005-11-30,
elastic_net,train,2005-12-30,
elastic_net,train,2006-01-31,
elastic_net,train,2006-02-28,
elastic_net,train,2006-03-31,
elastic_net,train,2006-04-28,
elastic_net,train,2006-05-31,
elastic_net,train,2006-06-30,
elastic_net,train,2006-07-31,
elastic_net,train,2006-08-31,
elastic_net,train,2006-09-29,
elastic_net,train,2006-10-31,
elastic_net,train,2006-11-30,
elastic_net,train,2006-12-29,
elastic_net,train,2007-01-31,-0.01139424493160351
elastic_net,train,2007-02-28,
elastic_net,train,2007-03-30,-0.0017530440969623683
elastic_net,train,2007-04-30,
elastic_net,train,2007-05-31,-0.005304585078073992
elastic_net,train,2007-06-29,
elastic_net,train,2007-07-31,
elastic_net,train,2007-08-31,
elastic_net,train,2007-09-28,
elastic_net,train,2007-10-31,
elastic_net,train,2007-11-30,
elastic_net,train,2007-12-31,
elastic_net,train,2008-01-31,
elastic_net,train,2008-02-29,
elastic_net,train,2008-03-31,
elastic_net,train,2008-04-30,
elastic_net,train,2008-05-30,
elastic_net,train,2008-06-30,
elastic_net,train,2008-07-31,
elastic_net,train,2008-08-29,
elastic_net,train,2008-09-30,
elastic_net,train,2008-10-31,-0.01637973930773255
elastic_net,train,2008-11-28,-0.020930251336945507
elastic_net,train,2008-12-31,
elastic_net,train,2009-01-30,
elastic_net,train,2009-02-27,
elastic_net,train,2009-03-31,
elastic_net,train,2009-04-30,
elastic_net,train,2009-05-29,
elastic_net,train,2009-06-30,
elastic_net,train,2009-07-31,
elastic_net,train,2009-08-31,
elastic_net,train,2009-09-30,0.011361370618417334
elastic_net,train,2009-10-30,
elastic_net,train,2009-11-30,
elastic_net,train,2009-12-31,
elastic_net,train,2010-01-29,
elastic_net,train,2010-02-26,
elastic_net,train,2010-03-31,
elastic_net,train,2010-04-30,
elastic_net,train,2010-05-28,
elastic_net,train,2010-06-30,
elastic_net,train,2010-07-30,
elastic_net,train,2010-08-31,
elastic_net,train,2010-09-30,
elastic_net,train,2010-10-29,
elastic_net,train,2010-11-30,
elastic_net,validation,2010-12-31,
elastic_net,validation,2011-01-31,0.008231877876579079
elastic_net,validation,2011-02-28,
elastic_net,validation,2011-03-31,
elastic_net,validation,2011-04-29,
elastic_net,validation,2011-05-31,
elastic_net,validation,2011-06-30,
elastic_net,validation,2011-07-29,
elastic_net,validation,2011-08-31,
elastic_net,validation,2011-09-30,
elastic_net,validation,2011-10-31,
elastic_net,validation,2011-11-30,
elastic_net,validation,2011-12-30,
elastic_net,validation,2012-01-31,
elastic_net,validation,2012-02-29,
elastic_net,validation,2012-03-30,
elastic_net,validation,2012-04-30,
elastic_net,validation,2012-05-31,
elastic_net,validation,2012-06-29,
elastic_net,validation,2012-07-31,
elastic_net,validation,2012-08-31,
elastic_net,validation,2012-09-28,
elastic_net,validation,2012-10-31,-0.020023693776295162
elastic_net,validation,2012-11-30,
elastic_net,validation,2012-12-31,
elastic_net,validation,2013-01-31,
elastic_net,validation,2013-02-28,
elastic_net,validation,2013-03-28,
elastic_net,validation,2013-04-30,
elastic_net,validation,2013-05-31,
elastic_net,validation,2013-06-28,
elastic_net,validation,2013-07-31,
elastic_net,validation,2013-08-30,-0.00498216712830394
elastic_net,validation,2013-09-30,
elastic_net,validation,2013-10-31,
elastic_net,validation,2013-11-29,
elastic_net,validation,2013-12-31,
elastic_net,validation,2014-01-31,
elastic_net,validation,2014-02-28,-0.016772091682030928
elastic_net,validation,2014-03-31,
elastic_net,validation,2014-04-30,
elastic_net,validation,2014-05-30,
elastic_net,validation,2014-06-30,
elastic_net,validation,2014-07-31,
elastic_net,validation,2014-08-29,
elastic_net,validation,2014-09-30,
elastic_net,validation,2014-10-31,
elastic_net,validation,2014-11-28,
elastic_net,validation,2014-12-31,
elastic_net,validation,2015-01-30,
elastic_net,validation,2015-02-27,-0.011902444910597935
elastic_net,validation,2015-03-31,0.014128623892933687
elastic_net,validation,2015-04-30,0.014561705451572827
elastic_net,validation,2015-05-29,
elastic_net,validation,2015-06-30,-0.018025747236115535
elastic_net,validation,2015-07-31,
elastic_net,validation,2015-08-31,
elastic_net,validation,2015-09-30,
elastic_net,validation,2015-10-30,
elastic_net,validation,2015-11-30,
elastic_net,test,2015-12-31,-0.01577807893222288
elastic_net,test,2016-01-29,
elastic_net,test,2016-02-29,
elastic_net,test,2016-03-31,
elastic_net,test,2016-04-29,
elastic_net,test,2016-05-31,
elastic_net,test,2016-06-30,
elastic_net,test,2016-07-29,
elastic_net,test,2016-08-31,
elastic_net,test,2016-09-30,
elastic_net,test,2016-10-31,
elastic_net,test,2016-11-30,
elastic_net,test,2016-12-30,
elastic_net,test,2017-01-31,
elastic_net,test,2017-02-28,
elastic_net,test,2017-03-31,
elastic_net,test,2017-04-28,
elastic_net,test,2017-05-31,
elastic_net,test,2017-06-30,
elastic_net,test,2017-07-31,
elastic_net,test,2017-08-31,
elastic_net,test,2017-09-29,
elastic_net,test,2017-10-31,
elastic_net,test,2017-11-30,
elastic_net,test,2017-12-29,
elastic_net,test,2018-01-31,0.016709164010850094
elastic_net,test,2018-02-28,0.017321584329440115
elastic_net,test,2018-03-29,
elastic_net,test,2018-04-30,
elastic_net,test,2018-05-31,
elastic_net,test,2018-06-29,
elastic_net,test,2018-07-31,
elastic_net,test,2018-08-31,
elastic_net,test,2018-09-28,
elastic_net,test,2018-10-31,
elastic_net,test,2018-11-30,
elastic_net,test,2018-12-31,0.018303262683386213
elastic_net,test,2019-01-31,
elastic_net,test,2019-02-28,
elastic_net,test,2019-03-29,
elastic_net,test,2019-04-30,
elastic_net,test,2019-05-31,
elastic_net,test,2019-06-28,
elastic_net,test,2019-07-31,
elastic_net,test,2019-08-30,
elastic_net,test,2019-09-30,-0.004221614950313979
elastic_net,test,2019-10-31,
elastic_net,test,2019-11-29,
elastic_net,test,2019-12-31,
elastic_net,test,2020-01-31,
elastic_net,test,2020-02-28,
elastic_net,test,2020-03-31,
elastic_net,test,2020-04-30,
elastic_net,test,2020-05-29,
elastic_net,test,2020-06-30,
elastic_net,test,2020-07-31,
elastic_net,test,2020-08-31,
elastic_net,test,2020-09-30,
elastic_net,test,2020-10-30,
elastic_net,test,2020-11-30,
elastic_net,test,2020-12-31,
elastic_net,test,2021-01-29,
elastic_net,test,2021-02-26,
elastic_net,test,2021-03-31,
elastic_net,test,2021-04-30,
elastic_net,test,2021-05-28,
elastic_net,test,2021-06-30,
elastic_net,test,2021-07-30,
elastic_net,test,2021-08-31,
elastic_net,test,2021-09-30,
elastic_net,test,2021-10-29,
elastic_net,test,2021-11-30,
elastic_net,test,2021-12-31,
elastic_net,test,2022-01-31,
elastic_net,test,2022-02-28,
elastic_net,test,2022-03-31,
elastic_net,test,2022-04-29,
elastic_net,test,2022-05-31,
elastic_net,test,2022-06-30,0.0030172829933167345
elastic_net,test,2022-07-29,
elastic_net,test,2022-08-31,-0.01262073319005721
elastic_net,test,2022-09-30,
elastic_net,test,2022-10-31,
elastic_net,test,2022-11-30,
elastic_net,test,2022-12-30,0.003041898300051762
elastic_net,test,2023-01-31,
elastic_net,test,2023-02-28,
elastic_net,test,2023-03-31,
elastic_net,test,2023-04-28,
elastic_net,test,2023-05-31,0.0008087111856129643
elastic_net,test,2023-06-30,0.010908610487515007
elastic_net,test,2023-07-31,
elastic_net,test,2023-08-31,
elastic_net,test,2023-09-29,
elastic_net,test,2023-10-31,
elastic_net,test,2023-11-30,
elastic_net,test,2023-12-29,
elastic_net,test,2024-01-31,
elastic_net,test,2024-02-29,
elastic_net,test,2024-03-28,
elastic_net,test,2024-04-30,
elastic_net,test,2024-05-31,
elastic_net,test,2024-06-28,
elastic_net,test,2024-07-31,
elastic_net,test,2024-08-30,
elastic_net,test,2024-09-30,
elastic_net,test,2024-10-31,-0.016233745908740233
elastic_net,test,2024-11-29,0.015838505000026527
logistic_classifier,train,1990-01-31,0.06625496514112766
logistic_classifier,train,1990-02-28,0.0654480259890687
logistic_classifier,train,1990-03-30,0.07790782612159027
logistic_classifier,train,1990-04-30,0.10561073246575767
logistic_classifier,train,1990-05-31,0.0735891259806658
logistic_classifier,train,1990-06-29,0.11197154913024426
logistic_classifier,train,1990-07-31,0.06797393607118807
logistic_classifier,train,1990-08-31,0.034260760471022174
logistic_classifier,train,1990-09-28,0.08226476482948589
logistic_classifier,train,1990-10-31,0.07594396685879821
logistic_classifier,train,1990-11-30,0.18520448104694023
logistic_classifier,train,1990-12-31,-0.029940127505841466
logistic_classifier,train,1991-01-31,-0.08016905493629468
logistic_classifier,train,1991-02-28,0.014754253178047853
logistic_classifier,train,1991-03-28,0.034254533907690475
logistic_classifier,train,1991-04-30,0.11763232149359526
logistic_classifier,train,1991-05-31,0.04417875643267894
logistic_classifier,train,1991-06-28,0.09977349005683692
logistic_classifier,train,1991-07-31,0.08909769169109709
logistic_classifier,train,1991-08-30,0.03372794122392362
logistic_classifier,train,1991-09-30,0.06319683410408336
logistic_classifier,train,1991-10-31,0.042881430431144764
logistic_classifier,train,1991-11-29,0.22867723712566468
logistic_classifier,train,1991-12-31,-0.24934893773554967
logistic_classifier,train,1992-01-31,-0.0215087219744036
logistic_classifier,train,1992-02-28,0.12232898791326668
logistic_classifier,train,1992-03-31,0.1857342616174341
logistic_classifier,train,1992-04-30,0.07750084897843375
logistic_classifier,train,1992-05-29,0.21234995519468233
logistic_classifier,train,1992-06-30,0.12014123815404214
logistic_classifier,train,1992-07-31,0.1601643679658826
logistic_classifier,train,1992-08-31,0.09859449724283219
logistic_classifier,train,1992-09-30,0.030867690147673852
logistic_classifier,train,1992-10-30,-0.022162318284030792
logistic_classifier,train,1992-11-30,0.07692969193219587
logistic_classifier,train,1992-12-31,-0.04063010718574735
logistic_classifier,train,1993-01-29,0.16775184321552372
logistic_classifier,train,1993-02-26,0.09664109178881375
logistic_classifier,train,1993-03-31,0.07942459639525751
logistic_classifier,train,1993-04-30,-0.053407723750313475
logistic_classifier,train,1993-05-28,0.10663800901077476
logistic_classifier,train,1993-06-30,0.1210654958840966
logistic_classifier,train,1993-07-30,0.0809062666623495
logistic_classifier,train,1993-08-31,0.02480785883957186
logistic_classifier,train,1993-09-30,-0.06453982270780043
logistic_classifier,train,1993-10-29,0.04028255369133463
logistic_classifier,train,1993-11-30,0.15386475284661283
logistic_classifier,train,1993-12-31,-0.04417725388736399
logistic_classifier,train,1994-01-31,0.08353616689237316
logistic_classifier,train,1994-02-28,0.07708834910057566
logistic_classifier,train,1994-03-31,0.19290780035900512
logistic_classifier,train,1994-04-29,0.10656244318716566
logistic_classifier,train,1994-05-31,0.18937481690174351
logistic_classifier,train,1994-06-30,0.0660286989268862
logistic_classifier,train,1994-07-29,0.04179437641742904
logistic_classifier,train,1994-08-31,-0.017248666410364946
logistic_classifier,train,1994-09-30,0.0735296827278507
logistic_classifier,train,1994-10-31,0.13178991526017922
logistic_classifier,train,1994-11-30,0.20466862271788747
logistic_classifier,train,1994-12-30,0.0151175889783123
logistic_classifier,train,1995-01-31,0.12207551239090564
logistic_classifier,train,1995-02-28,0.034790434112579406
logistic_classifier,train,1995-03-31,0.04955722944288546
logistic_classifier,train,1995-04-28,0.1193631105504513
logistic_classifier,train,1995-05-31,-0.023803675777177492
logistic_classifier,train,1995-06-30,0.015564905394976972
logistic_classifier,train,1995-07-31,0.02865626166392963
logistic_classifier,train,1995-08-31,0.02516189294970468
logistic_classifier,train,1995-09-29,0.15173859931144112
logistic_classifier,train,1995-10-31,0.17708331608315814
logistic_classifier,train,1995-11-30,0.1375105639089093
logistic_classifier,train,1995-12-29,-0.045624706074314604
logistic_classifier,train,1996-01-31,0.016058848755698848
logistic_classifier,train,1996-02-29,0.0736954243297195
logistic_classifier,train,1996-03-29,-0.08226107017615311
logistic_classifier,train,1996-04-30,-0.09960026310088768
logistic_classifier,train,1996-05-31,0.2040359163227161
logistic_classifier,train,1996-06-28,0.2673943700170003
logistic_classifier,train,1996-07-31,0.049629819177887925
logistic_classifier,train,1996-08-30,0.1038520611879857
logistic_classifier,train,1996-09-30,0.3114829401574263
logistic_classifier,train,1996-10-31,0.22257772266860573
logistic_classifier,train,1996-11-29,0.21074133149164065
logistic_classifier,train,1996-12-31,-0.1072231856928277
logistic_classifier,train,1997-01-31,0.19935760394943597
logistic_classifier,train,1997-02-28,0.2432688365765757
logistic_classifier,train,1997-03-31,0.2543709252660918
logistic_classifier,train,1997-04-30,-0.041147953638907615
logistic_classifier,train,1997-05-30,0.15466376475314067
logistic_classifier,train,1997-06-30,0.12112855371556405
logistic_classifier,train,1997-07-31,-0.05835086976130599
logistic_classifier,train,1997-08-29,0.025707962729083083
logistic_classifier,train,1997-09-30,0.09946155108540691
logistic_classifier,train,1997-10-31,0.26644799657094914
logistic_classifier,train,1997-11-28,0.31865811779897585
logistic_classifier,train,1997-12-31,-0.0820829718159362
logistic_classifier,train,1998-01-30,0.07462694186359173
logistic_classifier,train,1998-02-27,0.06885072030041889
logistic_classifier,train,1998-03-31,0.019267282578802995
logistic_classifier,train,1998-04-30,0.16906248842558377
logistic_classifier,train,1998-05-29,0.20398262784341537
logistic_classifier,train,1998-06-30,0.15143384866403303
logistic_classifier,train,1998-07-31,0.26731446342296644
logistic_classifier,train,1998-08-31,0.02916162252825646
logistic_classifier,train,1998-09-30,0.03782820907559933
logistic_classifier,train,1998-10-30,-0.0049607640476742165
logistic_classifier,train,1998-11-30,0.10905263874515898
logistic_classifier,train,1998-12-31,-0.1984364100557136
logistic_classifier,train,1999-01-29,-0.028319498373524928
logistic_classifier,train,1999-02-26,-0.0233015758914309
logistic_classifier,train,1999-03-31,0.09706594348576922
logistic_classifier,train,1999-04-30,0.024146760989043798
logistic_classifier,train,1999-05-28,0.0662317106776559
logistic_classifier,train,1999-06-30,-0.017253930146352115
logistic_classifier,train,1999-07-30,0.06289463457864305
logistic_classifier,train,1999-08-31,-0.03816809821904282
logistic_classifier,train,1999-09-30,0.033657770440563325
logistic_classifier,train,1999-10-29,-0.10960948622399028
logistic_classifier,train,1999-11-30,-0.008077017499536676
logistic_classifier,train,1999-12-31,-0.13047941124628817
logistic_classifier,train,2000-01-31,0.07042619954082792
logistic_classifier,train,2000-02-29,0.15522920840435428
logistic_classifier,train,2000-03-31,-0.25407554282186506
logistic_classifier,train,2000-04-28,0.34756637960935743
logistic_classifier,train,2000-05-31,-0.0874154784595175
logistic_classifier,train,2000-06-30,0.16097614875422409
logistic_classifier,train,2000-07-31,0.04585531264787211
logistic_classifier,train,2000-08-31,0.1669765544660798
logistic_classifier,train,2000-09-29,-0.06715425644591236
logistic_classifier,train,2000-10-31,0.12199448725557263
logistic_classifier,train,2000-11-30,0.23921219480115144
logistic_classifier,train,2000-12-29,-0.26075507616380766
logistic_classifier,train,2001-01-31,0.04883274427534114
logistic_classifier,train,2001-02-28,0.055749395099515785
logistic_classifier,train,2001-03-30,0.07606927210224268
logistic_classifier,train,2001-04-30,0.03094291600324309
logistic_classifier,train,2001-05-31,0.052258777238785824
logistic_classifier,train,2001-06-29,0.03585783986782823
logistic_classifier,train,2001-07-31,-0.06003100198671472
logistic_classifier,train,2001-08-31,-0.053668430565088986
logistic_classifier,train,2001-09-28,0.0041477990158994915
logistic_classifier,train,2001-10-31,0.07910560124103536
logistic_classifier,train,2001-11-30,0.13127381486393108
logistic_classifier,train,2001-12-31,0.010443887516555408
logistic_classifier,train,2002-01-31,-0.14464439242104615
logistic_classifier,train,2002-02-28,0.13967400910477584
logistic_classifier,train,2002-03-28,0.19726804248138863
logistic_classifier,train,2002-04-30,0.008319442734322264
logistic_classifier,train,2002-05-31,0.16576345846892737
logistic_classifier,train,2002-06-28,-0.08483304265651168
logistic_classifier,train,2002-07-31,-0.010140415378823538
logistic_classifier,train,2002-08-30,0.11430765299598467
logistic_classifier,train,2002-09-30,-0.04795275445732995
logistic_classifier,train,2002-10-31,-0.13353489235288643
logistic_classifier,train,2002-11-29,0.12504662024198307
logistic_classifier,train,2002-12-31,-0.11063374623691889
logistic_classifier,train,2003-01-31,-0.014562700835317344
logistic_classifier,train,2003-02-28,0.018993079005684095
logistic_classifier,train,2003-03-31,-0.00839068512738322
logistic_classifier,train,2003-04-30,-0.12459065245942659
logistic_classifier,train,2003-05-30,0.0022691176930220896
logistic_classifier,train,2003-06-30,0.050685919376952604
logistic_classifier,train,2003-07-31,0.0391103094380872
logistic_classifier,train,2003-08-29,-0.129794751229509
logistic_classifier,train,2003-09-30,0.0928866445906956
logistic_classifier,train,2003-10-31,0.06056767932622353
logistic_classifier,train,2003-11-28,0.05071464287262117
logistic_classifier,train,2003-12-31,-0.1641228760872981
logistic_classifier,train,2004-01-30,0.2069143257838209
logistic_classifier,train,2004-02-27,0.09768902102423097
logistic_classifier,train,2004-03-31,0.13552881180053392
logistic_classifier,train,2004-04-30,0.09442526804372019
logistic_classifier,train,2004-05-28,0.17459783991027314
logistic_classifier,train,2004-06-30,0.25178252779416677
logistic_classifier,train,2004-07-30,0.10392825035174501
logistic_classifier,train,2004-08-31,0.01355505814953235
logistic_classifier,train,2004-09-30,0.028237498824605564
logistic_classifier,train,2004-10-29,0.00419046653709848
logistic_classifier,train,2004-11-30,-0.0901464499025778
logistic_classifier,train,2004-12-31,0.17102626410884061
logistic_classifier,train,2005-01-31,0.14744884229155203
logistic_classifier,train,2005-02-28,0.16216159322846807
logistic_classifier,train,2005-03-31,0.12206835614260392
logistic_classifier,train,2005-04-29,0.006736813835948869
logistic_classifier,train,2005-05-31,0.04997726600117142
logistic_classifier,train,2005-06-30,-0.03847673466091464
logistic_classifier,train,2005-07-29,0.05105057585477237
logistic_classifier,train,2005-08-31,-0.0028437772603461657
logistic_classifier,train,2005-09-30,0.12390568147474974
logistic_classifier,train,2005-10-31,0.08721097811611075
logistic_classifier,train,2005-11-30,0.021352854632196886
logistic_classifier,train,2005-12-30,-0.09951225244375901
logistic_classifier,train,2006-01-31,0.02696067367938979
logistic_classifier,train,2006-02-28,0.032781730641083986
logistic_classifier,train,2006-03-31,0.0713194312042862
logistic_classifier,train,2006-04-28,0.1638453755873535
logistic_classifier,train,2006-05-31,0.16430135696433043
logistic_classifier,train,2006-06-30,0.22291517431100433
logistic_classifier,train,2006-07-31,0.022846809303166536
logistic_classifier,train,2006-08-31,0.10772370517287437
logistic_classifier,train,2006-09-29,0.0019531144745723484
logistic_classifier,train,2006-10-31,0.023114806381817548
logistic_classifier,train,2006-11-30,0.06002677440885475
logistic_classifier,train,2006-12-29,0.03216784694450809
logistic_classifier,train,2007-01-31,0.01117033030410151
logistic_classifier,train,2007-02-28,0.08366961726746099
logistic_classifier,train,2007-03-30,0.04471932685830528
logistic_classifier,train,2007-04-30,0.17226276549263517
logistic_classifier,train,2007-05-31,-0.011115988070162596
logistic_classifier,train,2007-06-29,-0.05177942889975677
logistic_classifier,train,2007-07-31,0.16264837128365245
logistic_classifier,train,2007-08-31,-0.001952692080266888
logistic_classifier,train,2007-09-28,0.023606805016255682
logistic_classifier,train,2007-10-31,0.16998661041188412
logistic_classifier,train,2007-11-30,0.03801798592284921
logistic_classifier,train,2007-12-31,0.07697670853483765
logistic_classifier,train,2008-01-31,0.00821633574589737
logistic_classifier,train,2008-02-29,0.16969784976945423
logistic_classifier,train,2008-03-31,0.09165317697198078
logistic_classifier,train,2008-04-30,0.005599222514320136
logistic_classifier,train,2008-05-30,0.008905839503611387
logistic_classifier,train,2008-06-30,0.09918325905677758
logistic_classifier,train,2008-07-31,0.1225361277008022
logistic_classifier,train,2008-08-29,0.15760464314291836
logistic_classifier,train,2008-09-30,0.13060335349632168
logistic_classifier,train,2008-10-31,0.09384367116348095
logistic_classifier,train,2008-11-28,0.020645899667349366
logistic_classifier,train,2008-12-31,-0.18602289620649617
logistic_classifier,train,2009-01-30,0.05988098778156442
logistic_classifier,train,2009-02-27,-0.0035087899780939028
logistic_classifier,train,2009-03-31,0.07001992912993132
logistic_classifier,train,2009-04-30,-0.09819696520308878
logistic_classifier,train,2009-05-29,-0.028651745773749192
logistic_classifier,train,2009-06-30,0.0956027744237708
logistic_classifier,train,2009-07-31,0.008414387501286962
logistic_classifier,train,2009-08-31,-0.021428968372218662
logistic_classifier,train,2009-09-30,0.10121527363587957
logistic_classifier,train,2009-10-30,0.1211005652957708
logistic_classifier,train,2009-11-30,-0.007859076942055284
logistic_classifier,train,2009-12-31,-0.11456326706365597
logistic_classifier,train,2010-01-29,0.10667122337372179
logistic_classifier,train,2010-02-26,0.022477430137255804
logistic_classifier,train,2010-03-31,-0.0014000880235593102
logistic_classifier,train,2010-04-30,0.09319626750341269
logistic_classifier,train,2010-05-28,0.07272567729599518
logistic_classifier,train,2010-06-30,0.09441497862982405
logistic_classifier,train,2010-07-30,0.17382972081972162
logistic_classifier,train,2010-08-31,-0.04870098786335869
logistic_classifier,train,2010-09-30,0.01613798962680105
logistic_classifier,train,2010-10-29,0.12346053440737005
logistic_classifier,train,2010-11-30,-0.06978221584299879
logistic_classifier,validation,2010-12-31,0.03687041220803438
logistic_classifier,validation,2011-01-31,0.12781337480050858
logistic_classifier,validation,2011-02-28,0.1218585943229971
logistic_classifier,validation,2011-03-31,0.11332950625665543
logistic_classifier,validation,2011-04-29,0.0995633918309817
logistic_classifier,validation,2011-05-31,0.16052891514664117
logistic_classifier,validation,2011-06-30,-0.028294836421463316
logistic_classifier,validation,2011-07-29,0.19976912852265155
logistic_classifier,validation,2011-08-31,0.13404995228045757
logistic_classifier,validation,2011-09-30,0.060803476720411066
logistic_classifier,validation,2011-10-31,0.20156262046319645
logistic_classifier,validation,2011-11-30,0.1466655723947948
logistic_classifier,validation,2011-12-30,-0.14872324425260586
logistic_classifier,validation,2012-01-31,0.02774398623112984
logistic_classifier,validation,2012-02-29,0.1030480420506106
logistic_classifier,validation,2012-03-30,0.041664047867423545
logistic_classifier,validation,2012-04-30,-0.08282824767440332
logistic_classifier,validation,2012-05-31,0.05074864312297575
logistic_classifier,validation,2012-06-29,-0.03869002801857909
logistic_classifier,validation,2012-07-31,0.08477651236277119
logistic_classifier,validation,2012-08-31,-0.03901398124638927
logistic_classifier,validation,2012-09-28,0.09533375566559757
logistic_classifier,validation,2012-10-31,0.07630749658466948
logistic_classifier,validation,2012-11-30,0.08695095730765412
logistic_classifier,validation,2012-12-31,0.045619776074566895
logistic_classifier,validation,2013-01-31,0.14827498081846185
logistic_classifier,validation,2013-02-28,0.11867909115260064
logistic_classifier,validation,2013-03-28,0.07520413629098643
logistic_classifier,validation,2013-04-30,0.08149779188133821
logistic_classifier,validation,2013-05-31,0.12158988814650015
logistic_classifier,validation,2013-06-28,0.016294369624048392
logistic_classifier,validation,2013-07-31,-0.058185633275938384
logistic_classifier,validation,2013-08-30,0.054821526818219564
logistic_classifier,validation,2013-09-30,0.11774917356090986
logistic_classifier,validation,2013-10-31,0.13338820352429404
logistic_classifier,validation,2013-11-29,0.027776524140115156
logistic_classifier,validation,2013-12-31,-0.1904839398089132
logistic_classifier,validation,2014-01-31,0.035584815980762304
logistic_classifier,validation,2014-02-28,0.0954719423003003
logistic_classifier,validation,2014-03-31,0.1236389718422679
logistic_classifier,validation,2014-04-30,0.10803798156458157
logistic_classifier,validation,2014-05-30,-0.02165534627308927
logistic_classifier,validation,2014-06-30,0.11097719069287969
logistic_classifier,validation,2014-07-31,0.1279380394826073
logistic_classifier,validation,2014-08-29,0.13090413942784968
logistic_classifier,validation,2014-09-30,0.17038762683976985
logistic_classifier,validation,2014-10-31,0.13720101759154896
logistic_classifier,validation,2014-11-28,0.09680982754402914
logistic_classifier,validation,2014-12-31,0.07100915116676197
logistic_classifier,validation,2015-01-30,0.0022153687567596472
logistic_classifier,validation,2015-02-27,0.16554933006881684
logistic_classifier,validation,2015-03-31,-0.10107603153321554
logistic_classifier,validation,2015-04-30,0.06567841779746693
logistic_classifier,validation,2015-05-29,0.05743048831162029
logistic_classifier,validation,2015-06-30,0.20365443016156443
logistic_classifier,validation,2015-07-31,0.05874805010887636
logistic_classifier,validation,2015-08-31,0.10957783285745064
logistic_classifier,validation,2015-09-30,0.02452785153077868
logistic_classifier,validation,2015-10-30,0.09145155404909476
logistic_classifier,validation,2015-11-30,0.03522562498579912
logistic_classifier,test,2015-12-31,0.11483307378406185
logistic_classifier,test,2016-01-29,0.09870535130082689
logistic_classifier,test,2016-02-29,-0.007175040152453785
logistic_classifier,test,2016-03-31,-0.11140555077763034
logistic_classifier,test,2016-04-29,0.09957156619575333
logistic_classifier,test,2016-05-31,0.017776626372765822
logistic_classifier,test,2016-06-30,0.00447483320198526
logistic_classifier,test,2016-07-29,-0.005027482282378951
logistic_classifier,test,2016-08-31,-0.09424233203030807
logistic_classifier,test,2016-09-30,0.16591187132619434
logistic_classifier,test,2016-10-31,0.20502907397048664
logistic_classifier,test,2016-11-30,0.15798317248857155
logistic_classifier,test,2016-12-30,-0.10464608695382836
logistic_classifier,test,2017-01-31,0.08432884801555533
logistic_classifier,test,2017-02-28,-0.019411252491382657
logistic_classifier,test,2017-03-31,0.15387810410401942
logistic_classifier,test,2017-04-28,0.099730925927835
logistic_classifier,test,2017-05-31,0.06089281043410321
logistic_classifier,test,2017-06-30,0.06544579987166543
logistic_classifier,test,2017-07-31,0.04715281771736639
logistic_classifier,test,2017-08-31,-0.060852205935738014
logistic_classifier,test,2017-09-29,0.12938124865327172
logistic_classifier,test,2017-10-31,0.08813405042619463
logistic_classifier,test,2017-11-30,-0.024193074285212158
logistic_classifier,test,2017-12-29,-0.012903085317877287
logistic_classifier,test,2018-01-31,-0.0040849724766336025
logistic_classifier,test,2018-02-28,0.09075941347602429
logistic_classifier,test,2018-03-29,0.020265188823329332
logistic_classifier,test,2018-04-30,0.04592903810428959
logistic_classifier,test,2018-05-31,0.11989909633836776
logistic_classifier,test,2018-06-29,0.09017851508010533
logistic_classifier,test,2018-07-31,0.06373748020711989
logistic_classifier,test,2018-08-31,0.034780789571039014
logistic_classifier,test,2018-09-28,0.08988757256595477
logistic_classifier,test,2018-10-31,0.11464288945097274
logistic_classifier,test,2018-11-30,0.08015093978349155
logistic_classifier,test,2018-12-31,-0.08249287409203047
logistic_classifier,test,2019-01-31,-0.009826987744893515
logistic_classifier,test,2019-02-28,-0.0004143763547517909
logistic_classifier,test,2019-03-29,0.1530565671578099
logistic_classifier,test,2019-04-30,-0.011218841634975548
logistic_classifier,test,2019-05-31,0.17608884325776902
logistic_classifier,test,2019-06-28,0.08922366912161794
logistic_classifier,test,2019-07-31,0.07235173509244426
logistic_classifier,test,2019-08-30,0.13872433927293726
logistic_classifier,test,2019-09-30,0.10057253863385116
logistic_classifier,test,2019-10-31,0.03450520524888666
logistic_classifier,test,2019-11-29,-0.062103772881548266
logistic_classifier,test,2019-12-31,-0.11689771787095912
logistic_classifier,test,2020-01-31,-0.11419309891075041
logistic_classifier,test,2020-02-28,-0.08701018231756516
logistic_classifier,test,2020-03-31,0.08379840384772924
logistic_classifier,test,2020-04-30,-0.038298097496675065
logistic_classifier,test,2020-05-29,-0.04528992611025728
logistic_classifier,test,2020-06-30,0.011103533251228422
logistic_classifier,test,2020-07-31,0.12389691138474773
logistic_classifier,test,2020-08-31,0.05660688516865001
logistic_classifier,test,2020-09-30,0.1108527919011587
logistic_classifier,test,2020-10-30,0.05574010590507349
logistic_classifier,test,2020-11-30,0.09488686648871225
logistic_classifier,test,2020-12-31,-0.133598030086658
logistic_classifier,test,2021-01-29,0.06581438715257551
logistic_classifier,test,2021-02-26,0.19966594116739209
logistic_classifier,test,2021-03-31,0.17606979901700637
logistic_classifier,test,2021-04-30,0.12882300177292128
logistic_classifier,test,2021-05-28,-0.14613866495783343
logistic_classifier,test,2021-06-30,0.34257395747508257
logistic_classifier,test,2021-07-30,0.06812234883070711
logistic_classifier,test,2021-08-31,0.12060784928442707
logistic_classifier,test,2021-09-30,0.18142892389638754
logistic_classifier,test,2021-10-29,0.2614536254738042
logistic_classifier,test,2021-11-30,0.3881343755450059
logistic_classifier,test,2021-12-31,0.24484918080675339
logistic_classifier,test,2022-01-31,0.03848025370408325
logistic_classifier,test,2022-02-28,0.005477339955651847
logistic_classifier,test,2022-03-31,0.28816114639166746
logistic_classifier,test,2022-04-29,0.2471052814261274
logistic_classifier,test,2022-05-31,-0.0007600305883801516
logistic_classifier,test,2022-06-30,0.07439215069298176
logistic_classifier,test,2022-07-29,-0.004372468957267011
logistic_classifier,test,2022-08-31,0.19125553555529806
logistic_classifier,test,2022-09-30,0.20452883998292778
logistic_classifier,test,2022-10-31,0.10683964130220595
logistic_classifier,test,2022-11-30,0.1478323815097048
logistic_classifier,test,2022-12-30,-0.26787254034869584
logistic_classifier,test,2023-01-31,0.21211522902715504
logistic_classifier,test,2023-02-28,0.11974284141181331
logistic_classifier,test,2023-03-31,0.04490888129772685
logistic_classifier,test,2023-04-28,-0.0463359003930955
logistic_classifier,test,2023-05-31,0.2324080506631431
logistic_classifier,test,2023-06-30,0.08272713621956124
logistic_classifier,test,2023-07-31,0.21298535645119454
logistic_classifier,test,2023-08-31,0.1616977495073003
logistic_classifier,test,2023-09-29,0.18168573016778483
logistic_classifier,test,2023-10-31,0.09219415267298087
logistic_classifier,test,2023-11-30,0.09713657906161155
logistic_classifier,test,2023-12-29,0.054490780797710914
logistic_classifier,test,2024-01-31,0.006584624022327161
logistic_classifier,test,2024-02-29,0.18251567769271812
logistic_classifier,test,2024-03-28,-0.02994412888384446
logistic_classifier,test,2024-04-30,0.09727855271855487
logistic_classifier,test,2024-05-31,0.08527200379448927
logistic_classifier,test,2024-06-28,0.18703587271365668
logistic_classifier,test,2024-07-31,0.1859345417980986
logistic_classifier,test,2024-08-30,0.03241035964596363
logistic_classifier,test,2024-09-30,0.06728721893455158
logistic_classifier,test,2024-10-31,0.12224509521212039
logistic_classifier,test,2024-11-29,-0.028954034864275707
