model,split,MthCalDt,rank_ic_t,num_obs
mlp_classifier,test,2015-12-31,0.20875592642375967,7175
mlp_classifier,test,2016-01-29,0.0409922081254771,7146
mlp_classifier,test,2016-02-29,-0.02734950535222506,7134
mlp_classifier,test,2016-03-31,-0.1669179078553925,7115
mlp_classifier,test,2016-04-29,0.10607137587927908,7106
mlp_classifier,test,2016-05-31,0.08169927643596864,7115
mlp_classifier,test,2016-06-30,-0.03944687665343368,7119
mlp_classifier,test,2016-07-29,-0.02270718763161217,7119
mlp_classifier,test,2016-08-31,-0.028777535298109582,7082
mlp_classifier,test,2016-09-30,0.1686494724894419,7090
mlp_classifier,test,2016-10-31,0.09689869830752013,7107
mlp_classifier,test,2016-11-30,0.18016311026451629,7096
mlp_classifier,test,2016-12-30,-0.05154963339521236,7108
mlp_classifier,test,2017-01-31,0.12283713162278936,7126
mlp_classifier,test,2017-02-28,0.039222462149212774,7109
mlp_classifier,test,2017-03-31,0.1732905347672646,7110
mlp_classifier,test,2017-04-28,0.10659417570175814,7129
mlp_classifier,test,2017-05-31,0.04988150349428452,7144
mlp_classifier,test,2017-06-30,0.2002319614695358,7146
mlp_classifier,test,2017-07-31,0.10034726592576593,7157
mlp_classifier,test,2017-08-31,0.0017801717588968179,7132
mlp_classifier,test,2017-09-29,0.21937374701761223,7116
mlp_classifier,test,2017-10-31,0.09149418718997071,7152
mlp_classifier,test,2017-11-30,0.03234860001284513,7206
mlp_classifier,test,2017-12-29,0.11262774238470372,7205
mlp_classifier,test,2018-01-31,-0.034046705904008774,7242
mlp_classifier,test,2018-02-28,-0.01628701597629966,7264
mlp_classifier,test,2018-03-29,-0.0007595663638013777,7211
mlp_classifier,test,2018-04-30,-0.03905372928461077,7258
mlp_classifier,test,2018-05-31,0.06844162956777568,7270
mlp_classifier,test,2018-06-29,0.20280033084793642,7322
mlp_classifier,test,2018-07-31,0.04762510524867548,7355
mlp_classifier,test,2018-08-31,0.09930642059123554,7344
mlp_classifier,test,2018-09-28,0.10276661115983572,7373
mlp_classifier,test,2018-10-31,0.13749461746658426,7413
mlp_classifier,test,2018-11-30,0.1550250375616513,7412
mlp_classifier,test,2018-12-31,-0.1560140342180029,7407
mlp_classifier,test,2019-01-31,-0.0010851265809395652,7408
mlp_classifier,test,2019-02-28,0.09207928239279164,7390
mlp_classifier,test,2019-03-29,0.16569795457009515,7390
mlp_classifier,test,2019-04-30,0.09475260497454084,7396
mlp_classifier,test,2019-05-31,0.17814019269496117,7458
mlp_classifier,test,2019-06-28,0.16280900704766585,7471
mlp_classifier,test,2019-07-31,0.162724668136022,7494
mlp_classifier,test,2019-08-30,0.0355779550077665,7486
mlp_classifier,test,2019-09-30,0.10675108665251279,7500
mlp_classifier,test,2019-10-31,0.03358331188509543,7504
mlp_classifier,test,2019-11-29,0.013010576670600207,7501
mlp_classifier,test,2019-12-31,0.02456128765855939,7500
mlp_classifier,test,2020-01-31,-0.09219897074554712,7506
mlp_classifier,test,2020-02-28,0.08955185198357501,7506
mlp_classifier,test,2020-03-31,-0.024732299305986055,7475
mlp_classifier,test,2020-04-30,0.08712625570926177,7480
mlp_classifier,test,2020-05-29,-0.13920643258474324,7473
mlp_classifier,test,2020-06-30,0.20949240265919236,7519
mlp_classifier,test,2020-07-31,0.07098077905829478,7547
mlp_classifier,test,2020-08-31,0.12757977590749522,7574
mlp_classifier,test,2020-09-30,0.021532856527609216,7628
mlp_classifier,test,2020-10-30,-0.15235710260550106,7701
mlp_classifier,test,2020-11-30,0.024343468920761762,7773
mlp_classifier,test,2020-12-31,-0.23395670319779174,7875
mlp_classifier,test,2021-01-29,0.026797002959354745,7964
mlp_classifier,test,2021-02-26,0.24789552340799983,8055
mlp_classifier,test,2021-03-31,0.2535380508866892,8212
mlp_classifier,test,2021-04-30,0.16731370510864593,8360
mlp_classifier,test,2021-05-28,-0.1439599213419274,8479
mlp_classifier,test,2021-06-30,0.3887083143160162,8587
mlp_classifier,test,2021-07-30,0.12326000963469509,8722
mlp_classifier,test,2021-08-31,0.06848050621055651,8776
mlp_classifier,test,2021-09-30,0.27402308512595375,8872
mlp_classifier,test,2021-10-29,0.28783940832602956,8968
mlp_classifier,test,2021-11-30,0.4518613222057775,9068
mlp_classifier,test,2021-12-31,0.22112433126027659,9189
mlp_classifier,test,2022-01-31,0.052566777586895416,9272
mlp_classifier,test,2022-02-28,0.08280727205769586,9347
mlp_classifier,test,2022-03-31,0.38200516984005123,9382
mlp_classifier,test,2022-04-29,0.22301156016670126,9421
mlp_classifier,test,2022-05-31,0.03548541840532781,9432
mlp_classifier,test,2022-06-30,-0.059024869911598304,9457
mlp_classifier,test,2022-07-29,0.017087936137167848,9458
mlp_classifier,test,2022-08-31,0.35540119213001076,9469
mlp_classifier,test,2022-09-30,0.21606320580211308,9495
mlp_classifier,test,2022-10-31,0.1847570710894612,9483
mlp_classifier,test,2022-11-30,0.23871670840671044,9465
mlp_classifier,test,2022-12-30,-0.26196524878561933,9402
mlp_classifier,test,2023-01-31,0.17764593300661832,9376
mlp_classifier,test,2023-02-28,0.1828606960664896,9352
mlp_classifier,test,2023-03-31,0.1510281599387685,9324
mlp_classifier,test,2023-04-28,-0.01729615734575686,9298
mlp_classifier,test,2023-05-31,0.1676075510517974,9304
mlp_classifier,test,2023-06-30,-0.00021469580097829036,9291
mlp_classifier,test,2023-07-31,0.26574096541225417,9265
mlp_classifier,test,2023-08-31,0.21324950203209833,9278
mlp_classifier,test,2023-09-29,0.24568947370432107,9318
mlp_classifier,test,2023-10-31,0.07295842280839034,9331
mlp_classifier,test,2023-11-30,-0.11849456435533261,9327
mlp_classifier,test,2023-12-29,0.20652638208949697,9309
mlp_classifier,test,2024-01-31,0.06412824356868096,9367
mlp_classifier,test,2024-02-29,0.22956964272691155,9327
mlp_classifier,test,2024-03-28,0.14751756556104728,9334
mlp_classifier,test,2024-04-30,0.16461976677405218,9344
mlp_classifier,test,2024-05-31,0.16885829331446542,9372
mlp_classifier,test,2024-06-28,0.10065016369103472,9404
mlp_classifier,test,2024-07-31,0.24666536304628753,9436
mlp_classifier,test,2024-08-30,0.10561335054980193,9439
mlp_classifier,test,2024-09-30,0.06301696415151142,9542
mlp_classifier,test,2024-10-31,0.14906771036208444,9583
mlp_classifier,validation,2010-12-31,0.04954177580215681,6508
mlp_classifier,validation,2011-01-31,0.12048312711389536,6534
mlp_classifier,validation,2011-02-28,0.14871933578252688,6533
mlp_classifier,validation,2011-03-31,0.16847176370031355,6542
mlp_classifier,validation,2011-04-29,0.05675264112523904,6561
mlp_classifier,validation,2011-05-31,0.10717618009825723,6593
mlp_classifier,validation,2011-06-30,-0.032661103784591194,6612
mlp_classifier,validation,2011-07-29,0.11550347144467539,6621
mlp_classifier,validation,2011-08-31,0.05543126423260819,6621
mlp_classifier,validation,2011-09-30,0.2020289894948127,6627
mlp_classifier,validation,2011-10-31,-0.040834295985331975,6612
mlp_classifier,validation,2011-11-30,0.17444936070648137,6610
mlp_classifier,validation,2011-12-30,0.019603240790324564,6604
mlp_classifier,validation,2012-01-31,0.020855893107981017,6625
mlp_classifier,validation,2012-02-29,0.0871852185815166,6651
mlp_classifier,validation,2012-03-30,0.0015457013505851133,6663
mlp_classifier,validation,2012-04-30,-0.15637924538022233,6681
mlp_classifier,validation,2012-05-31,0.03731282025762328,6689
mlp_classifier,validation,2012-06-29,0.11727321951763368,6667
mlp_classifier,validation,2012-07-31,0.06676437798325753,6669
mlp_classifier,validation,2012-08-31,0.02712093525162347,6638
mlp_classifier,validation,2012-09-28,0.06743202612551526,6610
mlp_classifier,validation,2012-10-31,0.12186639584027256,6592
mlp_classifier,validation,2012-11-30,0.024000751121613127,6587
mlp_classifier,validation,2012-12-31,0.07679530366688592,6581
mlp_classifier,validation,2013-01-31,0.12541247828583046,6571
mlp_classifier,validation,2013-02-28,0.11981375814176837,6574
mlp_classifier,validation,2013-03-28,0.11619746333713248,6551
mlp_classifier,validation,2013-04-30,0.013180565507237877,6563
mlp_classifier,validation,2013-05-31,0.013029107234551368,6583
mlp_classifier,validation,2013-06-28,0.09696714779757361,6602
mlp_classifier,validation,2013-07-31,-0.07310582856711617,6626
mlp_classifier,validation,2013-08-30,0.09722457153007061,6645
mlp_classifier,validation,2013-09-30,0.21449847700223437,6657
mlp_classifier,validation,2013-10-31,0.0973242996763694,6688
mlp_classifier,validation,2013-11-29,0.07740881969500803,6714
mlp_classifier,validation,2013-12-31,-0.2233453101724167,6716
mlp_classifier,validation,2014-01-31,0.07892159554764755,6746
mlp_classifier,validation,2014-02-28,0.14580402996347783,6767
mlp_classifier,validation,2014-03-31,0.22375750664717553,6793
mlp_classifier,validation,2014-04-30,0.15578914175498482,6815
mlp_classifier,validation,2014-05-30,-0.017333339538008783,6849
mlp_classifier,validation,2014-06-30,0.11642160811982663,6886
mlp_classifier,validation,2014-07-31,0.15715659577219285,6922
mlp_classifier,validation,2014-08-29,0.022492296080647463,6946
mlp_classifier,validation,2014-09-30,0.17386154171309734,6951
mlp_classifier,validation,2014-10-31,0.12416750239215744,6977
mlp_classifier,validation,2014-11-28,0.03590739821633335,7001
mlp_classifier,validation,2014-12-31,0.11508905098761259,6993
mlp_classifier,validation,2015-01-30,-0.05847932794050527,6981
mlp_classifier,validation,2015-02-27,0.07901009246169109,6995
mlp_classifier,validation,2015-03-31,-0.08090565967591258,7000
mlp_classifier,validation,2015-04-30,0.06742490543667672,7028
mlp_classifier,validation,2015-05-29,0.05651737103319036,7048
mlp_classifier,validation,2015-06-30,0.23495247462448227,7085
mlp_classifier,validation,2015-07-31,0.04575552585866653,7140
mlp_classifier,validation,2015-08-31,0.19340614545091692,7146
mlp_classifier,validation,2015-09-30,0.062048647655420196,7146
mlp_classifier,validation,2015-10-30,-0.03998109590179753,7151
mlp_classifier,validation,2015-11-30,0.21102503458681923,7177
mlp_er_train,test,2015-12-31,0.08460103124928407,7175
mlp_er_train,test,2016-01-29,0.0311038926636156,7146
mlp_er_train,test,2016-02-29,0.06790832264718394,7134
mlp_er_train,test,2016-03-31,-0.04539487968253524,7115
mlp_er_train,test,2016-04-29,0.05191464220517258,7106
mlp_er_train,test,2016-05-31,0.05811250992855321,7115
mlp_er_train,test,2016-06-30,0.08370511670738572,7119
mlp_er_train,test,2016-07-29,0.00935923134281803,7119
mlp_er_train,test,2016-08-31,0.028964274230923685,7082
mlp_er_train,test,2016-09-30,-0.005834822950573529,7090
mlp_er_train,test,2016-10-31,0.22824192396408394,7107
mlp_er_train,test,2016-11-30,0.1405358953962046,7096
mlp_er_train,test,2016-12-30,-0.055866184189408155,7108
mlp_er_train,test,2017-01-31,0.10192853105941282,7126
mlp_er_train,test,2017-02-28,0.0042357463887279624,7109
mlp_er_train,test,2017-03-31,0.10310832645376812,7110
mlp_er_train,test,2017-04-28,-0.006812584602642957,7129
mlp_er_train,test,2017-05-31,0.10539801708135317,7144
mlp_er_train,test,2017-06-30,0.054400218673294504,7146
mlp_er_train,test,2017-07-31,0.08470722985786708,7157
mlp_er_train,test,2017-08-31,0.06110263918689254,7132
mlp_er_train,test,2017-09-29,0.15967410720336864,7116
mlp_er_train,test,2017-10-31,0.0963602449105137,7152
mlp_er_train,test,2017-11-30,0.015657177664593225,7206
mlp_er_train,test,2017-12-29,0.10328090996939791,7205
mlp_er_train,test,2018-01-31,-0.07951126233137412,7242
mlp_er_train,test,2018-02-28,0.012296494618325816,7264
mlp_er_train,test,2018-03-29,0.011536682384355075,7211
mlp_er_train,test,2018-04-30,0.023995181556098314,7258
mlp_er_train,test,2018-05-31,0.07849498030780572,7270
mlp_er_train,test,2018-06-29,0.14745614301075077,7322
mlp_er_train,test,2018-07-31,0.08885309436514874,7355
mlp_er_train,test,2018-08-31,0.02408968460207141,7344
mlp_er_train,test,2018-09-28,-0.03458799395399913,7373
mlp_er_train,test,2018-10-31,0.05644364972060981,7413
mlp_er_train,test,2018-11-30,-0.011193543936101318,7412
mlp_er_train,test,2018-12-31,0.019493711759412148,7407
mlp_er_train,test,2019-01-31,0.09315629599100647,7408
mlp_er_train,test,2019-02-28,-0.018530213696578635,7390
mlp_er_train,test,2019-03-29,0.08922493787529213,7390
mlp_er_train,test,2019-04-30,-0.16629216411535455,7396
mlp_er_train,test,2019-05-31,0.20257834645095363,7458
mlp_er_train,test,2019-06-28,0.12417143593460213,7471
mlp_er_train,test,2019-07-31,-0.09949165739096134,7494
mlp_er_train,test,2019-08-30,0.04159834661705735,7486
mlp_er_train,test,2019-09-30,0.02738968940324859,7500
mlp_er_train,test,2019-10-31,0.11439148127797474,7504
mlp_er_train,test,2019-11-29,0.0656146115136466,7501
mlp_er_train,test,2019-12-31,-0.11505698463606094,7500
mlp_er_train,test,2020-01-31,-0.14867984705084136,7506
mlp_er_train,test,2020-02-28,-0.04118100037799383,7506
mlp_er_train,test,2020-03-31,0.19637432141231734,7475
mlp_er_train,test,2020-04-30,0.08226877316013144,7480
mlp_er_train,test,2020-05-29,-0.06450269847321871,7473
mlp_er_train,test,2020-06-30,0.14861510533639885,7519
mlp_er_train,test,2020-07-31,0.10275243161564683,7547
mlp_er_train,test,2020-08-31,0.009493778300053927,7574
mlp_er_train,test,2020-09-30,0.020509652593418314,7628
mlp_er_train,test,2020-10-30,-0.013716186844656484,7701
mlp_er_train,test,2020-11-30,0.054955961199507776,7773
mlp_er_train,test,2020-12-31,-0.2248265054303083,7875
mlp_er_train,test,2021-01-29,0.06864486864209436,7964
mlp_er_train,test,2021-02-26,0.23575994532876515,8055
mlp_er_train,test,2021-03-31,0.24912576034865505,8212
mlp_er_train,test,2021-04-30,0.1499039369912842,8360
mlp_er_train,test,2021-05-28,-0.14429459159972274,8479
mlp_er_train,test,2021-06-30,0.36386909796824557,8587
mlp_er_train,test,2021-07-30,0.08157059162704032,8722
mlp_er_train,test,2021-08-31,0.044421962899468086,8776
mlp_er_train,test,2021-09-30,0.2677034780539709,8872
mlp_er_train,test,2021-10-29,0.278818033137695,8968
mlp_er_train,test,2021-11-30,0.40690301228677467,9068
mlp_er_train,test,2021-12-31,0.08924364784031975,9189
mlp_er_train,test,2022-01-31,0.09648457809964976,9272
mlp_er_train,test,2022-02-28,0.09849053575537775,9347
mlp_er_train,test,2022-03-31,0.22509704781338655,9382
mlp_er_train,test,2022-04-29,0.15991398181634842,9421
mlp_er_train,test,2022-05-31,-0.12641338843197025,9432
mlp_er_train,test,2022-06-30,-0.0014634024592110292,9457
mlp_er_train,test,2022-07-29,0.005940254109371965,9458
mlp_er_train,test,2022-08-31,0.2668002693837048,9469
mlp_er_train,test,2022-09-30,0.24708642793202962,9495
mlp_er_train,test,2022-10-31,0.11932064588336526,9483
mlp_er_train,test,2022-11-30,0.1718916207292774,9465
mlp_er_train,test,2022-12-30,-0.009617405161905028,9402
mlp_er_train,test,2023-01-31,0.04101953264202614,9376
mlp_er_train,test,2023-02-28,0.1503956913953896,9352
mlp_er_train,test,2023-03-31,0.06666256603811796,9324
mlp_er_train,test,2023-04-28,-0.046181085329738365,9298
mlp_er_train,test,2023-05-31,0.2014565333480045,9304
mlp_er_train,test,2023-06-30,0.08798727936299504,9291
mlp_er_train,test,2023-07-31,0.21468410468835028,9265
mlp_er_train,test,2023-08-31,0.19114799617911996,9278
mlp_er_train,test,2023-09-29,0.10498056839412308,9318
mlp_er_train,test,2023-10-31,0.12344346182365969,9331
mlp_er_train,test,2023-11-30,0.01654125602265917,9327
mlp_er_train,test,2023-12-29,0.10468327962997725,9309
mlp_er_train,test,2024-01-31,0.05908514833108776,9367
mlp_er_train,test,2024-02-29,0.21922999404951227,9327
mlp_er_train,test,2024-03-28,0.03281531827233437,9334
mlp_er_train,test,2024-04-30,0.1497140274591872,9344
mlp_er_train,test,2024-05-31,-0.027842029899613544,9372
mlp_er_train,test,2024-06-28,0.14335672415524278,9404
mlp_er_train,test,2024-07-31,-0.014958807046300635,9436
mlp_er_train,test,2024-08-30,0.10111616003833565,9439
mlp_er_train,test,2024-09-30,0.0654048834666923,9542
mlp_er_train,test,2024-10-31,0.19066174525371962,9583
mlp_er_train,validation,2010-12-31,0.03853325180192715,6508
mlp_er_train,validation,2011-01-31,0.13519907063669007,6534
mlp_er_train,validation,2011-02-28,0.09895155393834455,6533
mlp_er_train,validation,2011-03-31,0.09507946470257363,6542
mlp_er_train,validation,2011-04-29,-0.11580182369874224,6561
mlp_er_train,validation,2011-05-31,-0.06264564030629721,6593
mlp_er_train,validation,2011-06-30,-0.07916592414766783,6612
mlp_er_train,validation,2011-07-29,-0.16569452559853373,6621
mlp_er_train,validation,2011-08-31,-0.11790168292054216,6621
mlp_er_train,validation,2011-09-30,0.33664541513782653,6627
mlp_er_train,validation,2011-10-31,-0.16695113218511373,6612
mlp_er_train,validation,2011-11-30,0.09763586300470357,6610
mlp_er_train,validation,2011-12-30,0.1997192186158428,6604
mlp_er_train,validation,2012-01-31,0.055821058090267606,6625
mlp_er_train,validation,2012-02-29,0.1301727605366679,6651
mlp_er_train,validation,2012-03-30,-0.15158073341965617,6663
mlp_er_train,validation,2012-04-30,-0.33603193537109133,6681
mlp_er_train,validation,2012-05-31,0.0375410106470331,6689
mlp_er_train,validation,2012-06-29,-0.11290624179839955,6667
mlp_er_train,validation,2012-07-31,0.09852202990315663,6669
mlp_er_train,validation,2012-08-31,0.07632819720111972,6638
mlp_er_train,validation,2012-09-28,-0.09680344435481807,6610
mlp_er_train,validation,2012-10-31,0.03329182636723187,6592
mlp_er_train,validation,2012-11-30,0.12373743129005729,6587
mlp_er_train,validation,2012-12-31,0.16731383558229088,6581
mlp_er_train,validation,2013-01-31,0.09207769382348008,6571
mlp_er_train,validation,2013-02-28,0.16652529080395698,6574
mlp_er_train,validation,2013-03-28,-0.02684712817781504,6551
mlp_er_train,validation,2013-04-30,0.20209648207368844,6563
mlp_er_train,validation,2013-05-31,0.06754318465159348,6583
mlp_er_train,validation,2013-06-28,0.16428125207120647,6602
mlp_er_train,validation,2013-07-31,-0.06277252578893161,6626
mlp_er_train,validation,2013-08-30,0.14001976160610458,6645
mlp_er_train,validation,2013-09-30,0.17939266135919682,6657
mlp_er_train,validation,2013-10-31,0.15485250658123118,6688
mlp_er_train,validation,2013-11-29,0.09906138322528939,6714
mlp_er_train,validation,2013-12-31,-0.23615886545615178,6716
mlp_er_train,validation,2014-01-31,0.11024881048225621,6746
mlp_er_train,validation,2014-02-28,0.09848587505270218,6767
mlp_er_train,validation,2014-03-31,0.004171087586012045,6793
mlp_er_train,validation,2014-04-30,0.11212135668630957,6815
mlp_er_train,validation,2014-05-30,0.07258528612619904,6849
mlp_er_train,validation,2014-06-30,-0.05964697960531608,6886
mlp_er_train,validation,2014-07-31,0.1665639616348361,6922
mlp_er_train,validation,2014-08-29,-0.13184727839621666,6946
mlp_er_train,validation,2014-09-30,0.165843900862429,6951
mlp_er_train,validation,2014-10-31,0.055667294748943615,6977
mlp_er_train,validation,2014-11-28,0.10040328412244347,7001
mlp_er_train,validation,2014-12-31,-0.08279547326059349,6993
mlp_er_train,validation,2015-01-30,0.02925371372110468,6981
mlp_er_train,validation,2015-02-27,0.0643881872130021,6995
mlp_er_train,validation,2015-03-31,-0.13057809312359014,7000
mlp_er_train,validation,2015-04-30,0.0866114189142056,7028
mlp_er_train,validation,2015-05-29,0.09062807845028067,7048
mlp_er_train,validation,2015-06-30,0.171624063723544,7085
mlp_er_train,validation,2015-07-31,0.020353695213479996,7140
mlp_er_train,validation,2015-08-31,0.11551758146337035,7146
mlp_er_train,validation,2015-09-30,0.07844588172152861,7146
mlp_er_train,validation,2015-10-30,-0.010535447703862152,7151
mlp_er_train,validation,2015-11-30,-0.005925842160335929,7177
xgb_classifier,test,2015-12-31,0.3704257448252602,7175
xgb_classifier,test,2016-01-29,0.03808180609846325,7146
xgb_classifier,test,2016-02-29,-0.12059007046488937,7134
xgb_classifier,test,2016-03-31,-0.1390431427029264,7115
xgb_classifier,test,2016-04-29,0.08753780468615749,7106
xgb_classifier,test,2016-05-31,0.17327362783228759,7115
xgb_classifier,test,2016-06-30,-0.07367446765841243,7119
xgb_classifier,test,2016-07-29,-0.02447168358529244,7119
xgb_classifier,test,2016-08-31,0.015862247209012158,7082
xgb_classifier,test,2016-09-30,0.18214380842976557,7090
xgb_classifier,test,2016-10-31,-0.0168717517749479,7107
xgb_classifier,test,2016-11-30,0.12141189059266862,7096
xgb_classifier,test,2016-12-30,-0.024817245529893527,7108
xgb_classifier,test,2017-01-31,0.0579896289170637,7126
xgb_classifier,test,2017-02-28,0.009146429365523965,7109
xgb_classifier,test,2017-03-31,0.15602649061616128,7110
xgb_classifier,test,2017-04-28,0.10103222588495804,7129
xgb_classifier,test,2017-05-31,0.04880961226646859,7144
xgb_classifier,test,2017-06-30,0.13422391279968313,7146
xgb_classifier,test,2017-07-31,0.09731445368023195,7157
xgb_classifier,test,2017-08-31,0.03292651917853739,7132
xgb_classifier,test,2017-09-29,0.20915319941310742,7116
xgb_classifier,test,2017-10-31,0.04810803846660187,7152
xgb_classifier,test,2017-11-30,-0.018334416512290622,7206
xgb_classifier,test,2017-12-29,0.0876587843747588,7205
xgb_classifier,test,2018-01-31,0.01602437257349459,7242
xgb_classifier,test,2018-02-28,0.07263789679474947,7264
xgb_classifier,test,2018-03-29,0.003941366649997599,7211
xgb_classifier,test,2018-04-30,-0.015586589797249474,7258
xgb_classifier,test,2018-05-31,0.03132885597142407,7270
xgb_classifier,test,2018-06-29,0.13945795813333844,7322
xgb_classifier,test,2018-07-31,0.009967234780037505,7355
xgb_classifier,test,2018-08-31,0.05679402037502503,7344
xgb_classifier,test,2018-09-28,0.09636685562493215,7373
xgb_classifier,test,2018-10-31,0.09255767364442673,7413
xgb_classifier,test,2018-11-30,0.23727445840503197,7412
xgb_classifier,test,2018-12-31,-0.19213084661301402,7407
xgb_classifier,test,2019-01-31,-0.0006054285666243759,7408
xgb_classifier,test,2019-02-28,0.1283489218834758,7390
xgb_classifier,test,2019-03-29,0.12182631797903055,7390
xgb_classifier,test,2019-04-30,0.26326535687478825,7396
xgb_classifier,test,2019-05-31,0.09877988008339468,7458
xgb_classifier,test,2019-06-28,0.14813350544059917,7471
xgb_classifier,test,2019-07-31,-0.01699729471449769,7494
xgb_classifier,test,2019-08-30,0.03074859437455146,7486
xgb_classifier,test,2019-09-30,0.060721617823946715,7500
xgb_classifier,test,2019-10-31,-0.05247668211313174,7504
xgb_classifier,test,2019-11-29,-0.0037995947719671893,7501
xgb_classifier,test,2019-12-31,0.07458551497981793,7500
xgb_classifier,test,2020-01-31,0.15572691780289316,7506
xgb_classifier,test,2020-02-28,0.24840540552035684,7506
xgb_classifier,test,2020-03-31,-0.10495831401867801,7475
xgb_classifier,test,2020-04-30,-0.046337127355932255,7480
xgb_classifier,test,2020-05-29,-0.1339040321838869,7473
xgb_classifier,test,2020-06-30,0.05973236180047435,7519
xgb_classifier,test,2020-07-31,-0.01078597462275636,7547
xgb_classifier,test,2020-08-31,0.10956634733975275,7574
xgb_classifier,test,2020-09-30,0.015158910618864995,7628
xgb_classifier,test,2020-10-30,-0.2691283427541595,7701
xgb_classifier,test,2020-11-30,-0.07533734475016605,7773
xgb_classifier,test,2020-12-31,-0.197869531463433,7875
xgb_classifier,test,2021-01-29,-0.02717554901958533,7964
xgb_classifier,test,2021-02-26,0.2300342645393682,8055
xgb_classifier,test,2021-03-31,0.2568825955166769,8212
xgb_classifier,test,2021-04-30,0.24355722717582642,8360
xgb_classifier,test,2021-05-28,-0.11078306737281261,8479
xgb_classifier,test,2021-06-30,0.26861527547918024,8587
xgb_classifier,test,2021-07-30,0.08775493381868477,8722
xgb_classifier,test,2021-08-31,0.13896744509776474,8776
xgb_classifier,test,2021-09-30,0.2278287030626735,8872
xgb_classifier,test,2021-10-29,0.21424984209911008,8968
xgb_classifier,test,2021-11-30,0.3365621414634726,9068
xgb_classifier,test,2021-12-31,0.22545799760784788,9189
xgb_classifier,test,2022-01-31,0.06397685938051767,9272
xgb_classifier,test,2022-02-28,0.01905663285040763,9347
xgb_classifier,test,2022-03-31,0.34682720029373465,9382
xgb_classifier,test,2022-04-29,0.20777784250941975,9421
xgb_classifier,test,2022-05-31,0.11279492755204568,9432
xgb_classifier,test,2022-06-30,0.019067592192125397,9457
xgb_classifier,test,2022-07-29,-0.11118735282001338,9458
xgb_classifier,test,2022-08-31,0.2734714112969016,9469
xgb_classifier,test,2022-09-30,0.2647506997958579,9495
xgb_classifier,test,2022-10-31,0.08752322679708761,9483
xgb_classifier,test,2022-11-30,0.27659907781608645,9465
xgb_classifier,test,2022-12-30,-0.3420412081054047,9402
xgb_classifier,test,2023-01-31,0.17701691660354674,9376
xgb_classifier,test,2023-02-28,0.18313472608412001,9352
xgb_classifier,test,2023-03-31,0.09738775686266327,9324
xgb_classifier,test,2023-04-28,-0.039463898974012965,9298
xgb_classifier,test,2023-05-31,0.06797995377193417,9304
xgb_classifier,test,2023-06-30,0.02124442068003377,9291
xgb_classifier,test,2023-07-31,0.2322873852755325,9265
xgb_classifier,test,2023-08-31,0.18131203811571978,9278
xgb_classifier,test,2023-09-29,0.1465055340708519,9318
xgb_classifier,test,2023-10-31,0.07374756407060272,9331
xgb_classifier,test,2023-11-30,-0.04458031617454104,9327
xgb_classifier,test,2023-12-29,0.12653603285022513,9309
xgb_classifier,test,2024-01-31,0.07017231628543073,9367
xgb_classifier,test,2024-02-29,0.13795552089454677,9327
xgb_classifier,test,2024-03-28,0.09023300316587352,9334
xgb_classifier,test,2024-04-30,0.13075397143649017,9344
xgb_classifier,test,2024-05-31,0.20531482451899158,9372
xgb_classifier,test,2024-06-28,0.06054203148642038,9404
xgb_classifier,test,2024-07-31,0.22704088826731494,9436
xgb_classifier,test,2024-08-30,0.09299127185969569,9439
xgb_classifier,test,2024-09-30,0.05327514399682733,9542
xgb_classifier,test,2024-10-31,0.19795846470735148,9583
xgb_classifier,validation,2010-12-31,0.040869202175385366,6508
xgb_classifier,validation,2011-01-31,0.14356634260378237,6534
xgb_classifier,validation,2011-02-28,0.17175946653261795,6533
xgb_classifier,validation,2011-03-31,0.12185930628197755,6542
xgb_classifier,validation,2011-04-29,0.016792852543165305,6561
xgb_classifier,validation,2011-05-31,0.1226273725352105,6593
xgb_classifier,validation,2011-06-30,-0.018350008924829388,6612
xgb_classifier,validation,2011-07-29,0.041992374306632746,6621
xgb_classifier,validation,2011-08-31,-0.012505693718186432,6621
xgb_classifier,validation,2011-09-30,0.14291632179446165,6627
xgb_classifier,validation,2011-10-31,0.1762044144487158,6612
xgb_classifier,validation,2011-11-30,0.17151556800981257,6610
xgb_classifier,validation,2011-12-30,-0.11048643595735981,6604
xgb_classifier,validation,2012-01-31,0.035618938221559836,6625
xgb_classifier,validation,2012-02-29,0.04954818480423316,6651
xgb_classifier,validation,2012-03-30,0.06034431718430596,6663
xgb_classifier,validation,2012-04-30,0.0009790944790081116,6681
xgb_classifier,validation,2012-05-31,0.0026009218367709897,6689
xgb_classifier,validation,2012-06-29,0.1479467088264899,6667
xgb_classifier,validation,2012-07-31,0.047813935057927553,6669
xgb_classifier,validation,2012-08-31,-0.02702416544347254,6638
xgb_classifier,validation,2012-09-28,0.08303618166239055,6610
xgb_classifier,validation,2012-10-31,0.09223621962023179,6592
xgb_classifier,validation,2012-11-30,0.07258276985747394,6587
xgb_classifier,validation,2012-12-31,0.09100546317594496,6581
xgb_classifier,validation,2013-01-31,0.07660113036768104,6571
xgb_classifier,validation,2013-02-28,0.08170484859682683,6574
xgb_classifier,validation,2013-03-28,0.07944953450024338,6551
xgb_classifier,validation,2013-04-30,0.04001295866098144,6563
xgb_classifier,validation,2013-05-31,-0.014648308904638046,6583
xgb_classifier,validation,2013-06-28,0.09520805862795091,6602
xgb_classifier,validation,2013-07-31,-0.024184126937335026,6626
xgb_classifier,validation,2013-08-30,0.14886588333971437,6645
xgb_classifier,validation,2013-09-30,0.18517391537810363,6657
xgb_classifier,validation,2013-10-31,0.11081535119015112,6688
xgb_classifier,validation,2013-11-29,0.031230832226900512,6714
xgb_classifier,validation,2013-12-31,-0.0598095597508311,6716
xgb_classifier,validation,2014-01-31,0.005456071074048293,6746
xgb_classifier,validation,2014-02-28,0.145699462955152,6767
xgb_classifier,validation,2014-03-31,0.28910001162442445,6793
xgb_classifier,validation,2014-04-30,0.15596848937455793,6815
xgb_classifier,validation,2014-05-30,-0.12085163052990609,6849
xgb_classifier,validation,2014-06-30,0.12017323370808809,6886
xgb_classifier,validation,2014-07-31,0.06932225212893461,6922
xgb_classifier,validation,2014-08-29,0.06004263065877716,6946
xgb_classifier,validation,2014-09-30,0.13674898833992138,6951
xgb_classifier,validation,2014-10-31,0.05241293816592554,6977
xgb_classifier,validation,2014-11-28,0.030150392429356382,7001
xgb_classifier,validation,2014-12-31,0.08037300481206111,6993
xgb_classifier,validation,2015-01-30,-0.16769467497989757,6981
xgb_classifier,validation,2015-02-27,0.179398580189608,6995
xgb_classifier,validation,2015-03-31,-0.12609634300104947,7000
xgb_classifier,validation,2015-04-30,0.04552596016232801,7028
xgb_classifier,validation,2015-05-29,0.10039149231495403,7048
xgb_classifier,validation,2015-06-30,0.30248612178302153,7085
xgb_classifier,validation,2015-07-31,0.14410599659957668,7140
xgb_classifier,validation,2015-08-31,0.34271792159630143,7146
xgb_classifier,validation,2015-09-30,0.023117649386264812,7146
xgb_classifier,validation,2015-10-30,0.019935778693959915,7151
xgb_classifier,validation,2015-11-30,0.18226715015366213,7177
xgb_er_train,test,2015-12-31,0.08744240029433467,7175
xgb_er_train,test,2016-01-29,-0.0029222617091337628,7146
xgb_er_train,test,2016-02-29,-0.11203905490287627,7134
xgb_er_train,test,2016-03-31,0.020461641823159644,7115
xgb_er_train,test,2016-04-29,-0.05690810969967747,7106
xgb_er_train,test,2016-05-31,0.14643402430297056,7115
xgb_er_train,test,2016-06-30,0.037204753558280894,7119
xgb_er_train,test,2016-07-29,-0.014972056001123207,7119
xgb_er_train,test,2016-08-31,0.07077604062940217,7082
xgb_er_train,test,2016-09-30,-0.13218205833275287,7090
xgb_er_train,test,2016-10-31,0.07589195942513849,7107
xgb_er_train,test,2016-11-30,0.12213800666918323,7096
xgb_er_train,test,2016-12-30,0.008303534074576447,7108
xgb_er_train,test,2017-01-31,-0.025399618537129028,7126
xgb_er_train,test,2017-02-28,-0.019857415346383342,7109
xgb_er_train,test,2017-03-31,0.10566562811436982,7110
xgb_er_train,test,2017-04-28,-0.10500546265441056,7129
xgb_er_train,test,2017-05-31,0.05287465355602046,7144
xgb_er_train,test,2017-06-30,0.0702520904561895,7146
xgb_er_train,test,2017-07-31,0.11348719255125961,7157
xgb_er_train,test,2017-08-31,-0.10885764034280644,7132
xgb_er_train,test,2017-09-29,0.12795824213207507,7116
xgb_er_train,test,2017-10-31,-0.014700149334328767,7152
xgb_er_train,test,2017-11-30,0.0377400442977732,7206
xgb_er_train,test,2017-12-29,0.11795599239391001,7205
xgb_er_train,test,2018-01-31,0.00835705244067349,7242
xgb_er_train,test,2018-02-28,-0.07587426248722262,7264
xgb_er_train,test,2018-03-29,-0.04184847504489453,7211
xgb_er_train,test,2018-04-30,-0.02651014970124702,7258
xgb_er_train,test,2018-05-31,0.03166486709303307,7270
xgb_er_train,test,2018-06-29,0.15398408070395733,7322
xgb_er_train,test,2018-07-31,0.08001307826974222,7355
xgb_er_train,test,2018-08-31,0.04447984637863747,7344
xgb_er_train,test,2018-09-28,0.14699410694807283,7373
xgb_er_train,test,2018-10-31,0.08597144552296843,7413
xgb_er_train,test,2018-11-30,0.19560646686014677,7412
xgb_er_train,test,2018-12-31,0.02293412234856005,7407
xgb_er_train,test,2019-01-31,0.04408072939636357,7408
xgb_er_train,test,2019-02-28,0.025968639924963583,7390
xgb_er_train,test,2019-03-29,-0.10401893210931706,7390
xgb_er_train,test,2019-04-30,-0.21660141042870762,7396
xgb_er_train,test,2019-05-31,-0.03543173187097822,7458
xgb_er_train,test,2019-06-28,0.08523464784639145,7471
xgb_er_train,test,2019-07-31,-0.20395602230124574,7494
xgb_er_train,test,2019-08-30,-0.10741260731877517,7486
xgb_er_train,test,2019-09-30,-0.05577752196965062,7500
xgb_er_train,test,2019-10-31,0.05461152983372143,7504
xgb_er_train,test,2019-11-29,0.023197160636979526,7501
xgb_er_train,test,2019-12-31,-0.10781602129843135,7500
xgb_er_train,test,2020-01-31,0.0017475009196913768,7506
xgb_er_train,test,2020-02-28,-0.09561267427592626,7506
xgb_er_train,test,2020-03-31,0.2461730890205183,7475
xgb_er_train,test,2020-04-30,0.06864584558736488,7480
xgb_er_train,test,2020-05-29,0.04213050416497381,7473
xgb_er_train,test,2020-06-30,-0.012500644959523003,7519
xgb_er_train,test,2020-07-31,-0.09393571901471948,7547
xgb_er_train,test,2020-08-31,-0.07495191265024115,7574
xgb_er_train,test,2020-09-30,-0.11112099570304873,7628
xgb_er_train,test,2020-10-30,0.21958994506488985,7701
xgb_er_train,test,2020-11-30,0.06774373608997455,7773
xgb_er_train,test,2020-12-31,-0.17442019736968253,7875
xgb_er_train,test,2021-01-29,-0.0012888443912723391,7964
xgb_er_train,test,2021-02-26,0.22556635015145463,8055
xgb_er_train,test,2021-03-31,0.22565192375433363,8212
xgb_er_train,test,2021-04-30,0.1896513146204783,8360
xgb_er_train,test,2021-05-28,0.07427871613222346,8479
xgb_er_train,test,2021-06-30,0.17321549841354708,8587
xgb_er_train,test,2021-07-30,0.036661664795953564,8722
xgb_er_train,test,2021-08-31,0.05990582426784465,8776
xgb_er_train,test,2021-09-30,0.1892995934427784,8872
xgb_er_train,test,2021-10-29,0.08233253261882026,8968
xgb_er_train,test,2021-11-30,0.08886016531853931,9068
xgb_er_train,test,2021-12-31,-0.03524447557347216,9189
xgb_er_train,test,2022-01-31,0.002955374445456386,9272
xgb_er_train,test,2022-02-28,0.05254957307984486,9347
xgb_er_train,test,2022-03-31,0.11278684523092848,9382
xgb_er_train,test,2022-04-29,0.06100682606111675,9421
xgb_er_train,test,2022-05-31,0.041299642327006295,9432
xgb_er_train,test,2022-06-30,-0.07227947896652767,9457
xgb_er_train,test,2022-07-29,0.024460307001877082,9458
xgb_er_train,test,2022-08-31,0.0446831038448416,9469
xgb_er_train,test,2022-09-30,0.059307622144271356,9495
xgb_er_train,test,2022-10-31,-0.20367849245019837,9483
xgb_er_train,test,2022-11-30,-0.0632690198622329,9465
xgb_er_train,test,2022-12-30,-0.0645194867421579,9402
xgb_er_train,test,2023-01-31,-0.18378413493674758,9376
xgb_er_train,test,2023-02-28,0.0765703567230363,9352
xgb_er_train,test,2023-03-31,-0.1320538209556926,9324
xgb_er_train,test,2023-04-28,-0.05284124964716897,9298
xgb_er_train,test,2023-05-31,-0.014665164079698728,9304
xgb_er_train,test,2023-06-30,-0.08232315250759643,9291
xgb_er_train,test,2023-07-31,-0.18116049128872588,9265
xgb_er_train,test,2023-08-31,-0.015984026666259327,9278
xgb_er_train,test,2023-09-29,-0.1693945974258114,9318
xgb_er_train,test,2023-10-31,0.012239192211301984,9331
xgb_er_train,test,2023-11-30,-0.09592486809448053,9327
xgb_er_train,test,2023-12-29,-0.06258122521442866,9309
xgb_er_train,test,2024-01-31,0.10153834859280314,9367
xgb_er_train,test,2024-02-29,-0.13000372262045512,9327
xgb_er_train,test,2024-03-28,-0.19640270084768957,9334
xgb_er_train,test,2024-04-30,0.10853569125656809,9344
xgb_er_train,test,2024-05-31,0.21373072780396496,9372
xgb_er_train,test,2024-06-28,-0.01993837550742047,9404
xgb_er_train,test,2024-07-31,-0.20806903414534214,9436
xgb_er_train,test,2024-08-30,0.047213939898969895,9439
xgb_er_train,test,2024-09-30,-0.057726358123005424,9542
xgb_er_train,test,2024-10-31,-0.06422222704511997,9583
xgb_er_train,validation,2010-12-31,0.029385179353273717,6508
xgb_er_train,validation,2011-01-31,0.07400844226669183,6534
xgb_er_train,validation,2011-02-28,0.00874510593960443,6533
xgb_er_train,validation,2011-03-31,0.06178773564576988,6542
xgb_er_train,validation,2011-04-29,-0.21299562315328102,6561
xgb_er_train,validation,2011-05-31,-0.10184797125386587,6593
xgb_er_train,validation,2011-06-30,-0.042947196868464134,6612
xgb_er_train,validation,2011-07-29,-0.17457749334912118,6621
xgb_er_train,validation,2011-08-31,-0.042272446887366574,6621
xgb_er_train,validation,2011-09-30,0.07870599383760303,6627
xgb_er_train,validation,2011-10-31,-0.14777496469919266,6612
xgb_er_train,validation,2011-11-30,-0.012270142946488063,6610
xgb_er_train,validation,2011-12-30,0.23948540774490684,6604
xgb_er_train,validation,2012-01-31,0.06692708126850327,6625
xgb_er_train,validation,2012-02-29,0.002609480282875236,6651
xgb_er_train,validation,2012-03-30,0.046189761271122995,6663
xgb_er_train,validation,2012-04-30,-0.27685617267292867,6681
xgb_er_train,validation,2012-05-31,-0.016046374185555733,6689
xgb_er_train,validation,2012-06-29,0.09387786794247677,6667
xgb_er_train,validation,2012-07-31,0.026220301103571587,6669
xgb_er_train,validation,2012-08-31,0.03996574947845183,6638
xgb_er_train,validation,2012-09-28,-0.0700607691894374,6610
xgb_er_train,validation,2012-10-31,0.018996093984989342,6592
xgb_er_train,validation,2012-11-30,-0.07655640808547855,6587
xgb_er_train,validation,2012-12-31,0.060889715554342666,6581
xgb_er_train,validation,2013-01-31,-0.07484525270246913,6571
xgb_er_train,validation,2013-02-28,0.02309016660260821,6574
xgb_er_train,validation,2013-03-28,0.006321278876225941,6551
xgb_er_train,validation,2013-04-30,0.08987018486734469,6563
xgb_er_train,validation,2013-05-31,-0.02440400987290917,6583
xgb_er_train,validation,2013-06-28,0.13075742330611229,6602
xgb_er_train,validation,2013-07-31,0.006537498883407932,6626
xgb_er_train,validation,2013-08-30,0.04031986948631172,6645
xgb_er_train,validation,2013-09-30,0.053830400868040904,6657
xgb_er_train,validation,2013-10-31,0.11641660458570831,6688
xgb_er_train,validation,2013-11-29,0.05222774173887803,6714
xgb_er_train,validation,2013-12-31,-0.08351857401919187,6716
xgb_er_train,validation,2014-01-31,-0.024276817771044654,6746
xgb_er_train,validation,2014-02-28,-0.010934253150870323,6767
xgb_er_train,validation,2014-03-31,0.18529031103098012,6793
xgb_er_train,validation,2014-04-30,0.13289463297191814,6815
xgb_er_train,validation,2014-05-30,-0.08505730926545202,6849
xgb_er_train,validation,2014-06-30,0.02602620009154463,6886
xgb_er_train,validation,2014-07-31,0.06423237045289745,6922
xgb_er_train,validation,2014-08-29,0.006520063110040428,6946
xgb_er_train,validation,2014-09-30,0.03541333754428615,6951
xgb_er_train,validation,2014-10-31,0.06510493625960688,6977
xgb_er_train,validation,2014-11-28,-0.10414545074808298,7001
xgb_er_train,validation,2014-12-31,0.027376626505429307,6993
xgb_er_train,validation,2015-01-30,-0.07163653032430542,6981
xgb_er_train,validation,2015-02-27,0.06942161942130926,6995
xgb_er_train,validation,2015-03-31,-0.05161998677498604,7000
xgb_er_train,validation,2015-04-30,0.08730726536504371,7028
xgb_er_train,validation,2015-05-29,0.10810660362505155,7048
xgb_er_train,validation,2015-06-30,0.279362766111035,7085
xgb_er_train,validation,2015-07-31,0.07645275614702796,7140
xgb_er_train,validation,2015-08-31,0.22878309325751456,7146
xgb_er_train,validation,2015-09-30,0.014810462323203082,7146
xgb_er_train,validation,2015-10-30,-0.003546709855742125,7151
xgb_er_train,validation,2015-11-30,0.10699599997093048,7177
ft_base_seed362559_classifier,test,2015-12-31,0.2410158952586304,7175
ft_base_seed362559_classifier,test,2016-01-29,0.05187765163658708,7146
ft_base_seed362559_classifier,test,2016-02-29,-0.08313126541191762,7134
ft_base_seed362559_classifier,test,2016-03-31,-0.2096696565291337,7115
ft_base_seed362559_classifier,test,2016-04-29,0.11832225132929056,7106
ft_base_seed362559_classifier,test,2016-05-31,0.07942149498259778,7115
ft_base_seed362559_classifier,test,2016-06-30,-0.05909122128635812,7119
ft_base_seed362559_classifier,test,2016-07-29,-0.04514138272770056,7119
ft_base_seed362559_classifier,test,2016-08-31,-0.0324948465677855,7082
ft_base_seed362559_classifier,test,2016-09-30,0.1401266349667594,7090
ft_base_seed362559_classifier,test,2016-10-31,0.09385984872195516,7107
ft_base_seed362559_classifier,test,2016-11-30,0.11912173315902008,7096
ft_base_seed362559_classifier,test,2016-12-30,-0.011329895720052276,7108
ft_base_seed362559_classifier,test,2017-01-31,0.09327395739420449,7126
ft_base_seed362559_classifier,test,2017-02-28,0.02506635512171409,7109
ft_base_seed362559_classifier,test,2017-03-31,0.14027441166125307,7110
ft_base_seed362559_classifier,test,2017-04-28,0.07238156406366482,7129
ft_base_seed362559_classifier,test,2017-05-31,0.04961947036810015,7144
ft_base_seed362559_classifier,test,2017-06-30,0.13955803104672446,7146
ft_base_seed362559_classifier,test,2017-07-31,0.14350296115319908,7157
ft_base_seed362559_classifier,test,2017-08-31,-0.04411679103624441,7132
ft_base_seed362559_classifier,test,2017-09-29,0.22563639366054083,7116
ft_base_seed362559_classifier,test,2017-10-31,0.029018437938987073,7152
ft_base_seed362559_classifier,test,2017-11-30,0.062322905849892446,7206
ft_base_seed362559_classifier,test,2017-12-29,0.11836431438551369,7205
ft_base_seed362559_classifier,test,2018-01-31,-0.015806478140506282,7242
ft_base_seed362559_classifier,test,2018-02-28,0.014257426721125323,7264
ft_base_seed362559_classifier,test,2018-03-29,0.0034957237774510316,7211
ft_base_seed362559_classifier,test,2018-04-30,-0.07357974719049382,7258
ft_base_seed362559_classifier,test,2018-05-31,0.034123006761316625,7270
ft_base_seed362559_classifier,test,2018-06-29,0.204794613915687,7322
ft_base_seed362559_classifier,test,2018-07-31,0.00391659132389731,7355
ft_base_seed362559_classifier,test,2018-08-31,0.11837029315444643,7344
ft_base_seed362559_classifier,test,2018-09-28,0.18671470537351442,7373
ft_base_seed362559_classifier,test,2018-10-31,0.14535101019705482,7413
ft_base_seed362559_classifier,test,2018-11-30,0.21634342871771692,7412
ft_base_seed362559_classifier,test,2018-12-31,-0.211680122736471,7407
ft_base_seed362559_classifier,test,2019-01-31,-0.012064425425740832,7408
ft_base_seed362559_classifier,test,2019-02-28,0.13568275519211037,7390
ft_base_seed362559_classifier,test,2019-03-29,0.10562112216329868,7390
ft_base_seed362559_classifier,test,2019-04-30,0.23270166321586638,7396
ft_base_seed362559_classifier,test,2019-05-31,0.15014630141848787,7458
ft_base_seed362559_classifier,test,2019-06-28,0.1658254235872971,7471
ft_base_seed362559_classifier,test,2019-07-31,0.051569757200781656,7494
ft_base_seed362559_classifier,test,2019-08-30,0.10374403000420289,7486
ft_base_seed362559_classifier,test,2019-09-30,0.10172774415478784,7500
ft_base_seed362559_classifier,test,2019-10-31,0.058012619215579174,7504
ft_base_seed362559_classifier,test,2019-11-29,-0.05753370441781237,7501
ft_base_seed362559_classifier,test,2019-12-31,-0.011771185939671344,7500
ft_base_seed362559_classifier,test,2020-01-31,-0.08496824649847469,7506
ft_base_seed362559_classifier,test,2020-02-28,0.18699939949551764,7506
ft_base_seed362559_classifier,test,2020-03-31,-0.009351813617574534,7475
ft_base_seed362559_classifier,test,2020-04-30,-0.006430884045252052,7480
ft_base_seed362559_classifier,test,2020-05-29,-0.12609230230354346,7473
ft_base_seed362559_classifier,test,2020-06-30,0.20745728487310122,7519
ft_base_seed362559_classifier,test,2020-07-31,0.04348712307301697,7547
ft_base_seed362559_classifier,test,2020-08-31,0.13957118436630903,7574
ft_base_seed362559_classifier,test,2020-09-30,0.0334449931991725,7628
ft_base_seed362559_classifier,test,2020-10-30,-0.11783608893868786,7701
ft_base_seed362559_classifier,test,2020-11-30,0.03233866635622381,7773
ft_base_seed362559_classifier,test,2020-12-31,-0.14990765617938162,7875
ft_base_seed362559_classifier,test,2021-01-29,0.02309278646756216,7964
ft_base_seed362559_classifier,test,2021-02-26,0.2000319234442656,8055
ft_base_seed362559_classifier,test,2021-03-31,0.24529171168832556,8212
ft_base_seed362559_classifier,test,2021-04-30,0.20323992745976902,8360
ft_base_seed362559_classifier,test,2021-05-28,-0.1476798290473816,8479
ft_base_seed362559_classifier,test,2021-06-30,0.24451101105597875,8587
ft_base_seed362559_classifier,test,2021-07-30,0.0683766639130399,8722
ft_base_seed362559_classifier,test,2021-08-31,0.1073466645394614,8776
ft_base_seed362559_classifier,test,2021-09-30,0.27027920701404157,8872
ft_base_seed362559_classifier,test,2021-10-29,0.22871789886039884,8968
ft_base_seed362559_classifier,test,2021-11-30,0.3690914541161321,9068
ft_base_seed362559_classifier,test,2021-12-31,0.21248273038470225,9189
ft_base_seed362559_classifier,test,2022-01-31,0.11400570337482364,9272
ft_base_seed362559_classifier,test,2022-02-28,0.09093281326127292,9347
ft_base_seed362559_classifier,test,2022-03-31,0.36893261521895215,9382
ft_base_seed362559_classifier,test,2022-04-29,0.21318740305521583,9421
ft_base_seed362559_classifier,test,2022-05-31,0.008105795436265878,9432
ft_base_seed362559_classifier,test,2022-06-30,0.004413282575098173,9457
ft_base_seed362559_classifier,test,2022-07-29,-0.018719102963693973,9458
ft_base_seed362559_classifier,test,2022-08-31,0.3047624022248578,9469
ft_base_seed362559_classifier,test,2022-09-30,0.2341547852314131,9495
ft_base_seed362559_classifier,test,2022-10-31,0.21991665210362546,9483
ft_base_seed362559_classifier,test,2022-11-30,0.2015995614783562,9465
ft_base_seed362559_classifier,test,2022-12-30,-0.2631861183833606,9402
ft_base_seed362559_classifier,test,2023-01-31,0.14022815944449113,9376
ft_base_seed362559_classifier,test,2023-02-28,0.22524057428731148,9352
ft_base_seed362559_classifier,test,2023-03-31,0.11203608919326401,9324
ft_base_seed362559_classifier,test,2023-04-28,-0.06933543349388419,9298
ft_base_seed362559_classifier,test,2023-05-31,0.19167667893213255,9304
ft_base_seed362559_classifier,test,2023-06-30,-0.02481412053774287,9291
ft_base_seed362559_classifier,test,2023-07-31,0.13278224612953593,9265
ft_base_seed362559_classifier,test,2023-08-31,0.12456131023199211,9278
ft_base_seed362559_classifier,test,2023-09-29,0.19774327762400798,9318
ft_base_seed362559_classifier,test,2023-10-31,0.11846879027830545,9331
ft_base_seed362559_classifier,test,2023-11-30,-0.017671244663360355,9327
ft_base_seed362559_classifier,test,2023-12-29,0.14764182340115645,9309
ft_base_seed362559_classifier,test,2024-01-31,0.12096110946018838,9367
ft_base_seed362559_classifier,test,2024-02-29,0.18231378774569654,9327
ft_base_seed362559_classifier,test,2024-03-28,0.14558277800965785,9334
ft_base_seed362559_classifier,test,2024-04-30,0.15691468356254457,9344
ft_base_seed362559_classifier,test,2024-05-31,0.12443008378935273,9372
ft_base_seed362559_classifier,test,2024-06-28,0.05165806002180475,9404
ft_base_seed362559_classifier,test,2024-07-31,0.21845690932204206,9436
ft_base_seed362559_classifier,test,2024-08-30,0.12272800817840494,9439
ft_base_seed362559_classifier,test,2024-09-30,0.08494702041717189,9542
ft_base_seed362559_classifier,test,2024-10-31,0.10125998884436549,9583
ft_base_seed362559_classifier,validation,2010-12-31,0.02275220837500247,6508
ft_base_seed362559_classifier,validation,2011-01-31,0.12517358911647392,6534
ft_base_seed362559_classifier,validation,2011-02-28,0.18301267128606058,6533
ft_base_seed362559_classifier,validation,2011-03-31,0.18578019017642897,6542
ft_base_seed362559_classifier,validation,2011-04-29,0.04333388269212535,6561
ft_base_seed362559_classifier,validation,2011-05-31,0.12334988293529911,6593
ft_base_seed362559_classifier,validation,2011-06-30,-0.051655749312164795,6612
ft_base_seed362559_classifier,validation,2011-07-29,0.17067739929182255,6621
ft_base_seed362559_classifier,validation,2011-08-31,0.09444772618124347,6621
ft_base_seed362559_classifier,validation,2011-09-30,0.0592164680716544,6627
ft_base_seed362559_classifier,validation,2011-10-31,0.20931854343224077,6612
ft_base_seed362559_classifier,validation,2011-11-30,0.15504408059584102,6610
ft_base_seed362559_classifier,validation,2011-12-30,-0.1758562296214593,6604
ft_base_seed362559_classifier,validation,2012-01-31,-0.012263867913010292,6625
ft_base_seed362559_classifier,validation,2012-02-29,0.05668570050286236,6651
ft_base_seed362559_classifier,validation,2012-03-30,0.10310486984958614,6663
ft_base_seed362559_classifier,validation,2012-04-30,-0.07583287934190182,6681
ft_base_seed362559_classifier,validation,2012-05-31,0.0500044368411032,6689
ft_base_seed362559_classifier,validation,2012-06-29,0.14652756442946435,6667
ft_base_seed362559_classifier,validation,2012-07-31,0.08840274821258999,6669
ft_base_seed362559_classifier,validation,2012-08-31,0.023273273153111337,6638
ft_base_seed362559_classifier,validation,2012-09-28,0.097908036593861,6610
ft_base_seed362559_classifier,validation,2012-10-31,0.14971713886106314,6592
ft_base_seed362559_classifier,validation,2012-11-30,0.019188241070725715,6587
ft_base_seed362559_classifier,validation,2012-12-31,0.08392914978798072,6581
ft_base_seed362559_classifier,validation,2013-01-31,0.09523847254191631,6571
ft_base_seed362559_classifier,validation,2013-02-28,0.11660145225190945,6574
ft_base_seed362559_classifier,validation,2013-03-28,0.10197327329817371,6551
ft_base_seed362559_classifier,validation,2013-04-30,0.010756792119764446,6563
ft_base_seed362559_classifier,validation,2013-05-31,0.0685220274279671,6583
ft_base_seed362559_classifier,validation,2013-06-28,0.053353535929151624,6602
ft_base_seed362559_classifier,validation,2013-07-31,-0.07297197408532077,6626
ft_base_seed362559_classifier,validation,2013-08-30,0.08770770460091713,6645
ft_base_seed362559_classifier,validation,2013-09-30,0.21496237586598207,6657
ft_base_seed362559_classifier,validation,2013-10-31,0.03414629434329507,6688
ft_base_seed362559_classifier,validation,2013-11-29,0.06699378463747796,6714
ft_base_seed362559_classifier,validation,2013-12-31,-0.17797622317519246,6716
ft_base_seed362559_classifier,validation,2014-01-31,0.06554019873431258,6746
ft_base_seed362559_classifier,validation,2014-02-28,0.13216687517778522,6767
ft_base_seed362559_classifier,validation,2014-03-31,0.2602760841673309,6793
ft_base_seed362559_classifier,validation,2014-04-30,0.17006634621416553,6815
ft_base_seed362559_classifier,validation,2014-05-30,-0.009591059478843443,6849
ft_base_seed362559_classifier,validation,2014-06-30,0.11023407583851545,6886
ft_base_seed362559_classifier,validation,2014-07-31,0.13427728308149697,6922
ft_base_seed362559_classifier,validation,2014-08-29,0.03522412720425024,6946
ft_base_seed362559_classifier,validation,2014-09-30,0.14544332826968706,6951
ft_base_seed362559_classifier,validation,2014-10-31,0.152638401407916,6977
ft_base_seed362559_classifier,validation,2014-11-28,0.05023664720238709,7001
ft_base_seed362559_classifier,validation,2014-12-31,0.09533830867046665,6993
ft_base_seed362559_classifier,validation,2015-01-30,-0.04803457283384555,6981
ft_base_seed362559_classifier,validation,2015-02-27,0.15221494088276352,6995
ft_base_seed362559_classifier,validation,2015-03-31,-0.1497042202294514,7000
ft_base_seed362559_classifier,validation,2015-04-30,0.11902343152315238,7028
ft_base_seed362559_classifier,validation,2015-05-29,0.08087419159980494,7048
ft_base_seed362559_classifier,validation,2015-06-30,0.25620370248129243,7085
ft_base_seed362559_classifier,validation,2015-07-31,0.05107419003121946,7140
ft_base_seed362559_classifier,validation,2015-08-31,0.23227123051378598,7146
ft_base_seed362559_classifier,validation,2015-09-30,0.07497357861636975,7146
ft_base_seed362559_classifier,validation,2015-10-30,0.0008952812040378416,7151
ft_base_seed362559_classifier,validation,2015-11-30,0.11350102648934088,7177
ft_base_seed362559_er_train,test,2015-12-31,0.016645511989164988,7175
ft_base_seed362559_er_train,test,2016-01-29,0.06025735489753022,7146
ft_base_seed362559_er_train,test,2016-02-29,-0.0010997343911155126,7134
ft_base_seed362559_er_train,test,2016-03-31,-0.022991216569992576,7115
ft_base_seed362559_er_train,test,2016-04-29,0.0242087873140174,7106
ft_base_seed362559_er_train,test,2016-05-31,0.009204626494496819,7115
ft_base_seed362559_er_train,test,2016-06-30,0.061786313106599086,7119
ft_base_seed362559_er_train,test,2016-07-29,-0.010281057584013823,7119
ft_base_seed362559_er_train,test,2016-08-31,0.036511478782590354,7082
ft_base_seed362559_er_train,test,2016-09-30,-0.02131303003273931,7090
ft_base_seed362559_er_train,test,2016-10-31,0.20142861369570114,7107
ft_base_seed362559_er_train,test,2016-11-30,0.09380399908839808,7096
ft_base_seed362559_er_train,test,2016-12-30,-0.026195033909241237,7108
ft_base_seed362559_er_train,test,2017-01-31,0.00526251514050097,7126
ft_base_seed362559_er_train,test,2017-02-28,-0.02639384683232299,7109
ft_base_seed362559_er_train,test,2017-03-31,0.045963351158286606,7110
ft_base_seed362559_er_train,test,2017-04-28,-0.07552640795930073,7129
ft_base_seed362559_er_train,test,2017-05-31,0.08947142641452442,7144
ft_base_seed362559_er_train,test,2017-06-30,0.04696443646385991,7146
ft_base_seed362559_er_train,test,2017-07-31,0.0798443006594263,7157
ft_base_seed362559_er_train,test,2017-08-31,0.07316144587783453,7132
ft_base_seed362559_er_train,test,2017-09-29,0.1400465159567255,7116
ft_base_seed362559_er_train,test,2017-10-31,0.050963695217132565,7152
ft_base_seed362559_er_train,test,2017-11-30,0.022472000801924907,7206
ft_base_seed362559_er_train,test,2017-12-29,0.08479254942496357,7205
ft_base_seed362559_er_train,test,2018-01-31,-0.061874333959832765,7242
ft_base_seed362559_er_train,test,2018-02-28,0.038104276369732966,7264
ft_base_seed362559_er_train,test,2018-03-29,0.02583752819742927,7211
ft_base_seed362559_er_train,test,2018-04-30,0.050356171836744346,7258
ft_base_seed362559_er_train,test,2018-05-31,0.060796403159013086,7270
ft_base_seed362559_er_train,test,2018-06-29,0.13399684999811706,7322
ft_base_seed362559_er_train,test,2018-07-31,0.04944864961432201,7355
ft_base_seed362559_er_train,test,2018-08-31,0.05922926172962186,7344
ft_base_seed362559_er_train,test,2018-09-28,0.06788559651824479,7373
ft_base_seed362559_er_train,test,2018-10-31,0.06230210902474465,7413
ft_base_seed362559_er_train,test,2018-11-30,0.030647400462053602,7412
ft_base_seed362559_er_train,test,2018-12-31,0.0016089580844883787,7407
ft_base_seed362559_er_train,test,2019-01-31,0.06161903975489027,7408
ft_base_seed362559_er_train,test,2019-02-28,-0.04697394274971565,7390
ft_base_seed362559_er_train,test,2019-03-29,0.03450893745106052,7390
ft_base_seed362559_er_train,test,2019-04-30,-0.04152404014425827,7396
ft_base_seed362559_er_train,test,2019-05-31,0.12843412953612768,7458
ft_base_seed362559_er_train,test,2019-06-28,0.12443615271485484,7471
ft_base_seed362559_er_train,test,2019-07-31,-0.14857347894494388,7494
ft_base_seed362559_er_train,test,2019-08-30,0.10754859537699672,7486
ft_base_seed362559_er_train,test,2019-09-30,0.06997411676344402,7500
ft_base_seed362559_er_train,test,2019-10-31,0.09433685580009199,7504
ft_base_seed362559_er_train,test,2019-11-29,-0.0008263269655809654,7501
ft_base_seed362559_er_train,test,2019-12-31,-0.11853514811806672,7500
ft_base_seed362559_er_train,test,2020-01-31,-0.15237234871701216,7506
ft_base_seed362559_er_train,test,2020-02-28,-0.0012112876514439952,7506
ft_base_seed362559_er_train,test,2020-03-31,0.22532121336783395,7475
ft_base_seed362559_er_train,test,2020-04-30,0.02205091361671792,7480
ft_base_seed362559_er_train,test,2020-05-29,0.02214042584064753,7473
ft_base_seed362559_er_train,test,2020-06-30,0.11453329496310317,7519
ft_base_seed362559_er_train,test,2020-07-31,0.08789425154372177,7547
ft_base_seed362559_er_train,test,2020-08-31,-0.005945399071361676,7574
ft_base_seed362559_er_train,test,2020-09-30,0.026665672190905196,7628
ft_base_seed362559_er_train,test,2020-10-30,0.12979614322000768,7701
ft_base_seed362559_er_train,test,2020-11-30,0.1309666439705254,7773
ft_base_seed362559_er_train,test,2020-12-31,0.031973282714111324,7875
ft_base_seed362559_er_train,test,2021-01-29,0.21298707576191048,7964
ft_base_seed362559_er_train,test,2021-02-26,0.1098437037568636,8055
ft_base_seed362559_er_train,test,2021-03-31,0.16182376714891927,8212
ft_base_seed362559_er_train,test,2021-04-30,0.14913600548017017,8360
ft_base_seed362559_er_train,test,2021-05-28,-0.08634153909711553,8479
ft_base_seed362559_er_train,test,2021-06-30,0.07293674339925828,8587
ft_base_seed362559_er_train,test,2021-07-30,0.01788274186074907,8722
ft_base_seed362559_er_train,test,2021-08-31,0.1162892621418636,8776
ft_base_seed362559_er_train,test,2021-09-30,0.2094845817609098,8872
ft_base_seed362559_er_train,test,2021-10-29,0.1299740510218535,8968
ft_base_seed362559_er_train,test,2021-11-30,0.2556156008503321,9068
ft_base_seed362559_er_train,test,2021-12-31,0.10780703289379981,9189
ft_base_seed362559_er_train,test,2022-01-31,0.16193070123069545,9272
ft_base_seed362559_er_train,test,2022-02-28,0.07913753280057062,9347
ft_base_seed362559_er_train,test,2022-03-31,0.1787009494253738,9382
ft_base_seed362559_er_train,test,2022-04-29,0.15176072960056342,9421
ft_base_seed362559_er_train,test,2022-05-31,-0.10969557022957861,9432
ft_base_seed362559_er_train,test,2022-06-30,0.09771901627084925,9457
ft_base_seed362559_er_train,test,2022-07-29,-0.018036572542211117,9458
ft_base_seed362559_er_train,test,2022-08-31,0.1295244360550202,9469
ft_base_seed362559_er_train,test,2022-09-30,0.29811630513409526,9495
ft_base_seed362559_er_train,test,2022-10-31,0.1641025677545819,9483
ft_base_seed362559_er_train,test,2022-11-30,0.09125020727992698,9465
ft_base_seed362559_er_train,test,2022-12-30,-0.10264806838822162,9402
ft_base_seed362559_er_train,test,2023-01-31,0.07952070940748578,9376
ft_base_seed362559_er_train,test,2023-02-28,0.024024292889414368,9352
ft_base_seed362559_er_train,test,2023-03-31,-0.03725686204887939,9324
ft_base_seed362559_er_train,test,2023-04-28,-0.08863656386517436,9298
ft_base_seed362559_er_train,test,2023-05-31,0.23356722386030457,9304
ft_base_seed362559_er_train,test,2023-06-30,0.061160713826756474,9291
ft_base_seed362559_er_train,test,2023-07-31,-0.07740490264024816,9265
ft_base_seed362559_er_train,test,2023-08-31,-0.05108731617604365,9278
ft_base_seed362559_er_train,test,2023-09-29,0.026501964624413888,9318
ft_base_seed362559_er_train,test,2023-10-31,0.10787280933405974,9331
ft_base_seed362559_er_train,test,2023-11-30,0.150930916764148,9327
ft_base_seed362559_er_train,test,2023-12-29,-0.03212749617226517,9309
ft_base_seed362559_er_train,test,2024-01-31,0.05200447392320384,9367
ft_base_seed362559_er_train,test,2024-02-29,0.1395529862700814,9327
ft_base_seed362559_er_train,test,2024-03-28,-0.05988379997933678,9334
ft_base_seed362559_er_train,test,2024-04-30,0.1262044671419508,9344
ft_base_seed362559_er_train,test,2024-05-31,-0.04134243404736389,9372
ft_base_seed362559_er_train,test,2024-06-28,0.14409207194473883,9404
ft_base_seed362559_er_train,test,2024-07-31,0.06612401323561642,9436
ft_base_seed362559_er_train,test,2024-08-30,0.10433010861962116,9439
ft_base_seed362559_er_train,test,2024-09-30,0.08644015093665149,9542
ft_base_seed362559_er_train,test,2024-10-31,0.17715877580168185,9583
ft_base_seed362559_er_train,validation,2010-12-31,0.012247858349843517,6508
ft_base_seed362559_er_train,validation,2011-01-31,0.15412302886620602,6534
ft_base_seed362559_er_train,validation,2011-02-28,0.12983721736569928,6533
ft_base_seed362559_er_train,validation,2011-03-31,0.06628484343489996,6542
ft_base_seed362559_er_train,validation,2011-04-29,-0.13402108012996594,6561
ft_base_seed362559_er_train,validation,2011-05-31,-0.03613858635132773,6593
ft_base_seed362559_er_train,validation,2011-06-30,-0.07804433154288805,6612
ft_base_seed362559_er_train,validation,2011-07-29,-0.09453038639583362,6621
ft_base_seed362559_er_train,validation,2011-08-31,-0.10152658984058771,6621
ft_base_seed362559_er_train,validation,2011-09-30,0.24061969287487472,6627
ft_base_seed362559_er_train,validation,2011-10-31,0.10682435879931447,6612
ft_base_seed362559_er_train,validation,2011-11-30,0.0006357560974220446,6610
ft_base_seed362559_er_train,validation,2011-12-30,-0.005121182489950668,6604
ft_base_seed362559_er_train,validation,2012-01-31,0.03292209040535257,6625
ft_base_seed362559_er_train,validation,2012-02-29,0.053009323108414996,6651
ft_base_seed362559_er_train,validation,2012-03-30,-0.076239870590629,6663
ft_base_seed362559_er_train,validation,2012-04-30,-0.25737787377623034,6681
ft_base_seed362559_er_train,validation,2012-05-31,0.025716476782711044,6689
ft_base_seed362559_er_train,validation,2012-06-29,-0.06024853228573257,6667
ft_base_seed362559_er_train,validation,2012-07-31,0.11160788927348197,6669
ft_base_seed362559_er_train,validation,2012-08-31,0.05758920847580896,6638
ft_base_seed362559_er_train,validation,2012-09-28,-0.03671587411075029,6610
ft_base_seed362559_er_train,validation,2012-10-31,0.044814178976669825,6592
ft_base_seed362559_er_train,validation,2012-11-30,0.11950798027108744,6587
ft_base_seed362559_er_train,validation,2012-12-31,0.13334356603382658,6581
ft_base_seed362559_er_train,validation,2013-01-31,0.05809073476944473,6571
ft_base_seed362559_er_train,validation,2013-02-28,0.14711309045475165,6574
ft_base_seed362559_er_train,validation,2013-03-28,-0.021471454998249553,6551
ft_base_seed362559_er_train,validation,2013-04-30,0.2124555416752909,6563
ft_base_seed362559_er_train,validation,2013-05-31,0.11934582524898431,6583
ft_base_seed362559_er_train,validation,2013-06-28,0.16452786661574964,6602
ft_base_seed362559_er_train,validation,2013-07-31,-0.054767478779131226,6626
ft_base_seed362559_er_train,validation,2013-08-30,0.14027050040302505,6645
ft_base_seed362559_er_train,validation,2013-09-30,0.1543759145945054,6657
ft_base_seed362559_er_train,validation,2013-10-31,0.13749594892107447,6688
ft_base_seed362559_er_train,validation,2013-11-29,0.09002239922794902,6714
ft_base_seed362559_er_train,validation,2013-12-31,-0.23384200592300597,6716
ft_base_seed362559_er_train,validation,2014-01-31,0.1009083006428169,6746
ft_base_seed362559_er_train,validation,2014-02-28,0.06233495956749557,6767
ft_base_seed362559_er_train,validation,2014-03-31,0.016561026110068083,6793
ft_base_seed362559_er_train,validation,2014-04-30,0.10193958942154566,6815
ft_base_seed362559_er_train,validation,2014-05-30,0.07703035549657151,6849
ft_base_seed362559_er_train,validation,2014-06-30,-0.05246946148342888,6886
ft_base_seed362559_er_train,validation,2014-07-31,0.14033527988335898,6922
ft_base_seed362559_er_train,validation,2014-08-29,-0.09393783074480018,6946
ft_base_seed362559_er_train,validation,2014-09-30,0.08699382538743683,6951
ft_base_seed362559_er_train,validation,2014-10-31,0.06548093993042425,6977
ft_base_seed362559_er_train,validation,2014-11-28,0.08485748094513625,7001
ft_base_seed362559_er_train,validation,2014-12-31,-0.05421502215669333,6993
ft_base_seed362559_er_train,validation,2015-01-30,0.07112330186135164,6981
ft_base_seed362559_er_train,validation,2015-02-27,0.1280476895880301,6995
ft_base_seed362559_er_train,validation,2015-03-31,-0.12204704889564065,7000
ft_base_seed362559_er_train,validation,2015-04-30,0.1179513548164595,7028
ft_base_seed362559_er_train,validation,2015-05-29,0.05933198328341769,7048
ft_base_seed362559_er_train,validation,2015-06-30,0.08442013870912415,7085
ft_base_seed362559_er_train,validation,2015-07-31,-0.03709671028096932,7140
ft_base_seed362559_er_train,validation,2015-08-31,0.05870508907000381,7146
ft_base_seed362559_er_train,validation,2015-09-30,0.07976983764343647,7146
ft_base_seed362559_er_train,validation,2015-10-30,0.05042314943115236,7151
ft_base_seed362559_er_train,validation,2015-11-30,-0.08213462504399373,7177
ft_lr2e5_seed362559_classifier,test,2015-12-31,0.21630857134934356,7175
ft_lr2e5_seed362559_classifier,test,2016-01-29,0.049095242330219696,7146
ft_lr2e5_seed362559_classifier,test,2016-02-29,-0.05398831681277829,7134
ft_lr2e5_seed362559_classifier,test,2016-03-31,-0.17314976956682937,7115
ft_lr2e5_seed362559_classifier,test,2016-04-29,0.11749665704098558,7106
ft_lr2e5_seed362559_classifier,test,2016-05-31,0.073391785760162,7115
ft_lr2e5_seed362559_classifier,test,2016-06-30,-0.04434624643213058,7119
ft_lr2e5_seed362559_classifier,test,2016-07-29,-0.03493349818874533,7119
ft_lr2e5_seed362559_classifier,test,2016-08-31,-0.002159009937767775,7082
ft_lr2e5_seed362559_classifier,test,2016-09-30,0.09943867832093958,7090
ft_lr2e5_seed362559_classifier,test,2016-10-31,0.08942720687586243,7107
ft_lr2e5_seed362559_classifier,test,2016-11-30,0.12971757264616804,7096
ft_lr2e5_seed362559_classifier,test,2016-12-30,-0.005199077117351869,7108
ft_lr2e5_seed362559_classifier,test,2017-01-31,0.0913685333366064,7126
ft_lr2e5_seed362559_classifier,test,2017-02-28,0.038459155320725136,7109
ft_lr2e5_seed362559_classifier,test,2017-03-31,0.14486345310506205,7110
ft_lr2e5_seed362559_classifier,test,2017-04-28,0.07343089811527519,7129
ft_lr2e5_seed362559_classifier,test,2017-05-31,0.0479949992402809,7144
ft_lr2e5_seed362559_classifier,test,2017-06-30,0.1420197672871801,7146
ft_lr2e5_seed362559_classifier,test,2017-07-31,0.14490641321154812,7157
ft_lr2e5_seed362559_classifier,test,2017-08-31,-0.04556329302089261,7132
ft_lr2e5_seed362559_classifier,test,2017-09-29,0.21998897292977027,7116
ft_lr2e5_seed362559_classifier,test,2017-10-31,0.011163628506082096,7152
ft_lr2e5_seed362559_classifier,test,2017-11-30,0.07098488302040291,7206
ft_lr2e5_seed362559_classifier,test,2017-12-29,0.1207429326838756,7205
ft_lr2e5_seed362559_classifier,test,2018-01-31,-0.02812104059859561,7242
ft_lr2e5_seed362559_classifier,test,2018-02-28,0.017237902924928685,7264
ft_lr2e5_seed362559_classifier,test,2018-03-29,-0.004920351201123679,7211
ft_lr2e5_seed362559_classifier,test,2018-04-30,-0.09264020586579405,7258
ft_lr2e5_seed362559_classifier,test,2018-05-31,0.030658811074041517,7270
ft_lr2e5_seed362559_classifier,test,2018-06-29,0.19744240438425104,7322
ft_lr2e5_seed362559_classifier,test,2018-07-31,-0.011023106274349466,7355
ft_lr2e5_seed362559_classifier,test,2018-08-31,0.11035268826511316,7344
ft_lr2e5_seed362559_classifier,test,2018-09-28,0.1908718699154186,7373
ft_lr2e5_seed362559_classifier,test,2018-10-31,0.1396159880101152,7413
ft_lr2e5_seed362559_classifier,test,2018-11-30,0.2038611913507132,7412
ft_lr2e5_seed362559_classifier,test,2018-12-31,-0.18519133476659314,7407
ft_lr2e5_seed362559_classifier,test,2019-01-31,-0.004665831789575679,7408
ft_lr2e5_seed362559_classifier,test,2019-02-28,0.11265099288621516,7390
ft_lr2e5_seed362559_classifier,test,2019-03-29,0.12358955007699271,7390
ft_lr2e5_seed362559_classifier,test,2019-04-30,0.13659115389111554,7396
ft_lr2e5_seed362559_classifier,test,2019-05-31,0.1594028079985943,7458
ft_lr2e5_seed362559_classifier,test,2019-06-28,0.15787602005812207,7471
ft_lr2e5_seed362559_classifier,test,2019-07-31,-0.008678457161817005,7494
ft_lr2e5_seed362559_classifier,test,2019-08-30,0.12556121860080055,7486
ft_lr2e5_seed362559_classifier,test,2019-09-30,0.10542858515606893,7500
ft_lr2e5_seed362559_classifier,test,2019-10-31,0.0910325814027726,7504
ft_lr2e5_seed362559_classifier,test,2019-11-29,-0.008057618521773995,7501
ft_lr2e5_seed362559_classifier,test,2019-12-31,-0.036810826171006165,7500
ft_lr2e5_seed362559_classifier,test,2020-01-31,-0.09616414906739988,7506
ft_lr2e5_seed362559_classifier,test,2020-02-28,0.16911823596540615,7506
ft_lr2e5_seed362559_classifier,test,2020-03-31,0.04543445547282767,7475
ft_lr2e5_seed362559_classifier,test,2020-04-30,-0.004174383785832046,7480
ft_lr2e5_seed362559_classifier,test,2020-05-29,-0.10725303855561762,7473
ft_lr2e5_seed362559_classifier,test,2020-06-30,0.2128943471637747,7519
ft_lr2e5_seed362559_classifier,test,2020-07-31,0.03667875831411524,7547
ft_lr2e5_seed362559_classifier,test,2020-08-31,0.13156033552172064,7574
ft_lr2e5_seed362559_classifier,test,2020-09-30,0.0361565508747634,7628
ft_lr2e5_seed362559_classifier,test,2020-10-30,-0.07718770163470542,7701
ft_lr2e5_seed362559_classifier,test,2020-11-30,0.03888069478189225,7773
ft_lr2e5_seed362559_classifier,test,2020-12-31,-0.11533915951272253,7875
ft_lr2e5_seed362559_classifier,test,2021-01-29,0.06108918547175666,7964
ft_lr2e5_seed362559_classifier,test,2021-02-26,0.17775183295953104,8055
ft_lr2e5_seed362559_classifier,test,2021-03-31,0.23362804655845615,8212
ft_lr2e5_seed362559_classifier,test,2021-04-30,0.21614518715150988,8360
ft_lr2e5_seed362559_classifier,test,2021-05-28,-0.1486284810459178,8479
ft_lr2e5_seed362559_classifier,test,2021-06-30,0.2425146198372221,8587
ft_lr2e5_seed362559_classifier,test,2021-07-30,0.06599204521945005,8722
ft_lr2e5_seed362559_classifier,test,2021-08-31,0.10541531093347556,8776
ft_lr2e5_seed362559_classifier,test,2021-09-30,0.26182715624021036,8872
ft_lr2e5_seed362559_classifier,test,2021-10-29,0.23229121938312097,8968
ft_lr2e5_seed362559_classifier,test,2021-11-30,0.37815342855429723,9068
ft_lr2e5_seed362559_classifier,test,2021-12-31,0.22592231676006327,9189
ft_lr2e5_seed362559_classifier,test,2022-01-31,0.11946025724964429,9272
ft_lr2e5_seed362559_classifier,test,2022-02-28,0.08754826848117171,9347
ft_lr2e5_seed362559_classifier,test,2022-03-31,0.361695814267594,9382
ft_lr2e5_seed362559_classifier,test,2022-04-29,0.20963769348822214,9421
ft_lr2e5_seed362559_classifier,test,2022-05-31,0.011090585063992246,9432
ft_lr2e5_seed362559_classifier,test,2022-06-30,0.007920468167803483,9457
ft_lr2e5_seed362559_classifier,test,2022-07-29,-0.02396265484823243,9458
ft_lr2e5_seed362559_classifier,test,2022-08-31,0.3032756276008435,9469
ft_lr2e5_seed362559_classifier,test,2022-09-30,0.2537150661213996,9495
ft_lr2e5_seed362559_classifier,test,2022-10-31,0.20738822340676943,9483
ft_lr2e5_seed362559_classifier,test,2022-11-30,0.1998328431438453,9465
ft_lr2e5_seed362559_classifier,test,2022-12-30,-0.23872206012092773,9402
ft_lr2e5_seed362559_classifier,test,2023-01-31,0.15699110453086804,9376
ft_lr2e5_seed362559_classifier,test,2023-02-28,0.1939940200731391,9352
ft_lr2e5_seed362559_classifier,test,2023-03-31,0.08177973038044041,9324
ft_lr2e5_seed362559_classifier,test,2023-04-28,-0.06677535747947279,9298
ft_lr2e5_seed362559_classifier,test,2023-05-31,0.21539649120595378,9304
ft_lr2e5_seed362559_classifier,test,2023-06-30,0.012912239586974298,9291
ft_lr2e5_seed362559_classifier,test,2023-07-31,0.10025516723467255,9265
ft_lr2e5_seed362559_classifier,test,2023-08-31,0.07976070033074115,9278
ft_lr2e5_seed362559_classifier,test,2023-09-29,0.1610195009779548,9318
ft_lr2e5_seed362559_classifier,test,2023-10-31,0.1206296722770451,9331
ft_lr2e5_seed362559_classifier,test,2023-11-30,0.056500933413773366,9327
ft_lr2e5_seed362559_classifier,test,2023-12-29,0.10783997332505316,9309
ft_lr2e5_seed362559_classifier,test,2024-01-31,0.1255818745101247,9367
ft_lr2e5_seed362559_classifier,test,2024-02-29,0.2063995726003121,9327
ft_lr2e5_seed362559_classifier,test,2024-03-28,0.08769802426411312,9334
ft_lr2e5_seed362559_classifier,test,2024-04-30,0.15903954168828172,9344
ft_lr2e5_seed362559_classifier,test,2024-05-31,0.11489624598462718,9372
ft_lr2e5_seed362559_classifier,test,2024-06-28,0.05958437459981903,9404
ft_lr2e5_seed362559_classifier,test,2024-07-31,0.22382409519623944,9436
ft_lr2e5_seed362559_classifier,test,2024-08-30,0.13875380674247162,9439
ft_lr2e5_seed362559_classifier,test,2024-09-30,0.07800487437934651,9542
ft_lr2e5_seed362559_classifier,test,2024-10-31,0.12157569667320685,9583
ft_lr2e5_seed362559_classifier,validation,2010-12-31,0.017848696684314366,6508
ft_lr2e5_seed362559_classifier,validation,2011-01-31,0.11735510373300258,6534
ft_lr2e5_seed362559_classifier,validation,2011-02-28,0.17882046120421172,6533
ft_lr2e5_seed362559_classifier,validation,2011-03-31,0.17043887272998778,6542
ft_lr2e5_seed362559_classifier,validation,2011-04-29,0.036514214857375646,6561
ft_lr2e5_seed362559_classifier,validation,2011-05-31,0.10438465348377221,6593
ft_lr2e5_seed362559_classifier,validation,2011-06-30,-0.052160398763264657,6612
ft_lr2e5_seed362559_classifier,validation,2011-07-29,0.16854500672036649,6621
ft_lr2e5_seed362559_classifier,validation,2011-08-31,0.08727336592477691,6621
ft_lr2e5_seed362559_classifier,validation,2011-09-30,0.04854979446044051,6627
ft_lr2e5_seed362559_classifier,validation,2011-10-31,0.20498655470559224,6612
ft_lr2e5_seed362559_classifier,validation,2011-11-30,0.1620201141862465,6610
ft_lr2e5_seed362559_classifier,validation,2011-12-30,-0.13493179970389318,6604
ft_lr2e5_seed362559_classifier,validation,2012-01-31,-0.008303841734995333,6625
ft_lr2e5_seed362559_classifier,validation,2012-02-29,0.0669906595956333,6651
ft_lr2e5_seed362559_classifier,validation,2012-03-30,0.007529953555732472,6663
ft_lr2e5_seed362559_classifier,validation,2012-04-30,-0.11957827298240367,6681
ft_lr2e5_seed362559_classifier,validation,2012-05-31,0.0716017616709606,6689
ft_lr2e5_seed362559_classifier,validation,2012-06-29,0.11884325994778851,6667
ft_lr2e5_seed362559_classifier,validation,2012-07-31,0.0942493980388324,6669
ft_lr2e5_seed362559_classifier,validation,2012-08-31,0.05784079089632154,6638
ft_lr2e5_seed362559_classifier,validation,2012-09-28,0.06097504029117969,6610
ft_lr2e5_seed362559_classifier,validation,2012-10-31,0.14884361794383646,6592
ft_lr2e5_seed362559_classifier,validation,2012-11-30,0.027182330625388624,6587
ft_lr2e5_seed362559_classifier,validation,2012-12-31,0.08712310822605733,6581
ft_lr2e5_seed362559_classifier,validation,2013-01-31,0.10081755693103416,6571
ft_lr2e5_seed362559_classifier,validation,2013-02-28,0.13187488750359916,6574
ft_lr2e5_seed362559_classifier,validation,2013-03-28,0.08763035993157207,6551
ft_lr2e5_seed362559_classifier,validation,2013-04-30,0.026790863949876998,6563
ft_lr2e5_seed362559_classifier,validation,2013-05-31,0.05605933268429225,6583
ft_lr2e5_seed362559_classifier,validation,2013-06-28,0.016769653751095924,6602
ft_lr2e5_seed362559_classifier,validation,2013-07-31,-0.046889951174767526,6626
ft_lr2e5_seed362559_classifier,validation,2013-08-30,0.07252764977242278,6645
ft_lr2e5_seed362559_classifier,validation,2013-09-30,0.19985568243997293,6657
ft_lr2e5_seed362559_classifier,validation,2013-10-31,0.0013339795087015036,6688
ft_lr2e5_seed362559_classifier,validation,2013-11-29,0.06316689561569504,6714
ft_lr2e5_seed362559_classifier,validation,2013-12-31,-0.14716880934668966,6716
ft_lr2e5_seed362559_classifier,validation,2014-01-31,0.05212278524103158,6746
ft_lr2e5_seed362559_classifier,validation,2014-02-28,0.13270072247948642,6767
ft_lr2e5_seed362559_classifier,validation,2014-03-31,0.2329021334436754,6793
ft_lr2e5_seed362559_classifier,validation,2014-04-30,0.17120671578888358,6815
ft_lr2e5_seed362559_classifier,validation,2014-05-30,-0.006003040773693827,6849
ft_lr2e5_seed362559_classifier,validation,2014-06-30,0.10823860374597251,6886
ft_lr2e5_seed362559_classifier,validation,2014-07-31,0.11501865730066516,6922
ft_lr2e5_seed362559_classifier,validation,2014-08-29,0.011324693064033218,6946
ft_lr2e5_seed362559_classifier,validation,2014-09-30,0.1493390282363571,6951
ft_lr2e5_seed362559_classifier,validation,2014-10-31,0.1454503065638453,6977
ft_lr2e5_seed362559_classifier,validation,2014-11-28,0.03522413772350925,7001
ft_lr2e5_seed362559_classifier,validation,2014-12-31,0.07405359425775919,6993
ft_lr2e5_seed362559_classifier,validation,2015-01-30,-0.0516091152302363,6981
ft_lr2e5_seed362559_classifier,validation,2015-02-27,0.15938053685286604,6995
ft_lr2e5_seed362559_classifier,validation,2015-03-31,-0.14388035499955365,7000
ft_lr2e5_seed362559_classifier,validation,2015-04-30,0.11333239795651778,7028
ft_lr2e5_seed362559_classifier,validation,2015-05-29,0.10135185402146189,7048
ft_lr2e5_seed362559_classifier,validation,2015-06-30,0.256558650459099,7085
ft_lr2e5_seed362559_classifier,validation,2015-07-31,0.0619200000179019,7140
ft_lr2e5_seed362559_classifier,validation,2015-08-31,0.23052818864410518,7146
ft_lr2e5_seed362559_classifier,validation,2015-09-30,0.09085557251667047,7146
ft_lr2e5_seed362559_classifier,validation,2015-10-30,0.007346515368325473,7151
ft_lr2e5_seed362559_classifier,validation,2015-11-30,0.039789961405184794,7177
ft_lr2e5_seed362559_er_train,test,2015-12-31,0.04324378928496717,7175
ft_lr2e5_seed362559_er_train,test,2016-01-29,0.05890277269703784,7146
ft_lr2e5_seed362559_er_train,test,2016-02-29,0.009604271267249073,7134
ft_lr2e5_seed362559_er_train,test,2016-03-31,-0.03616548080564929,7115
ft_lr2e5_seed362559_er_train,test,2016-04-29,0.03992187148738322,7106
ft_lr2e5_seed362559_er_train,test,2016-05-31,-0.003875785005295694,7115
ft_lr2e5_seed362559_er_train,test,2016-06-30,0.05384825343198295,7119
ft_lr2e5_seed362559_er_train,test,2016-07-29,0.006826988308192668,7119
ft_lr2e5_seed362559_er_train,test,2016-08-31,0.04229497015847552,7082
ft_lr2e5_seed362559_er_train,test,2016-09-30,-0.030863065744559347,7090
ft_lr2e5_seed362559_er_train,test,2016-10-31,0.19815033429671863,7107
ft_lr2e5_seed362559_er_train,test,2016-11-30,0.1017776469419823,7096
ft_lr2e5_seed362559_er_train,test,2016-12-30,-0.02294442020702356,7108
ft_lr2e5_seed362559_er_train,test,2017-01-31,0.018777461073244402,7126
ft_lr2e5_seed362559_er_train,test,2017-02-28,-0.0072849030250267,7109
ft_lr2e5_seed362559_er_train,test,2017-03-31,0.061720653193375906,7110
ft_lr2e5_seed362559_er_train,test,2017-04-28,-0.048041657641735756,7129
ft_lr2e5_seed362559_er_train,test,2017-05-31,0.0828708862869707,7144
ft_lr2e5_seed362559_er_train,test,2017-06-30,0.06715095805258095,7146
ft_lr2e5_seed362559_er_train,test,2017-07-31,0.10102108506697619,7157
ft_lr2e5_seed362559_er_train,test,2017-08-31,0.06148717083816281,7132
ft_lr2e5_seed362559_er_train,test,2017-09-29,0.1622246573394503,7116
ft_lr2e5_seed362559_er_train,test,2017-10-31,0.040383640165404015,7152
ft_lr2e5_seed362559_er_train,test,2017-11-30,0.038602981537035286,7206
ft_lr2e5_seed362559_er_train,test,2017-12-29,0.09597392657453288,7205
ft_lr2e5_seed362559_er_train,test,2018-01-31,-0.05944120543106649,7242
ft_lr2e5_seed362559_er_train,test,2018-02-28,0.04131167650138079,7264
ft_lr2e5_seed362559_er_train,test,2018-03-29,0.003610192880885975,7211
ft_lr2e5_seed362559_er_train,test,2018-04-30,0.008558935076722155,7258
ft_lr2e5_seed362559_er_train,test,2018-05-31,0.05165593785736327,7270
ft_lr2e5_seed362559_er_train,test,2018-06-29,0.1558687649810189,7322
ft_lr2e5_seed362559_er_train,test,2018-07-31,0.02797349283470024,7355
ft_lr2e5_seed362559_er_train,test,2018-08-31,0.06430460328300686,7344
ft_lr2e5_seed362559_er_train,test,2018-09-28,0.10015901936826564,7373
ft_lr2e5_seed362559_er_train,test,2018-10-31,0.07672816804411109,7413
ft_lr2e5_seed362559_er_train,test,2018-11-30,0.03786614263627201,7412
ft_lr2e5_seed362559_er_train,test,2018-12-31,-0.016990336234207065,7407
ft_lr2e5_seed362559_er_train,test,2019-01-31,0.05861558928288033,7408
ft_lr2e5_seed362559_er_train,test,2019-02-28,-0.02679843952493069,7390
ft_lr2e5_seed362559_er_train,test,2019-03-29,0.05643834992009286,7390
ft_lr2e5_seed362559_er_train,test,2019-04-30,-0.05849837888812946,7396
ft_lr2e5_seed362559_er_train,test,2019-05-31,0.11973114768427967,7458
ft_lr2e5_seed362559_er_train,test,2019-06-28,0.12728838270737722,7471
ft_lr2e5_seed362559_er_train,test,2019-07-31,-0.14489085030719356,7494
ft_lr2e5_seed362559_er_train,test,2019-08-30,0.11378515539455661,7486
ft_lr2e5_seed362559_er_train,test,2019-09-30,0.08411062836949938,7500
ft_lr2e5_seed362559_er_train,test,2019-10-31,0.09871307188984835,7504
ft_lr2e5_seed362559_er_train,test,2019-11-29,0.016242787280510047,7501
ft_lr2e5_seed362559_er_train,test,2019-12-31,-0.11467129304946073,7500
ft_lr2e5_seed362559_er_train,test,2020-01-31,-0.15008803909785992,7506
ft_lr2e5_seed362559_er_train,test,2020-02-28,0.011585396751323375,7506
ft_lr2e5_seed362559_er_train,test,2020-03-31,0.2116079981779382,7475
ft_lr2e5_seed362559_er_train,test,2020-04-30,0.017598170457931345,7480
ft_lr2e5_seed362559_er_train,test,2020-05-29,0.009455763814251094,7473
ft_lr2e5_seed362559_er_train,test,2020-06-30,0.10111189370463776,7519
ft_lr2e5_seed362559_er_train,test,2020-07-31,0.08213401773955101,7547
ft_lr2e5_seed362559_er_train,test,2020-08-31,-0.012468957831579697,7574
ft_lr2e5_seed362559_er_train,test,2020-09-30,0.02641358036965182,7628
ft_lr2e5_seed362559_er_train,test,2020-10-30,0.1497870075811966,7701
ft_lr2e5_seed362559_er_train,test,2020-11-30,0.12300015601285362,7773
ft_lr2e5_seed362559_er_train,test,2020-12-31,0.030724037214305007,7875
ft_lr2e5_seed362559_er_train,test,2021-01-29,0.22332195237154617,7964
ft_lr2e5_seed362559_er_train,test,2021-02-26,0.10992397713633759,8055
ft_lr2e5_seed362559_er_train,test,2021-03-31,0.15845634856455026,8212
ft_lr2e5_seed362559_er_train,test,2021-04-30,0.168735414996722,8360
ft_lr2e5_seed362559_er_train,test,2021-05-28,-0.0943244918936255,8479
ft_lr2e5_seed362559_er_train,test,2021-06-30,0.09362234127590228,8587
ft_lr2e5_seed362559_er_train,test,2021-07-30,0.021009500749885637,8722
ft_lr2e5_seed362559_er_train,test,2021-08-31,0.11879033708039793,8776
ft_lr2e5_seed362559_er_train,test,2021-09-30,0.21145447458714936,8872
ft_lr2e5_seed362559_er_train,test,2021-10-29,0.1431220289500078,8968
ft_lr2e5_seed362559_er_train,test,2021-11-30,0.27072267688593504,9068
ft_lr2e5_seed362559_er_train,test,2021-12-31,0.13792784660102173,9189
ft_lr2e5_seed362559_er_train,test,2022-01-31,0.15934821493407622,9272
ft_lr2e5_seed362559_er_train,test,2022-02-28,0.07700372342672943,9347
ft_lr2e5_seed362559_er_train,test,2022-03-31,0.19032036750656087,9382
ft_lr2e5_seed362559_er_train,test,2022-04-29,0.15158909100008272,9421
ft_lr2e5_seed362559_er_train,test,2022-05-31,-0.09664818520771992,9432
ft_lr2e5_seed362559_er_train,test,2022-06-30,0.09157771133818975,9457
ft_lr2e5_seed362559_er_train,test,2022-07-29,-0.02495727337397036,9458
ft_lr2e5_seed362559_er_train,test,2022-08-31,0.11605614280884369,9469
ft_lr2e5_seed362559_er_train,test,2022-09-30,0.3138905513278628,9495
ft_lr2e5_seed362559_er_train,test,2022-10-31,0.14130800850692077,9483
ft_lr2e5_seed362559_er_train,test,2022-11-30,0.10156754936177434,9465
ft_lr2e5_seed362559_er_train,test,2022-12-30,-0.10390048530788586,9402
ft_lr2e5_seed362559_er_train,test,2023-01-31,0.08945402579602253,9376
ft_lr2e5_seed362559_er_train,test,2023-02-28,0.017312160647469637,9352
ft_lr2e5_seed362559_er_train,test,2023-03-31,-0.04152507041685655,9324
ft_lr2e5_seed362559_er_train,test,2023-04-28,-0.08081500257012604,9298
ft_lr2e5_seed362559_er_train,test,2023-05-31,0.23215860845679323,9304
ft_lr2e5_seed362559_er_train,test,2023-06-30,0.06850289958699905,9291
ft_lr2e5_seed362559_er_train,test,2023-07-31,-0.08897509273525565,9265
ft_lr2e5_seed362559_er_train,test,2023-08-31,-0.06682467807614521,9278
ft_lr2e5_seed362559_er_train,test,2023-09-29,0.01688642160324725,9318
ft_lr2e5_seed362559_er_train,test,2023-10-31,0.10794381064198369,9331
ft_lr2e5_seed362559_er_train,test,2023-11-30,0.16887679307704587,9327
ft_lr2e5_seed362559_er_train,test,2023-12-29,-0.04290493963930707,9309
ft_lr2e5_seed362559_er_train,test,2024-01-31,0.06855954736476073,9367
ft_lr2e5_seed362559_er_train,test,2024-02-29,0.1666099203240653,9327
ft_lr2e5_seed362559_er_train,test,2024-03-28,-0.06804208246783122,9334
ft_lr2e5_seed362559_er_train,test,2024-04-30,0.13429849623755763,9344
ft_lr2e5_seed362559_er_train,test,2024-05-31,-0.027572109846994965,9372
ft_lr2e5_seed362559_er_train,test,2024-06-28,0.13479466631957687,9404
ft_lr2e5_seed362559_er_train,test,2024-07-31,0.1030992149984163,9436
ft_lr2e5_seed362559_er_train,test,2024-08-30,0.12088460447604332,9439
ft_lr2e5_seed362559_er_train,test,2024-09-30,0.08041283583977707,9542
ft_lr2e5_seed362559_er_train,test,2024-10-31,0.1816159646430098,9583
ft_lr2e5_seed362559_er_train,validation,2010-12-31,0.006091377568826556,6508
ft_lr2e5_seed362559_er_train,validation,2011-01-31,0.1423428392120087,6534
ft_lr2e5_seed362559_er_train,validation,2011-02-28,0.1312800348470724,6533
ft_lr2e5_seed362559_er_train,validation,2011-03-31,0.08012287695628097,6542
ft_lr2e5_seed362559_er_train,validation,2011-04-29,-0.09950428551598155,6561
ft_lr2e5_seed362559_er_train,validation,2011-05-31,-0.010446700848055481,6593
ft_lr2e5_seed362559_er_train,validation,2011-06-30,-0.06855561442196209,6612
ft_lr2e5_seed362559_er_train,validation,2011-07-29,-0.03707658312967487,6621
ft_lr2e5_seed362559_er_train,validation,2011-08-31,-0.06302107392849247,6621
ft_lr2e5_seed362559_er_train,validation,2011-09-30,0.20596861130833427,6627
ft_lr2e5_seed362559_er_train,validation,2011-10-31,0.1384808398486777,6612
ft_lr2e5_seed362559_er_train,validation,2011-11-30,0.03494921743010788,6610
ft_lr2e5_seed362559_er_train,validation,2011-12-30,-0.003686147958415034,6604
ft_lr2e5_seed362559_er_train,validation,2012-01-31,0.03035685442050439,6625
ft_lr2e5_seed362559_er_train,validation,2012-02-29,0.06905728711718254,6651
ft_lr2e5_seed362559_er_train,validation,2012-03-30,-0.09356394340369271,6663
ft_lr2e5_seed362559_er_train,validation,2012-04-30,-0.24506607417306359,6681
ft_lr2e5_seed362559_er_train,validation,2012-05-31,0.042329486010878575,6689
ft_lr2e5_seed362559_er_train,validation,2012-06-29,-0.04843022805335821,6667
ft_lr2e5_seed362559_er_train,validation,2012-07-31,0.10870316872500822,6669
ft_lr2e5_seed362559_er_train,validation,2012-08-31,0.07330573987115296,6638
ft_lr2e5_seed362559_er_train,validation,2012-09-28,-0.034422657154014234,6610
ft_lr2e5_seed362559_er_train,validation,2012-10-31,0.05505937049473559,6592
ft_lr2e5_seed362559_er_train,validation,2012-11-30,0.12961417484239127,6587
ft_lr2e5_seed362559_er_train,validation,2012-12-31,0.1327374192817453,6581
ft_lr2e5_seed362559_er_train,validation,2013-01-31,0.0752286258223467,6571
ft_lr2e5_seed362559_er_train,validation,2013-02-28,0.15374546430394495,6574
ft_lr2e5_seed362559_er_train,validation,2013-03-28,-0.018475112638443585,6551
ft_lr2e5_seed362559_er_train,validation,2013-04-30,0.20583430729429006,6563
ft_lr2e5_seed362559_er_train,validation,2013-05-31,0.10730656198579466,6583
ft_lr2e5_seed362559_er_train,validation,2013-06-28,0.12698038549385332,6602
ft_lr2e5_seed362559_er_train,validation,2013-07-31,-0.04639751551030279,6626
ft_lr2e5_seed362559_er_train,validation,2013-08-30,0.129049099846476,6645
ft_lr2e5_seed362559_er_train,validation,2013-09-30,0.16734805767098748,6657
ft_lr2e5_seed362559_er_train,validation,2013-10-31,0.09994248559187632,6688
ft_lr2e5_seed362559_er_train,validation,2013-11-29,0.08265195276865685,6714
ft_lr2e5_seed362559_er_train,validation,2013-12-31,-0.19515769789611195,6716
ft_lr2e5_seed362559_er_train,validation,2014-01-31,0.08149101921902668,6746
ft_lr2e5_seed362559_er_train,validation,2014-02-28,0.0871802219907074,6767
ft_lr2e5_seed362559_er_train,validation,2014-03-31,0.05355108613744311,6793
ft_lr2e5_seed362559_er_train,validation,2014-04-30,0.12302303791738341,6815
ft_lr2e5_seed362559_er_train,validation,2014-05-30,0.059821091423781614,6849
ft_lr2e5_seed362559_er_train,validation,2014-06-30,-0.015268350223701984,6886
ft_lr2e5_seed362559_er_train,validation,2014-07-31,0.13938055805579966,6922
ft_lr2e5_seed362559_er_train,validation,2014-08-29,-0.08620762049534936,6946
ft_lr2e5_seed362559_er_train,validation,2014-09-30,0.11169946660817939,6951
ft_lr2e5_seed362559_er_train,validation,2014-10-31,0.07576628953163607,6977
ft_lr2e5_seed362559_er_train,validation,2014-11-28,0.08557741453057384,7001
ft_lr2e5_seed362559_er_train,validation,2014-12-31,-0.0358940308406907,6993
ft_lr2e5_seed362559_er_train,validation,2015-01-30,0.04863824172190979,6981
ft_lr2e5_seed362559_er_train,validation,2015-02-27,0.15219036560066102,6995
ft_lr2e5_seed362559_er_train,validation,2015-03-31,-0.11792422928189736,7000
ft_lr2e5_seed362559_er_train,validation,2015-04-30,0.11948920280781804,7028
ft_lr2e5_seed362559_er_train,validation,2015-05-29,0.083845452711851,7048
ft_lr2e5_seed362559_er_train,validation,2015-06-30,0.12698254566202388,7085
ft_lr2e5_seed362559_er_train,validation,2015-07-31,-0.007559694397237101,7140
ft_lr2e5_seed362559_er_train,validation,2015-08-31,0.11911165640926775,7146
ft_lr2e5_seed362559_er_train,validation,2015-09-30,0.09182472779095463,7146
ft_lr2e5_seed362559_er_train,validation,2015-10-30,0.05835485021392252,7151
ft_lr2e5_seed362559_er_train,validation,2015-11-30,-0.09229778364712872,7177
ft_lr5e5_seed362559_classifier,test,2015-12-31,0.3349351265468543,7175
ft_lr5e5_seed362559_classifier,test,2016-01-29,0.05272863728036437,7146
ft_lr5e5_seed362559_classifier,test,2016-02-29,-0.10467326203599187,7134
ft_lr5e5_seed362559_classifier,test,2016-03-31,-0.22172500059919797,7115
ft_lr5e5_seed362559_classifier,test,2016-04-29,0.13299845998188853,7106
ft_lr5e5_seed362559_classifier,test,2016-05-31,0.1475926005421353,7115
ft_lr5e5_seed362559_classifier,test,2016-06-30,-0.12578512787857143,7119
ft_lr5e5_seed362559_classifier,test,2016-07-29,-0.07011772714156154,7119
ft_lr5e5_seed362559_classifier,test,2016-08-31,-0.07236780722051796,7082
ft_lr5e5_seed362559_classifier,test,2016-09-30,0.19212233000840945,7090
ft_lr5e5_seed362559_classifier,test,2016-10-31,-0.034911741032336255,7107
ft_lr5e5_seed362559_classifier,test,2016-11-30,0.09837513095942746,7096
ft_lr5e5_seed362559_classifier,test,2016-12-30,0.032222895298843784,7108
ft_lr5e5_seed362559_classifier,test,2017-01-31,0.12652545690022307,7126
ft_lr5e5_seed362559_classifier,test,2017-02-28,0.03871174177693984,7109
ft_lr5e5_seed362559_classifier,test,2017-03-31,0.17400702741437182,7110
ft_lr5e5_seed362559_classifier,test,2017-04-28,0.14577072720944897,7129
ft_lr5e5_seed362559_classifier,test,2017-05-31,0.01773271904905519,7144
ft_lr5e5_seed362559_classifier,test,2017-06-30,0.17794084024038856,7146
ft_lr5e5_seed362559_classifier,test,2017-07-31,0.16721001934137383,7157
ft_lr5e5_seed362559_classifier,test,2017-08-31,-0.09445523560514626,7132
ft_lr5e5_seed362559_classifier,test,2017-09-29,0.23022573809375318,7116
ft_lr5e5_seed362559_classifier,test,2017-10-31,0.015582808751069883,7152
ft_lr5e5_seed362559_classifier,test,2017-11-30,0.08442589222798716,7206
ft_lr5e5_seed362559_classifier,test,2017-12-29,0.12861890538296422,7205
ft_lr5e5_seed362559_classifier,test,2018-01-31,0.004305003231293795,7242
ft_lr5e5_seed362559_classifier,test,2018-02-28,-0.023975356177613316,7264
ft_lr5e5_seed362559_classifier,test,2018-03-29,-0.004189905847272104,7211
ft_lr5e5_seed362559_classifier,test,2018-04-30,-0.0816921007212172,7258
ft_lr5e5_seed362559_classifier,test,2018-05-31,0.016017104757851095,7270
ft_lr5e5_seed362559_classifier,test,2018-06-29,0.20545611643017928,7322
ft_lr5e5_seed362559_classifier,test,2018-07-31,0.021955553460558976,7355
ft_lr5e5_seed362559_classifier,test,2018-08-31,0.1348372932708395,7344
ft_lr5e5_seed362559_classifier,test,2018-09-28,0.23180959414510388,7373
ft_lr5e5_seed362559_classifier,test,2018-10-31,0.13623768525211008,7413
ft_lr5e5_seed362559_classifier,test,2018-11-30,0.27346574405137886,7412
ft_lr5e5_seed362559_classifier,test,2018-12-31,-0.2897736882557227,7407
ft_lr5e5_seed362559_classifier,test,2019-01-31,-0.05213541035126728,7408
ft_lr5e5_seed362559_classifier,test,2019-02-28,0.18855758059513647,7390
ft_lr5e5_seed362559_classifier,test,2019-03-29,0.08369485387145784,7390
ft_lr5e5_seed362559_classifier,test,2019-04-30,0.3216716748241507,7396
ft_lr5e5_seed362559_classifier,test,2019-05-31,0.06993143619712239,7458
ft_lr5e5_seed362559_classifier,test,2019-06-28,0.17051049752111194,7471
ft_lr5e5_seed362559_classifier,test,2019-07-31,0.23836817226284418,7494
ft_lr5e5_seed362559_classifier,test,2019-08-30,0.06538542706518312,7486
ft_lr5e5_seed362559_classifier,test,2019-09-30,0.08734108190747304,7500
ft_lr5e5_seed362559_classifier,test,2019-10-31,0.021411459875964337,7504
ft_lr5e5_seed362559_classifier,test,2019-11-29,-0.08405346431060477,7501
ft_lr5e5_seed362559_classifier,test,2019-12-31,0.07794298176581937,7500
ft_lr5e5_seed362559_classifier,test,2020-01-31,-0.006858579697952934,7506
ft_lr5e5_seed362559_classifier,test,2020-02-28,0.28202588010307544,7506
ft_lr5e5_seed362559_classifier,test,2020-03-31,-0.10325433754773758,7475
ft_lr5e5_seed362559_classifier,test,2020-04-30,-0.022521780345241427,7480
ft_lr5e5_seed362559_classifier,test,2020-05-29,-0.14400978345526785,7473
ft_lr5e5_seed362559_classifier,test,2020-06-30,0.1910052442115085,7519
ft_lr5e5_seed362559_classifier,test,2020-07-31,0.006148166489677512,7547
ft_lr5e5_seed362559_classifier,test,2020-08-31,0.20311194766789523,7574
ft_lr5e5_seed362559_classifier,test,2020-09-30,0.04067711125102889,7628
ft_lr5e5_seed362559_classifier,test,2020-10-30,-0.1532780905221935,7701
ft_lr5e5_seed362559_classifier,test,2020-11-30,-0.00956930163789296,7773
ft_lr5e5_seed362559_classifier,test,2020-12-31,-0.218666046433281,7875
ft_lr5e5_seed362559_classifier,test,2021-01-29,-0.1425676995905455,7964
ft_lr5e5_seed362559_classifier,test,2021-02-26,0.15178813783142855,8055
ft_lr5e5_seed362559_classifier,test,2021-03-31,0.1960765334852319,8212
ft_lr5e5_seed362559_classifier,test,2021-04-30,0.18777711288433738,8360
ft_lr5e5_seed362559_classifier,test,2021-05-28,-0.12816986789520923,8479
ft_lr5e5_seed362559_classifier,test,2021-06-30,0.2883416290069983,8587
ft_lr5e5_seed362559_classifier,test,2021-07-30,0.07516239518279345,8722
ft_lr5e5_seed362559_classifier,test,2021-08-31,0.10005779083019366,8776
ft_lr5e5_seed362559_classifier,test,2021-09-30,0.2716521211947536,8872
ft_lr5e5_seed362559_classifier,test,2021-10-29,0.2535800956395741,8968
ft_lr5e5_seed362559_classifier,test,2021-11-30,0.3305879070492813,9068
ft_lr5e5_seed362559_classifier,test,2021-12-31,0.20549298509125394,9189
ft_lr5e5_seed362559_classifier,test,2022-01-31,0.061731057098902156,9272
ft_lr5e5_seed362559_classifier,test,2022-02-28,0.10179022595062763,9347
ft_lr5e5_seed362559_classifier,test,2022-03-31,0.45777962473918465,9382
ft_lr5e5_seed362559_classifier,test,2022-04-29,0.21463090919232708,9421
ft_lr5e5_seed362559_classifier,test,2022-05-31,0.05276222665842973,9432
ft_lr5e5_seed362559_classifier,test,2022-06-30,-0.08321249191751245,9457
ft_lr5e5_seed362559_classifier,test,2022-07-29,0.023507983809833034,9458
ft_lr5e5_seed362559_classifier,test,2022-08-31,0.3969210902730916,9469
ft_lr5e5_seed362559_classifier,test,2022-09-30,0.14078110223888426,9495
ft_lr5e5_seed362559_classifier,test,2022-10-31,0.18977472519919816,9483
ft_lr5e5_seed362559_classifier,test,2022-11-30,0.29467908457757,9465
ft_lr5e5_seed362559_classifier,test,2022-12-30,-0.38599993632657836,9402
ft_lr5e5_seed362559_classifier,test,2023-01-31,0.13158478449320732,9376
ft_lr5e5_seed362559_classifier,test,2023-02-28,0.31024743459026527,9352
ft_lr5e5_seed362559_classifier,test,2023-03-31,0.1875588770223325,9324
ft_lr5e5_seed362559_classifier,test,2023-04-28,-0.03627650276946523,9298
ft_lr5e5_seed362559_classifier,test,2023-05-31,0.11418242642467441,9304
ft_lr5e5_seed362559_classifier,test,2023-06-30,-0.06401608330643516,9291
ft_lr5e5_seed362559_classifier,test,2023-07-31,0.27927153264825766,9265
ft_lr5e5_seed362559_classifier,test,2023-08-31,0.21932522955340808,9278
ft_lr5e5_seed362559_classifier,test,2023-09-29,0.3102277442185909,9318
ft_lr5e5_seed362559_classifier,test,2023-10-31,0.07402496215988379,9331
ft_lr5e5_seed362559_classifier,test,2023-11-30,-0.14435299426513418,9327
ft_lr5e5_seed362559_classifier,test,2023-12-29,0.26066972051284626,9309
ft_lr5e5_seed362559_classifier,test,2024-01-31,0.13075170937641778,9367
ft_lr5e5_seed362559_classifier,test,2024-02-29,0.12514934511649392,9327
ft_lr5e5_seed362559_classifier,test,2024-03-28,0.26936846227795086,9334
ft_lr5e5_seed362559_classifier,test,2024-04-30,0.14640049282146644,9344
ft_lr5e5_seed362559_classifier,test,2024-05-31,0.17161302178293192,9372
ft_lr5e5_seed362559_classifier,test,2024-06-28,0.005015577587826459,9404
ft_lr5e5_seed362559_classifier,test,2024-07-31,0.26674172419365744,9436
ft_lr5e5_seed362559_classifier,test,2024-08-30,0.14485916327761567,9439
ft_lr5e5_seed362559_classifier,test,2024-09-30,0.10105369537871763,9542
ft_lr5e5_seed362559_classifier,test,2024-10-31,0.026038311916690118,9583
ft_lr5e5_seed362559_classifier,validation,2010-12-31,0.02193722756049961,6508
ft_lr5e5_seed362559_classifier,validation,2011-01-31,0.08145165117798717,6534
ft_lr5e5_seed362559_classifier,validation,2011-02-28,0.17244112650526225,6533
ft_lr5e5_seed362559_classifier,validation,2011-03-31,0.19514237018974215,6542
ft_lr5e5_seed362559_classifier,validation,2011-04-29,0.0899439861758281,6561
ft_lr5e5_seed362559_classifier,validation,2011-05-31,0.16919120165488205,6593
ft_lr5e5_seed362559_classifier,validation,2011-06-30,-0.0377481491457299,6612
ft_lr5e5_seed362559_classifier,validation,2011-07-29,0.19871002347629285,6621
ft_lr5e5_seed362559_classifier,validation,2011-08-31,0.1145769950091264,6621
ft_lr5e5_seed362559_classifier,validation,2011-09-30,0.06752483294793346,6627
ft_lr5e5_seed362559_classifier,validation,2011-10-31,0.2293244345756139,6612
ft_lr5e5_seed362559_classifier,validation,2011-11-30,0.19243507115769898,6610
ft_lr5e5_seed362559_classifier,validation,2011-12-30,-0.22534775140809712,6604
ft_lr5e5_seed362559_classifier,validation,2012-01-31,-0.034384120104329764,6625
ft_lr5e5_seed362559_classifier,validation,2012-02-29,0.01635930837535028,6651
ft_lr5e5_seed362559_classifier,validation,2012-03-30,0.1850369920355702,6663
ft_lr5e5_seed362559_classifier,validation,2012-04-30,0.03476885237701086,6681
ft_lr5e5_seed362559_classifier,validation,2012-05-31,0.030537557320298978,6689
ft_lr5e5_seed362559_classifier,validation,2012-06-29,0.2239903413799281,6667
ft_lr5e5_seed362559_classifier,validation,2012-07-31,0.018326497811899985,6669
ft_lr5e5_seed362559_classifier,validation,2012-08-31,-0.009538919195496157,6638
ft_lr5e5_seed362559_classifier,validation,2012-09-28,0.16377344217058415,6610
ft_lr5e5_seed362559_classifier,validation,2012-10-31,0.15735177217299245,6592
ft_lr5e5_seed362559_classifier,validation,2012-11-30,-0.07102228450186727,6587
ft_lr5e5_seed362559_classifier,validation,2012-12-31,0.024606861541980603,6581
ft_lr5e5_seed362559_classifier,validation,2013-01-31,0.09187203552558729,6571
ft_lr5e5_seed362559_classifier,validation,2013-02-28,0.05140377842667958,6574
ft_lr5e5_seed362559_classifier,validation,2013-03-28,0.13854563186164684,6551
ft_lr5e5_seed362559_classifier,validation,2013-04-30,-0.12458346216835149,6563
ft_lr5e5_seed362559_classifier,validation,2013-05-31,0.021180227099897402,6583
ft_lr5e5_seed362559_classifier,validation,2013-06-28,-0.05817468863605803,6602
ft_lr5e5_seed362559_classifier,validation,2013-07-31,-0.05744385007754947,6626
ft_lr5e5_seed362559_classifier,validation,2013-08-30,0.043220313584941134,6645
ft_lr5e5_seed362559_classifier,validation,2013-09-30,0.21010027735784678,6657
ft_lr5e5_seed362559_classifier,validation,2013-10-31,0.007176192020671788,6688
ft_lr5e5_seed362559_classifier,validation,2013-11-29,0.07703993230038579,6714
ft_lr5e5_seed362559_classifier,validation,2013-12-31,-0.18225811226952024,6716
ft_lr5e5_seed362559_classifier,validation,2014-01-31,0.07637479485173997,6746
ft_lr5e5_seed362559_classifier,validation,2014-02-28,0.11273053318715126,6767
ft_lr5e5_seed362559_classifier,validation,2014-03-31,0.2534905353274379,6793
ft_lr5e5_seed362559_classifier,validation,2014-04-30,0.1785139399284566,6815
ft_lr5e5_seed362559_classifier,validation,2014-05-30,-0.04054178114598822,6849
ft_lr5e5_seed362559_classifier,validation,2014-06-30,0.1425530498315109,6886
ft_lr5e5_seed362559_classifier,validation,2014-07-31,0.08141089342349904,6922
ft_lr5e5_seed362559_classifier,validation,2014-08-29,0.07573878239743898,6946
ft_lr5e5_seed362559_classifier,validation,2014-09-30,0.10244284868342735,6951
ft_lr5e5_seed362559_classifier,validation,2014-10-31,0.17200304871787106,6977
ft_lr5e5_seed362559_classifier,validation,2014-11-28,0.02888487060758743,7001
ft_lr5e5_seed362559_classifier,validation,2014-12-31,0.15362745619601265,6993
ft_lr5e5_seed362559_classifier,validation,2015-01-30,-0.08438169972894217,6981
ft_lr5e5_seed362559_classifier,validation,2015-02-27,0.1493931679233091,6995
ft_lr5e5_seed362559_classifier,validation,2015-03-31,-0.10157879633016517,7000
ft_lr5e5_seed362559_classifier,validation,2015-04-30,0.12953897546899704,7028
ft_lr5e5_seed362559_classifier,validation,2015-05-29,0.06448942310951766,7048
ft_lr5e5_seed362559_classifier,validation,2015-06-30,0.30217638630875054,7085
ft_lr5e5_seed362559_classifier,validation,2015-07-31,0.07429550507324623,7140
ft_lr5e5_seed362559_classifier,validation,2015-08-31,0.24358905208898624,7146
ft_lr5e5_seed362559_classifier,validation,2015-09-30,0.05438703132170897,7146
ft_lr5e5_seed362559_classifier,validation,2015-10-30,-0.011132341765839802,7151
ft_lr5e5_seed362559_classifier,validation,2015-11-30,0.2149038737785236,7177
ft_lr5e5_seed362559_er_train,test,2015-12-31,0.15035262023239007,7175
ft_lr5e5_seed362559_er_train,test,2016-01-29,0.07721055237998217,7146
ft_lr5e5_seed362559_er_train,test,2016-02-29,-0.03448817483705498,7134
ft_lr5e5_seed362559_er_train,test,2016-03-31,-0.13100925342770678,7115
ft_lr5e5_seed362559_er_train,test,2016-04-29,0.08970813963249233,7106
ft_lr5e5_seed362559_er_train,test,2016-05-31,0.01759808758742824,7115
ft_lr5e5_seed362559_er_train,test,2016-06-30,0.018641640607037647,7119
ft_lr5e5_seed362559_er_train,test,2016-07-29,-0.0295445369866348,7119
ft_lr5e5_seed362559_er_train,test,2016-08-31,-0.006062460658092793,7082
ft_lr5e5_seed362559_er_train,test,2016-09-30,0.0643322646136703,7090
ft_lr5e5_seed362559_er_train,test,2016-10-31,0.17766386842111073,7107
ft_lr5e5_seed362559_er_train,test,2016-11-30,0.08333776549370277,7096
ft_lr5e5_seed362559_er_train,test,2016-12-30,-0.004230906915986182,7108
ft_lr5e5_seed362559_er_train,test,2017-01-31,0.04456472830526861,7126
ft_lr5e5_seed362559_er_train,test,2017-02-28,0.013405730042842953,7109
ft_lr5e5_seed362559_er_train,test,2017-03-31,0.11700607350008355,7110
ft_lr5e5_seed362559_er_train,test,2017-04-28,0.029102529250041954,7129
ft_lr5e5_seed362559_er_train,test,2017-05-31,0.07962152317142157,7144
ft_lr5e5_seed362559_er_train,test,2017-06-30,0.07836952428138716,7146
ft_lr5e5_seed362559_er_train,test,2017-07-31,0.09397163263747543,7157
ft_lr5e5_seed362559_er_train,test,2017-08-31,0.06241310774181778,7132
ft_lr5e5_seed362559_er_train,test,2017-09-29,0.17299044297697963,7116
ft_lr5e5_seed362559_er_train,test,2017-10-31,0.042743329086682956,7152
ft_lr5e5_seed362559_er_train,test,2017-11-30,0.032340500236594925,7206
ft_lr5e5_seed362559_er_train,test,2017-12-29,0.08610928135232726,7205
ft_lr5e5_seed362559_er_train,test,2018-01-31,-0.04106564250942586,7242
ft_lr5e5_seed362559_er_train,test,2018-02-28,0.029618640007452797,7264
ft_lr5e5_seed362559_er_train,test,2018-03-29,0.029481504082054327,7211
ft_lr5e5_seed362559_er_train,test,2018-04-30,0.07056592103851066,7258
ft_lr5e5_seed362559_er_train,test,2018-05-31,0.05718630800250025,7270
ft_lr5e5_seed362559_er_train,test,2018-06-29,0.13288050893805345,7322
ft_lr5e5_seed362559_er_train,test,2018-07-31,0.07147569636453537,7355
ft_lr5e5_seed362559_er_train,test,2018-08-31,0.05949010250827986,7344
ft_lr5e5_seed362559_er_train,test,2018-09-28,0.06513450639935164,7373
ft_lr5e5_seed362559_er_train,test,2018-10-31,0.06583503460281385,7413
ft_lr5e5_seed362559_er_train,test,2018-11-30,0.04184946230665915,7412
ft_lr5e5_seed362559_er_train,test,2018-12-31,-0.08988590511442297,7407
ft_lr5e5_seed362559_er_train,test,2019-01-31,0.05168027826642938,7408
ft_lr5e5_seed362559_er_train,test,2019-02-28,0.03750262370915921,7390
ft_lr5e5_seed362559_er_train,test,2019-03-29,0.10456887847017406,7390
ft_lr5e5_seed362559_er_train,test,2019-04-30,0.08438403285459255,7396
ft_lr5e5_seed362559_er_train,test,2019-05-31,0.15545327404498951,7458
ft_lr5e5_seed362559_er_train,test,2019-06-28,0.16298449916399946,7471
ft_lr5e5_seed362559_er_train,test,2019-07-31,-0.02895941372869732,7494
ft_lr5e5_seed362559_er_train,test,2019-08-30,0.12398373840934702,7486
ft_lr5e5_seed362559_er_train,test,2019-09-30,0.09319190100470992,7500
ft_lr5e5_seed362559_er_train,test,2019-10-31,0.09073679165903557,7504
ft_lr5e5_seed362559_er_train,test,2019-11-29,-0.040243013149076384,7501
ft_lr5e5_seed362559_er_train,test,2019-12-31,-0.09589727501546871,7500
ft_lr5e5_seed362559_er_train,test,2020-01-31,-0.09112405530228299,7506
ft_lr5e5_seed362559_er_train,test,2020-02-28,0.06234744976748436,7506
ft_lr5e5_seed362559_er_train,test,2020-03-31,0.14130757915066552,7475
ft_lr5e5_seed362559_er_train,test,2020-04-30,0.04310093258687294,7480
ft_lr5e5_seed362559_er_train,test,2020-05-29,-0.07867525996665946,7473
ft_lr5e5_seed362559_er_train,test,2020-06-30,0.14135645476289058,7519
ft_lr5e5_seed362559_er_train,test,2020-07-31,0.05856570878788075,7547
ft_lr5e5_seed362559_er_train,test,2020-08-31,0.08533139968531314,7574
ft_lr5e5_seed362559_er_train,test,2020-09-30,0.07441633123592711,7628
ft_lr5e5_seed362559_er_train,test,2020-10-30,0.15568145097378716,7701
ft_lr5e5_seed362559_er_train,test,2020-11-30,0.11224518011972617,7773
ft_lr5e5_seed362559_er_train,test,2020-12-31,-0.06487837102414847,7875
ft_lr5e5_seed362559_er_train,test,2021-01-29,0.14678059928352352,7964
ft_lr5e5_seed362559_er_train,test,2021-02-26,0.10038420249536471,8055
ft_lr5e5_seed362559_er_train,test,2021-03-31,0.13283101581521406,8212
ft_lr5e5_seed362559_er_train,test,2021-04-30,0.1686491721464713,8360
ft_lr5e5_seed362559_er_train,test,2021-05-28,-0.08919881813658372,8479
ft_lr5e5_seed362559_er_train,test,2021-06-30,0.07241190160385694,8587
ft_lr5e5_seed362559_er_train,test,2021-07-30,0.009226452902413047,8722
ft_lr5e5_seed362559_er_train,test,2021-08-31,0.12313362085795496,8776
ft_lr5e5_seed362559_er_train,test,2021-09-30,0.21078959952720974,8872
ft_lr5e5_seed362559_er_train,test,2021-10-29,0.12819123567005933,8968
ft_lr5e5_seed362559_er_train,test,2021-11-30,0.2370826619410477,9068
ft_lr5e5_seed362559_er_train,test,2021-12-31,0.0988123433569538,9189
ft_lr5e5_seed362559_er_train,test,2022-01-31,0.14276903146814307,9272
ft_lr5e5_seed362559_er_train,test,2022-02-28,0.07945303639731603,9347
ft_lr5e5_seed362559_er_train,test,2022-03-31,0.2374718126496275,9382
ft_lr5e5_seed362559_er_train,test,2022-04-29,0.1456447150200015,9421
ft_lr5e5_seed362559_er_train,test,2022-05-31,-0.1146755320897254,9432
ft_lr5e5_seed362559_er_train,test,2022-06-30,0.06425192898042435,9457
ft_lr5e5_seed362559_er_train,test,2022-07-29,0.0030053603508699255,9458
ft_lr5e5_seed362559_er_train,test,2022-08-31,0.2163444583141233,9469
ft_lr5e5_seed362559_er_train,test,2022-09-30,0.2772961433252113,9495
ft_lr5e5_seed362559_er_train,test,2022-10-31,0.12337958490212544,9483
ft_lr5e5_seed362559_er_train,test,2022-11-30,0.15638957093067696,9465
ft_lr5e5_seed362559_er_train,test,2022-12-30,-0.2025314683596409,9402
ft_lr5e5_seed362559_er_train,test,2023-01-31,0.05404600425510776,9376
ft_lr5e5_seed362559_er_train,test,2023-02-28,0.12069826532346974,9352
ft_lr5e5_seed362559_er_train,test,2023-03-31,0.006235553081520273,9324
ft_lr5e5_seed362559_er_train,test,2023-04-28,-0.0785599382973502,9298
ft_lr5e5_seed362559_er_train,test,2023-05-31,0.19830668942114507,9304
ft_lr5e5_seed362559_er_train,test,2023-06-30,0.038837504405478486,9291
ft_lr5e5_seed362559_er_train,test,2023-07-31,0.08419201790369463,9265
ft_lr5e5_seed362559_er_train,test,2023-08-31,0.023497984699278277,9278
ft_lr5e5_seed362559_er_train,test,2023-09-29,0.13147128873492672,9318
ft_lr5e5_seed362559_er_train,test,2023-10-31,0.08895985577443724,9331
ft_lr5e5_seed362559_er_train,test,2023-11-30,0.08647091499214878,9327
ft_lr5e5_seed362559_er_train,test,2023-12-29,0.05035119768795316,9309
ft_lr5e5_seed362559_er_train,test,2024-01-31,0.060884789642916146,9367
ft_lr5e5_seed362559_er_train,test,2024-02-29,0.14155592659405095,9327
ft_lr5e5_seed362559_er_train,test,2024-03-28,0.03024452438280744,9334
ft_lr5e5_seed362559_er_train,test,2024-04-30,0.12861299704037135,9344
ft_lr5e5_seed362559_er_train,test,2024-05-31,-0.01132404305234833,9372
ft_lr5e5_seed362559_er_train,test,2024-06-28,0.13246840523719738,9404
ft_lr5e5_seed362559_er_train,test,2024-07-31,0.1139981661090213,9436
ft_lr5e5_seed362559_er_train,test,2024-08-30,0.11681007290994022,9439
ft_lr5e5_seed362559_er_train,test,2024-09-30,0.0849948196898895,9542
ft_lr5e5_seed362559_er_train,test,2024-10-31,0.1468830303922252,9583
ft_lr5e5_seed362559_er_train,validation,2010-12-31,0.014029837352667142,6508
ft_lr5e5_seed362559_er_train,validation,2011-01-31,0.12257860139826378,6534
ft_lr5e5_seed362559_er_train,validation,2011-02-28,0.1703238285192376,6533
ft_lr5e5_seed362559_er_train,validation,2011-03-31,0.10555543788749376,6542
ft_lr5e5_seed362559_er_train,validation,2011-04-29,-0.07091012702960908,6561
ft_lr5e5_seed362559_er_train,validation,2011-05-31,0.04698241326164458,6593
ft_lr5e5_seed362559_er_train,validation,2011-06-30,-0.07088356439350818,6612
ft_lr5e5_seed362559_er_train,validation,2011-07-29,-0.04435682136562397,6621
ft_lr5e5_seed362559_er_train,validation,2011-08-31,-0.0745815061885779,6621
ft_lr5e5_seed362559_er_train,validation,2011-09-30,0.2590117471477375,6627
ft_lr5e5_seed362559_er_train,validation,2011-10-31,0.1569121702295545,6612
ft_lr5e5_seed362559_er_train,validation,2011-11-30,0.07325099824998511,6610
ft_lr5e5_seed362559_er_train,validation,2011-12-30,-0.06355453299691123,6604
ft_lr5e5_seed362559_er_train,validation,2012-01-31,0.018120474902176952,6625
ft_lr5e5_seed362559_er_train,validation,2012-02-29,0.06670109278641866,6651
ft_lr5e5_seed362559_er_train,validation,2012-03-30,0.03527884910687957,6663
ft_lr5e5_seed362559_er_train,validation,2012-04-30,-0.17506049021438527,6681
ft_lr5e5_seed362559_er_train,validation,2012-05-31,0.06148136875040263,6689
ft_lr5e5_seed362559_er_train,validation,2012-06-29,0.02201627866438041,6667
ft_lr5e5_seed362559_er_train,validation,2012-07-31,0.12483418705817621,6669
ft_lr5e5_seed362559_er_train,validation,2012-08-31,0.05182403496068278,6638
ft_lr5e5_seed362559_er_train,validation,2012-09-28,0.08550348569341014,6610
ft_lr5e5_seed362559_er_train,validation,2012-10-31,0.12197731957721716,6592
ft_lr5e5_seed362559_er_train,validation,2012-11-30,0.042515645097470654,6587
ft_lr5e5_seed362559_er_train,validation,2012-12-31,0.08015644307195605,6581
ft_lr5e5_seed362559_er_train,validation,2013-01-31,0.08809872075325224,6571
ft_lr5e5_seed362559_er_train,validation,2013-02-28,0.12473341587934422,6574
ft_lr5e5_seed362559_er_train,validation,2013-03-28,-0.0006388272438055905,6551
ft_lr5e5_seed362559_er_train,validation,2013-04-30,0.13517113879089718,6563
ft_lr5e5_seed362559_er_train,validation,2013-05-31,0.1053064634385137,6583
ft_lr5e5_seed362559_er_train,validation,2013-06-28,0.09096711709841264,6602
ft_lr5e5_seed362559_er_train,validation,2013-07-31,-0.05386926438011546,6626
ft_lr5e5_seed362559_er_train,validation,2013-08-30,0.10845688446619016,6645
ft_lr5e5_seed362559_er_train,validation,2013-09-30,0.16437991408696062,6657
ft_lr5e5_seed362559_er_train,validation,2013-10-31,0.1243612812997458,6688
ft_lr5e5_seed362559_er_train,validation,2013-11-29,0.08425832279274553,6714
ft_lr5e5_seed362559_er_train,validation,2013-12-31,-0.22586927921058914,6716
ft_lr5e5_seed362559_er_train,validation,2014-01-31,0.09170164313029505,6746
ft_lr5e5_seed362559_er_train,validation,2014-02-28,0.04273347851679219,6767
ft_lr5e5_seed362559_er_train,validation,2014-03-31,-0.008333984302232034,6793
ft_lr5e5_seed362559_er_train,validation,2014-04-30,0.10607096370773314,6815
ft_lr5e5_seed362559_er_train,validation,2014-05-30,0.06794909770340833,6849
ft_lr5e5_seed362559_er_train,validation,2014-06-30,-0.023809024972883303,6886
ft_lr5e5_seed362559_er_train,validation,2014-07-31,0.13051120861353846,6922
ft_lr5e5_seed362559_er_train,validation,2014-08-29,-0.08894936275566961,6946
ft_lr5e5_seed362559_er_train,validation,2014-09-30,0.12409060649507492,6951
ft_lr5e5_seed362559_er_train,validation,2014-10-31,0.10270914937549497,6977
ft_lr5e5_seed362559_er_train,validation,2014-11-28,0.11999380778651725,7001
ft_lr5e5_seed362559_er_train,validation,2014-12-31,-0.031830183346577834,6993
ft_lr5e5_seed362559_er_train,validation,2015-01-30,0.06597599601804782,6981
ft_lr5e5_seed362559_er_train,validation,2015-02-27,0.1377543166779205,6995
ft_lr5e5_seed362559_er_train,validation,2015-03-31,-0.13416788535731197,7000
ft_lr5e5_seed362559_er_train,validation,2015-04-30,0.13180644906742664,7028
ft_lr5e5_seed362559_er_train,validation,2015-05-29,0.10378257799071701,7048
ft_lr5e5_seed362559_er_train,validation,2015-06-30,0.15510242862235735,7085
ft_lr5e5_seed362559_er_train,validation,2015-07-31,-0.015851799317194257,7140
ft_lr5e5_seed362559_er_train,validation,2015-08-31,0.060771385957619446,7146
ft_lr5e5_seed362559_er_train,validation,2015-09-30,0.0939828826787538,7146
ft_lr5e5_seed362559_er_train,validation,2015-10-30,0.0580678999159877,7151
ft_lr5e5_seed362559_er_train,validation,2015-11-30,0.035055400222395776,7177
ft_reg_seed362559_classifier,test,2015-12-31,0.2692478784598103,7175
ft_reg_seed362559_classifier,test,2016-01-29,0.04358648427721872,7146
ft_reg_seed362559_classifier,test,2016-02-29,-0.06237180095219396,7134
ft_reg_seed362559_classifier,test,2016-03-31,-0.1877034473270856,7115
ft_reg_seed362559_classifier,test,2016-04-29,0.14326389899645958,7106
ft_reg_seed362559_classifier,test,2016-05-31,0.09551579910287128,7115
ft_reg_seed362559_classifier,test,2016-06-30,-0.05554364190890059,7119
ft_reg_seed362559_classifier,test,2016-07-29,-0.023664717877343065,7119
ft_reg_seed362559_classifier,test,2016-08-31,-0.07285500762536044,7082
ft_reg_seed362559_classifier,test,2016-09-30,0.2384184320859815,7090
ft_reg_seed362559_classifier,test,2016-10-31,0.07410379594477319,7107
ft_reg_seed362559_classifier,test,2016-11-30,0.17066751727742294,7096
ft_reg_seed362559_classifier,test,2016-12-30,-0.02197571514312634,7108
ft_reg_seed362559_classifier,test,2017-01-31,0.12263722340823262,7126
ft_reg_seed362559_classifier,test,2017-02-28,0.025336427020974998,7109
ft_reg_seed362559_classifier,test,2017-03-31,0.15898703351903226,7110
ft_reg_seed362559_classifier,test,2017-04-28,0.10383219910104692,7129
ft_reg_seed362559_classifier,test,2017-05-31,0.04340812829380338,7144
ft_reg_seed362559_classifier,test,2017-06-30,0.14704315650712962,7146
ft_reg_seed362559_classifier,test,2017-07-31,0.11095080249765868,7157
ft_reg_seed362559_classifier,test,2017-08-31,-0.012322605735223466,7132
ft_reg_seed362559_classifier,test,2017-09-29,0.21402055393606295,7116
ft_reg_seed362559_classifier,test,2017-10-31,0.07264464021542957,7152
ft_reg_seed362559_classifier,test,2017-11-30,0.040081290625624814,7206
ft_reg_seed362559_classifier,test,2017-12-29,0.11286390788136719,7205
ft_reg_seed362559_classifier,test,2018-01-31,-0.012492687850447663,7242
ft_reg_seed362559_classifier,test,2018-02-28,0.03000860772142405,7264
ft_reg_seed362559_classifier,test,2018-03-29,0.008529788732318059,7211
ft_reg_seed362559_classifier,test,2018-04-30,-0.04886381475499102,7258
ft_reg_seed362559_classifier,test,2018-05-31,0.042221327749374496,7270
ft_reg_seed362559_classifier,test,2018-06-29,0.20445664072998407,7322
ft_reg_seed362559_classifier,test,2018-07-31,0.028088184973368707,7355
ft_reg_seed362559_classifier,test,2018-08-31,0.09730044961827743,7344
ft_reg_seed362559_classifier,test,2018-09-28,0.13738863152330824,7373
ft_reg_seed362559_classifier,test,2018-10-31,0.1647671570418855,7413
ft_reg_seed362559_classifier,test,2018-11-30,0.16177645746991468,7412
ft_reg_seed362559_classifier,test,2018-12-31,-0.19588850367625865,7407
ft_reg_seed362559_classifier,test,2019-01-31,-0.012615777567680325,7408
ft_reg_seed362559_classifier,test,2019-02-28,0.1158895886329962,7390
ft_reg_seed362559_classifier,test,2019-03-29,0.12599896232743651,7390
ft_reg_seed362559_classifier,test,2019-04-30,0.22458092816982764,7396
ft_reg_seed362559_classifier,test,2019-05-31,0.13005855315317016,7458
ft_reg_seed362559_classifier,test,2019-06-28,0.18334032328272143,7471
ft_reg_seed362559_classifier,test,2019-07-31,0.16132816044871354,7494
ft_reg_seed362559_classifier,test,2019-08-30,0.09061800888736574,7486
ft_reg_seed362559_classifier,test,2019-09-30,0.11372553768695517,7500
ft_reg_seed362559_classifier,test,2019-10-31,0.03244288995437552,7504
ft_reg_seed362559_classifier,test,2019-11-29,-0.055430357147527164,7501
ft_reg_seed362559_classifier,test,2019-12-31,0.02684973410380041,7500
ft_reg_seed362559_classifier,test,2020-01-31,-0.04309442740575684,7506
ft_reg_seed362559_classifier,test,2020-02-28,0.14221798756045495,7506
ft_reg_seed362559_classifier,test,2020-03-31,-0.09236294089323495,7475
ft_reg_seed362559_classifier,test,2020-04-30,-0.0074906009955438375,7480
ft_reg_seed362559_classifier,test,2020-05-29,-0.13057041955672755,7473
ft_reg_seed362559_classifier,test,2020-06-30,0.1799281398900833,7519
ft_reg_seed362559_classifier,test,2020-07-31,0.06636573085040766,7547
ft_reg_seed362559_classifier,test,2020-08-31,0.11889132218948824,7574
ft_reg_seed362559_classifier,test,2020-09-30,0.047951015624100896,7628
ft_reg_seed362559_classifier,test,2020-10-30,-0.14156592914261823,7701
ft_reg_seed362559_classifier,test,2020-11-30,0.009640487470105973,7773
ft_reg_seed362559_classifier,test,2020-12-31,-0.20049227940908296,7875
ft_reg_seed362559_classifier,test,2021-01-29,-0.04207772821768418,7964
ft_reg_seed362559_classifier,test,2021-02-26,0.1888101253159058,8055
ft_reg_seed362559_classifier,test,2021-03-31,0.23808843481594286,8212
ft_reg_seed362559_classifier,test,2021-04-30,0.17491976875772483,8360
ft_reg_seed362559_classifier,test,2021-05-28,-0.15570810530699805,8479
ft_reg_seed362559_classifier,test,2021-06-30,0.28268084470443183,8587
ft_reg_seed362559_classifier,test,2021-07-30,0.08798464558266245,8722
ft_reg_seed362559_classifier,test,2021-08-31,0.11565745230228643,8776
ft_reg_seed362559_classifier,test,2021-09-30,0.28295814569643846,8872
ft_reg_seed362559_classifier,test,2021-10-29,0.2376679659682068,8968
ft_reg_seed362559_classifier,test,2021-11-30,0.3794750854679227,9068
ft_reg_seed362559_classifier,test,2021-12-31,0.24816998861959952,9189
ft_reg_seed362559_classifier,test,2022-01-31,0.09146227684292924,9272
ft_reg_seed362559_classifier,test,2022-02-28,0.09294180166560675,9347
ft_reg_seed362559_classifier,test,2022-03-31,0.37654820673721523,9382
ft_reg_seed362559_classifier,test,2022-04-29,0.215738582784598,9421
ft_reg_seed362559_classifier,test,2022-05-31,0.03889319275529611,9432
ft_reg_seed362559_classifier,test,2022-06-30,0.005436514334803745,9457
ft_reg_seed362559_classifier,test,2022-07-29,-0.004875378620155676,9458
ft_reg_seed362559_classifier,test,2022-08-31,0.2989863780929538,9469
ft_reg_seed362559_classifier,test,2022-09-30,0.22739451434331714,9495
ft_reg_seed362559_classifier,test,2022-10-31,0.2084211934390117,9483
ft_reg_seed362559_classifier,test,2022-11-30,0.17887331291183747,9465
ft_reg_seed362559_classifier,test,2022-12-30,-0.28071282963677485,9402
ft_reg_seed362559_classifier,test,2023-01-31,0.13445461770581524,9376
ft_reg_seed362559_classifier,test,2023-02-28,0.23160354057072738,9352
ft_reg_seed362559_classifier,test,2023-03-31,0.1318686316053219,9324
ft_reg_seed362559_classifier,test,2023-04-28,-0.07157919562582275,9298
ft_reg_seed362559_classifier,test,2023-05-31,0.18499273397165833,9304
ft_reg_seed362559_classifier,test,2023-06-30,0.00069391399411467,9291
ft_reg_seed362559_classifier,test,2023-07-31,0.19665205549030795,9265
ft_reg_seed362559_classifier,test,2023-08-31,0.16762973040703272,9278
ft_reg_seed362559_classifier,test,2023-09-29,0.2293367217665551,9318
ft_reg_seed362559_classifier,test,2023-10-31,0.10348526472840545,9331
ft_reg_seed362559_classifier,test,2023-11-30,-0.04318394994019348,9327
ft_reg_seed362559_classifier,test,2023-12-29,0.19185110426818655,9309
ft_reg_seed362559_classifier,test,2024-01-31,0.11171321022487421,9367
ft_reg_seed362559_classifier,test,2024-02-29,0.203916809416347,9327
ft_reg_seed362559_classifier,test,2024-03-28,0.14769814975992265,9334
ft_reg_seed362559_classifier,test,2024-04-30,0.14819486480410682,9344
ft_reg_seed362559_classifier,test,2024-05-31,0.16314306168236575,9372
ft_reg_seed362559_classifier,test,2024-06-28,0.047969170882822154,9404
ft_reg_seed362559_classifier,test,2024-07-31,0.23900716447239714,9436
ft_reg_seed362559_classifier,test,2024-08-30,0.13206659474717172,9439
ft_reg_seed362559_classifier,test,2024-09-30,0.08959462522371392,9542
ft_reg_seed362559_classifier,test,2024-10-31,0.09774530678383413,9583
ft_reg_seed362559_classifier,validation,2010-12-31,0.02439240841401536,6508
ft_reg_seed362559_classifier,validation,2011-01-31,0.10287096920613756,6534
ft_reg_seed362559_classifier,validation,2011-02-28,0.15938799189276442,6533
ft_reg_seed362559_classifier,validation,2011-03-31,0.19965909234901077,6542
ft_reg_seed362559_classifier,validation,2011-04-29,0.09615001855142175,6561
ft_reg_seed362559_classifier,validation,2011-05-31,0.16734299108148804,6593
ft_reg_seed362559_classifier,validation,2011-06-30,-0.020458152796788406,6612
ft_reg_seed362559_classifier,validation,2011-07-29,0.21853629107718078,6621
ft_reg_seed362559_classifier,validation,2011-08-31,0.12910690429584165,6621
ft_reg_seed362559_classifier,validation,2011-09-30,0.0567961400762739,6627
ft_reg_seed362559_classifier,validation,2011-10-31,0.20107880899704492,6612
ft_reg_seed362559_classifier,validation,2011-11-30,0.1872348363577685,6610
ft_reg_seed362559_classifier,validation,2011-12-30,-0.22577884496234005,6604
ft_reg_seed362559_classifier,validation,2012-01-31,-0.005894763258782974,6625
ft_reg_seed362559_classifier,validation,2012-02-29,0.049254895805463286,6651
ft_reg_seed362559_classifier,validation,2012-03-30,0.17397912079413846,6663
ft_reg_seed362559_classifier,validation,2012-04-30,0.04379868205951811,6681
ft_reg_seed362559_classifier,validation,2012-05-31,0.04703851043454644,6689
ft_reg_seed362559_classifier,validation,2012-06-29,0.16928509081264223,6667
ft_reg_seed362559_classifier,validation,2012-07-31,0.03368295918459612,6669
ft_reg_seed362559_classifier,validation,2012-08-31,-0.012706885694224906,6638
ft_reg_seed362559_classifier,validation,2012-09-28,0.17141127643644985,6610
ft_reg_seed362559_classifier,validation,2012-10-31,0.13324446524523753,6592
ft_reg_seed362559_classifier,validation,2012-11-30,-0.004509898724171464,6587
ft_reg_seed362559_classifier,validation,2012-12-31,0.03380127938663382,6581
ft_reg_seed362559_classifier,validation,2013-01-31,0.10425618541110894,6571
ft_reg_seed362559_classifier,validation,2013-02-28,0.055993813211514594,6574
ft_reg_seed362559_classifier,validation,2013-03-28,0.14152219808974495,6551
ft_reg_seed362559_classifier,validation,2013-04-30,-0.1068057757897602,6563
ft_reg_seed362559_classifier,validation,2013-05-31,0.04736225696982159,6583
ft_reg_seed362559_classifier,validation,2013-06-28,0.012704240278486332,6602
ft_reg_seed362559_classifier,validation,2013-07-31,-0.07577749401224762,6626
ft_reg_seed362559_classifier,validation,2013-08-30,0.07097887581106571,6645
ft_reg_seed362559_classifier,validation,2013-09-30,0.21705110552131,6657
ft_reg_seed362559_classifier,validation,2013-10-31,0.03373417402703841,6688
ft_reg_seed362559_classifier,validation,2013-11-29,0.0632722564399922,6714
ft_reg_seed362559_classifier,validation,2013-12-31,-0.21244062001819208,6716
ft_reg_seed362559_classifier,validation,2014-01-31,0.06479412802242154,6746
ft_reg_seed362559_classifier,validation,2014-02-28,0.13260347612447637,6767
ft_reg_seed362559_classifier,validation,2014-03-31,0.23596349561514182,6793
ft_reg_seed362559_classifier,validation,2014-04-30,0.1673401824456421,6815
ft_reg_seed362559_classifier,validation,2014-05-30,-0.019687389459960052,6849
ft_reg_seed362559_classifier,validation,2014-06-30,0.14461863706464534,6886
ft_reg_seed362559_classifier,validation,2014-07-31,0.11991997156729108,6922
ft_reg_seed362559_classifier,validation,2014-08-29,0.08838140569503464,6946
ft_reg_seed362559_classifier,validation,2014-09-30,0.1520794063554324,6951
ft_reg_seed362559_classifier,validation,2014-10-31,0.1603918633591166,6977
ft_reg_seed362559_classifier,validation,2014-11-28,0.016139271144909005,7001
ft_reg_seed362559_classifier,validation,2014-12-31,0.10999848006780927,6993
ft_reg_seed362559_classifier,validation,2015-01-30,-0.05058996558085162,6981
ft_reg_seed362559_classifier,validation,2015-02-27,0.15402874254835913,6995
ft_reg_seed362559_classifier,validation,2015-03-31,-0.10907289944841371,7000
ft_reg_seed362559_classifier,validation,2015-04-30,0.10633401544308015,7028
ft_reg_seed362559_classifier,validation,2015-05-29,0.08024797939232028,7048
ft_reg_seed362559_classifier,validation,2015-06-30,0.27584982274482506,7085
ft_reg_seed362559_classifier,validation,2015-07-31,0.04081319382593384,7140
ft_reg_seed362559_classifier,validation,2015-08-31,0.22924843207514897,7146
ft_reg_seed362559_classifier,validation,2015-09-30,0.05260973491012141,7146
ft_reg_seed362559_classifier,validation,2015-10-30,0.017459039871822436,7151
ft_reg_seed362559_classifier,validation,2015-11-30,0.1787818699154061,7177
ft_reg_seed362559_er_train,test,2015-12-31,0.07675238189913078,7175
ft_reg_seed362559_er_train,test,2016-01-29,0.05614925603903007,7146
ft_reg_seed362559_er_train,test,2016-02-29,0.001528544717736784,7134
ft_reg_seed362559_er_train,test,2016-03-31,-0.11157984774753249,7115
ft_reg_seed362559_er_train,test,2016-04-29,0.0797439734961652,7106
ft_reg_seed362559_er_train,test,2016-05-31,0.005401707984068817,7115
ft_reg_seed362559_er_train,test,2016-06-30,0.06281547995208821,7119
ft_reg_seed362559_er_train,test,2016-07-29,-0.007334816859507423,7119
ft_reg_seed362559_er_train,test,2016-08-31,0.00012944675865170073,7082
ft_reg_seed362559_er_train,test,2016-09-30,0.0840433849176053,7090
ft_reg_seed362559_er_train,test,2016-10-31,0.21370090234072123,7107
ft_reg_seed362559_er_train,test,2016-11-30,0.1259113136183114,7096
ft_reg_seed362559_er_train,test,2016-12-30,-0.035227082699813415,7108
ft_reg_seed362559_er_train,test,2017-01-31,0.025333597199901355,7126
ft_reg_seed362559_er_train,test,2017-02-28,-0.011919268914382131,7109
ft_reg_seed362559_er_train,test,2017-03-31,0.09588045371645862,7110
ft_reg_seed362559_er_train,test,2017-04-28,-0.016496528161814614,7129
ft_reg_seed362559_er_train,test,2017-05-31,0.09676792147508814,7144
ft_reg_seed362559_er_train,test,2017-06-30,0.06019010529616967,7146
ft_reg_seed362559_er_train,test,2017-07-31,0.039639490995360745,7157
ft_reg_seed362559_er_train,test,2017-08-31,0.11589532878576085,7132
ft_reg_seed362559_er_train,test,2017-09-29,0.15124830433186134,7116
ft_reg_seed362559_er_train,test,2017-10-31,0.08153704037820918,7152
ft_reg_seed362559_er_train,test,2017-11-30,0.005693604152366634,7206
ft_reg_seed362559_er_train,test,2017-12-29,0.09897896778876628,7205
ft_reg_seed362559_er_train,test,2018-01-31,-0.05589710371863505,7242
ft_reg_seed362559_er_train,test,2018-02-28,0.05039416276938111,7264
ft_reg_seed362559_er_train,test,2018-03-29,0.02572112082212542,7211
ft_reg_seed362559_er_train,test,2018-04-30,0.0724668521430308,7258
ft_reg_seed362559_er_train,test,2018-05-31,0.06710102588020214,7270
ft_reg_seed362559_er_train,test,2018-06-29,0.11817057556941282,7322
ft_reg_seed362559_er_train,test,2018-07-31,0.06825475408346754,7355
ft_reg_seed362559_er_train,test,2018-08-31,0.036804690179400405,7344
ft_reg_seed362559_er_train,test,2018-09-28,-0.02461273349882765,7373
ft_reg_seed362559_er_train,test,2018-10-31,0.07043017303512111,7413
ft_reg_seed362559_er_train,test,2018-11-30,-0.021537798395404425,7412
ft_reg_seed362559_er_train,test,2018-12-31,-0.019524551454693596,7407
ft_reg_seed362559_er_train,test,2019-01-31,0.060531393647509646,7408
ft_reg_seed362559_er_train,test,2019-02-28,-0.03551496428682781,7390
ft_reg_seed362559_er_train,test,2019-03-29,0.11264861709354801,7390
ft_reg_seed362559_er_train,test,2019-04-30,0.000350122011537764,7396
ft_reg_seed362559_er_train,test,2019-05-31,0.181786199461999,7458
ft_reg_seed362559_er_train,test,2019-06-28,0.14068093344301502,7471
ft_reg_seed362559_er_train,test,2019-07-31,-0.06692561064058279,7494
ft_reg_seed362559_er_train,test,2019-08-30,0.11278140152944424,7486
ft_reg_seed362559_er_train,test,2019-09-30,0.08837432813540963,7500
ft_reg_seed362559_er_train,test,2019-10-31,0.09805176114363345,7504
ft_reg_seed362559_er_train,test,2019-11-29,-0.022144993543064116,7501
ft_reg_seed362559_er_train,test,2019-12-31,-0.10787585689482279,7500
ft_reg_seed362559_er_train,test,2020-01-31,-0.11925530786671291,7506
ft_reg_seed362559_er_train,test,2020-02-28,-0.04816646894362934,7506
ft_reg_seed362559_er_train,test,2020-03-31,0.13878233524619127,7475
ft_reg_seed362559_er_train,test,2020-04-30,0.021402653765291598,7480
ft_reg_seed362559_er_train,test,2020-05-29,-0.03371799044137463,7473
ft_reg_seed362559_er_train,test,2020-06-30,0.11019331338314264,7519
ft_reg_seed362559_er_train,test,2020-07-31,0.09856071830345617,7547
ft_reg_seed362559_er_train,test,2020-08-31,-0.024193704243137406,7574
ft_reg_seed362559_er_train,test,2020-09-30,0.07123381766240493,7628
ft_reg_seed362559_er_train,test,2020-10-30,0.1384595819878616,7701
ft_reg_seed362559_er_train,test,2020-11-30,0.11246770700705286,7773
ft_reg_seed362559_er_train,test,2020-12-31,-0.020254739860079456,7875
ft_reg_seed362559_er_train,test,2021-01-29,0.19377835799381862,7964
ft_reg_seed362559_er_train,test,2021-02-26,0.0794920460854461,8055
ft_reg_seed362559_er_train,test,2021-03-31,0.14246291374388925,8212
ft_reg_seed362559_er_train,test,2021-04-30,0.1448850691635704,8360
ft_reg_seed362559_er_train,test,2021-05-28,-0.10926309798306806,8479
ft_reg_seed362559_er_train,test,2021-06-30,0.07710467863785313,8587
ft_reg_seed362559_er_train,test,2021-07-30,0.022057474129994706,8722
ft_reg_seed362559_er_train,test,2021-08-31,0.10685980787800668,8776
ft_reg_seed362559_er_train,test,2021-09-30,0.21479758104125796,8872
ft_reg_seed362559_er_train,test,2021-10-29,0.09833158917846102,8968
ft_reg_seed362559_er_train,test,2021-11-30,0.2613714361154747,9068
ft_reg_seed362559_er_train,test,2021-12-31,0.09505055072156071,9189
ft_reg_seed362559_er_train,test,2022-01-31,0.14837249481767928,9272
ft_reg_seed362559_er_train,test,2022-02-28,0.07627582720673673,9347
ft_reg_seed362559_er_train,test,2022-03-31,0.199429401357779,9382
ft_reg_seed362559_er_train,test,2022-04-29,0.1429862471324601,9421
ft_reg_seed362559_er_train,test,2022-05-31,-0.10644462425137513,9432
ft_reg_seed362559_er_train,test,2022-06-30,0.10527783652547695,9457
ft_reg_seed362559_er_train,test,2022-07-29,0.0005161791048756793,9458
ft_reg_seed362559_er_train,test,2022-08-31,0.10996708251082472,9469
ft_reg_seed362559_er_train,test,2022-09-30,0.2647883305110646,9495
ft_reg_seed362559_er_train,test,2022-10-31,0.1305090536430701,9483
ft_reg_seed362559_er_train,test,2022-11-30,0.06440262283046179,9465
ft_reg_seed362559_er_train,test,2022-12-30,-0.09246098008368515,9402
ft_reg_seed362559_er_train,test,2023-01-31,0.06106245118079384,9376
ft_reg_seed362559_er_train,test,2023-02-28,0.05604882130236305,9352
ft_reg_seed362559_er_train,test,2023-03-31,-0.016779517885998872,9324
ft_reg_seed362559_er_train,test,2023-04-28,-0.10219953877081007,9298
ft_reg_seed362559_er_train,test,2023-05-31,0.2500743346218003,9304
ft_reg_seed362559_er_train,test,2023-06-30,0.0877100909088646,9291
ft_reg_seed362559_er_train,test,2023-07-31,-0.006191522527475945,9265
ft_reg_seed362559_er_train,test,2023-08-31,-0.024900402954551076,9278
ft_reg_seed362559_er_train,test,2023-09-29,0.04588531165229004,9318
ft_reg_seed362559_er_train,test,2023-10-31,0.12059138872706202,9331
ft_reg_seed362559_er_train,test,2023-11-30,0.13414765766152625,9327
ft_reg_seed362559_er_train,test,2023-12-29,0.009876987768305713,9309
ft_reg_seed362559_er_train,test,2024-01-31,0.07295677879492873,9367
ft_reg_seed362559_er_train,test,2024-02-29,0.15731716124996678,9327
ft_reg_seed362559_er_train,test,2024-03-28,-0.07080434310716867,9334
ft_reg_seed362559_er_train,test,2024-04-30,0.13096550861222947,9344
ft_reg_seed362559_er_train,test,2024-05-31,-0.01243309922076949,9372
ft_reg_seed362559_er_train,test,2024-06-28,0.15168000449922306,9404
ft_reg_seed362559_er_train,test,2024-07-31,0.08461844351934858,9436
ft_reg_seed362559_er_train,test,2024-08-30,0.09617934015905011,9439
ft_reg_seed362559_er_train,test,2024-09-30,0.07999589678367124,9542
ft_reg_seed362559_er_train,test,2024-10-31,0.16763622819769633,9583
ft_reg_seed362559_er_train,validation,2010-12-31,0.018293948657000278,6508
ft_reg_seed362559_er_train,validation,2011-01-31,0.14932364601390907,6534
ft_reg_seed362559_er_train,validation,2011-02-28,0.157470081769852,6533
ft_reg_seed362559_er_train,validation,2011-03-31,0.12142323012499615,6542
ft_reg_seed362559_er_train,validation,2011-04-29,-0.07587977792707934,6561
ft_reg_seed362559_er_train,validation,2011-05-31,0.047196162238033995,6593
ft_reg_seed362559_er_train,validation,2011-06-30,-0.07204236976827426,6612
ft_reg_seed362559_er_train,validation,2011-07-29,-0.0331697074869494,6621
ft_reg_seed362559_er_train,validation,2011-08-31,-0.0738859759365943,6621
ft_reg_seed362559_er_train,validation,2011-09-30,0.24505908043669639,6627
ft_reg_seed362559_er_train,validation,2011-10-31,0.1262997824463509,6612
ft_reg_seed362559_er_train,validation,2011-11-30,0.051376756544600416,6610
ft_reg_seed362559_er_train,validation,2011-12-30,-0.06735311295385532,6604
ft_reg_seed362559_er_train,validation,2012-01-31,0.045246678892010235,6625
ft_reg_seed362559_er_train,validation,2012-02-29,0.09150903639706254,6651
ft_reg_seed362559_er_train,validation,2012-03-30,0.013064645291499002,6663
ft_reg_seed362559_er_train,validation,2012-04-30,-0.19405066601912263,6681
ft_reg_seed362559_er_train,validation,2012-05-31,0.05124627940309065,6689
ft_reg_seed362559_er_train,validation,2012-06-29,-0.0061867961322769945,6667
ft_reg_seed362559_er_train,validation,2012-07-31,0.12664418308783798,6669
ft_reg_seed362559_er_train,validation,2012-08-31,0.04093357382035665,6638
ft_reg_seed362559_er_train,validation,2012-09-28,0.06672836030665001,6610
ft_reg_seed362559_er_train,validation,2012-10-31,0.10149176861952955,6592
ft_reg_seed362559_er_train,validation,2012-11-30,0.11028131923813404,6587
ft_reg_seed362559_er_train,validation,2012-12-31,0.10748999213976822,6581
ft_reg_seed362559_er_train,validation,2013-01-31,0.0917132212367089,6571
ft_reg_seed362559_er_train,validation,2013-02-28,0.14196967236726965,6574
ft_reg_seed362559_er_train,validation,2013-03-28,0.007911960854743643,6551
ft_reg_seed362559_er_train,validation,2013-04-30,0.1349871992989527,6563
ft_reg_seed362559_er_train,validation,2013-05-31,0.11875848334974345,6583
ft_reg_seed362559_er_train,validation,2013-06-28,0.14653690496759855,6602
ft_reg_seed362559_er_train,validation,2013-07-31,-0.06206773473389274,6626
ft_reg_seed362559_er_train,validation,2013-08-30,0.14120958744610337,6645
ft_reg_seed362559_er_train,validation,2013-09-30,0.17083059014219698,6657
ft_reg_seed362559_er_train,validation,2013-10-31,0.14341107573186201,6688
ft_reg_seed362559_er_train,validation,2013-11-29,0.09086140805735057,6714
ft_reg_seed362559_er_train,validation,2013-12-31,-0.23988040708738242,6716
ft_reg_seed362559_er_train,validation,2014-01-31,0.09409516253820893,6746
ft_reg_seed362559_er_train,validation,2014-02-28,0.043164376874767485,6767
ft_reg_seed362559_er_train,validation,2014-03-31,0.006576574248171217,6793
ft_reg_seed362559_er_train,validation,2014-04-30,0.09831117623481785,6815
ft_reg_seed362559_er_train,validation,2014-05-30,0.07893615900449798,6849
ft_reg_seed362559_er_train,validation,2014-06-30,-0.020801879011262247,6886
ft_reg_seed362559_er_train,validation,2014-07-31,0.15019002611276175,6922
ft_reg_seed362559_er_train,validation,2014-08-29,-0.059685605561237046,6946
ft_reg_seed362559_er_train,validation,2014-09-30,0.12393966083742898,6951
ft_reg_seed362559_er_train,validation,2014-10-31,0.0872662298680499,6977
ft_reg_seed362559_er_train,validation,2014-11-28,0.07579361572306452,7001
ft_reg_seed362559_er_train,validation,2014-12-31,-0.03996921421152411,6993
ft_reg_seed362559_er_train,validation,2015-01-30,0.07072889807202126,6981
ft_reg_seed362559_er_train,validation,2015-02-27,0.13235273090910143,6995
ft_reg_seed362559_er_train,validation,2015-03-31,-0.13834247630320562,7000
ft_reg_seed362559_er_train,validation,2015-04-30,0.12073873674593465,7028
ft_reg_seed362559_er_train,validation,2015-05-29,0.09744799912951017,7048
ft_reg_seed362559_er_train,validation,2015-06-30,0.09677315345861733,7085
ft_reg_seed362559_er_train,validation,2015-07-31,-0.04008829968265291,7140
ft_reg_seed362559_er_train,validation,2015-08-31,0.03485103129091075,7146
ft_reg_seed362559_er_train,validation,2015-09-30,0.08096094975448744,7146
ft_reg_seed362559_er_train,validation,2015-10-30,0.05695797260371358,7151
ft_reg_seed362559_er_train,validation,2015-11-30,0.016145642134606775,7177
ft_small_lr5e5_seed362559_classifier,test,2015-12-31,0.271902805815583,7175
ft_small_lr5e5_seed362559_classifier,test,2016-01-29,0.042706532650367016,7146
ft_small_lr5e5_seed362559_classifier,test,2016-02-29,-0.14145526289309845,7134
ft_small_lr5e5_seed362559_classifier,test,2016-03-31,-0.20267707121802658,7115
ft_small_lr5e5_seed362559_classifier,test,2016-04-29,0.1107046574771773,7106
ft_small_lr5e5_seed362559_classifier,test,2016-05-31,0.1416669853304022,7115
ft_small_lr5e5_seed362559_classifier,test,2016-06-30,-0.08004615678644564,7119
ft_small_lr5e5_seed362559_classifier,test,2016-07-29,-0.056350404915012024,7119
ft_small_lr5e5_seed362559_classifier,test,2016-08-31,-0.0613367367961577,7082
ft_small_lr5e5_seed362559_classifier,test,2016-09-30,0.23002732817694269,7090
ft_small_lr5e5_seed362559_classifier,test,2016-10-31,-0.014925682535924377,7107
ft_small_lr5e5_seed362559_classifier,test,2016-11-30,0.1544568244942388,7096
ft_small_lr5e5_seed362559_classifier,test,2016-12-30,-0.03539150059540336,7108
ft_small_lr5e5_seed362559_classifier,test,2017-01-31,0.10222943920475472,7126
ft_small_lr5e5_seed362559_classifier,test,2017-02-28,0.033859587591742325,7109
ft_small_lr5e5_seed362559_classifier,test,2017-03-31,0.17821367230418336,7110
ft_small_lr5e5_seed362559_classifier,test,2017-04-28,0.1763164389373258,7129
ft_small_lr5e5_seed362559_classifier,test,2017-05-31,0.036074608106024794,7144
ft_small_lr5e5_seed362559_classifier,test,2017-06-30,0.1673589357193174,7146
ft_small_lr5e5_seed362559_classifier,test,2017-07-31,0.1515621038724687,7157
ft_small_lr5e5_seed362559_classifier,test,2017-08-31,-0.07658524508171397,7132
ft_small_lr5e5_seed362559_classifier,test,2017-09-29,0.2503330669958185,7116
ft_small_lr5e5_seed362559_classifier,test,2017-10-31,0.04364889601418505,7152
ft_small_lr5e5_seed362559_classifier,test,2017-11-30,0.013369006307590792,7206
ft_small_lr5e5_seed362559_classifier,test,2017-12-29,0.1263581268360727,7205
ft_small_lr5e5_seed362559_classifier,test,2018-01-31,0.016409867273881315,7242
ft_small_lr5e5_seed362559_classifier,test,2018-02-28,-0.002664295830851528,7264
ft_small_lr5e5_seed362559_classifier,test,2018-03-29,-0.029963002417338475,7211
ft_small_lr5e5_seed362559_classifier,test,2018-04-30,-0.032210669447307626,7258
ft_small_lr5e5_seed362559_classifier,test,2018-05-31,0.036827659128146006,7270
ft_small_lr5e5_seed362559_classifier,test,2018-06-29,0.19195790920052344,7322
ft_small_lr5e5_seed362559_classifier,test,2018-07-31,0.08284661654377022,7355
ft_small_lr5e5_seed362559_classifier,test,2018-08-31,0.10054270423911038,7344
ft_small_lr5e5_seed362559_classifier,test,2018-09-28,0.1248800308289741,7373
ft_small_lr5e5_seed362559_classifier,test,2018-10-31,0.1543841702852327,7413
ft_small_lr5e5_seed362559_classifier,test,2018-11-30,0.28274238946257046,7412
ft_small_lr5e5_seed362559_classifier,test,2018-12-31,-0.2684867335711946,7407
ft_small_lr5e5_seed362559_classifier,test,2019-01-31,-0.06620918301789716,7408
ft_small_lr5e5_seed362559_classifier,test,2019-02-28,0.15266518800690193,7390
ft_small_lr5e5_seed362559_classifier,test,2019-03-29,0.146835052927963,7390
ft_small_lr5e5_seed362559_classifier,test,2019-04-30,0.26253514813511897,7396
ft_small_lr5e5_seed362559_classifier,test,2019-05-31,0.13642560385729224,7458
ft_small_lr5e5_seed362559_classifier,test,2019-06-28,0.19612200701811205,7471
ft_small_lr5e5_seed362559_classifier,test,2019-07-31,0.20200115893902224,7494
ft_small_lr5e5_seed362559_classifier,test,2019-08-30,0.09681812430097654,7486
ft_small_lr5e5_seed362559_classifier,test,2019-09-30,0.10997473640615679,7500
ft_small_lr5e5_seed362559_classifier,test,2019-10-31,0.00043572335851583676,7504
ft_small_lr5e5_seed362559_classifier,test,2019-11-29,-0.0750483982627954,7501
ft_small_lr5e5_seed362559_classifier,test,2019-12-31,0.02855166168371777,7500
ft_small_lr5e5_seed362559_classifier,test,2020-01-31,0.010068528735386901,7506
ft_small_lr5e5_seed362559_classifier,test,2020-02-28,0.1735263394210845,7506
ft_small_lr5e5_seed362559_classifier,test,2020-03-31,-0.20859196430045981,7475
ft_small_lr5e5_seed362559_classifier,test,2020-04-30,-0.057420873819860455,7480
ft_small_lr5e5_seed362559_classifier,test,2020-05-29,-0.14904050691378826,7473
ft_small_lr5e5_seed362559_classifier,test,2020-06-30,0.18056131411390355,7519
ft_small_lr5e5_seed362559_classifier,test,2020-07-31,0.0211528266174911,7547
ft_small_lr5e5_seed362559_classifier,test,2020-08-31,0.15974047973902641,7574
ft_small_lr5e5_seed362559_classifier,test,2020-09-30,0.06355889550425532,7628
ft_small_lr5e5_seed362559_classifier,test,2020-10-30,-0.25979305319528384,7701
ft_small_lr5e5_seed362559_classifier,test,2020-11-30,-0.07235191132780477,7773
ft_small_lr5e5_seed362559_classifier,test,2020-12-31,-0.2209042955140791,7875
ft_small_lr5e5_seed362559_classifier,test,2021-01-29,-0.07638074178718761,7964
ft_small_lr5e5_seed362559_classifier,test,2021-02-26,0.20992852426424644,8055
ft_small_lr5e5_seed362559_classifier,test,2021-03-31,0.21712893398127284,8212
ft_small_lr5e5_seed362559_classifier,test,2021-04-30,0.25034539439286285,8360
ft_small_lr5e5_seed362559_classifier,test,2021-05-28,-0.1681888938313044,8479
ft_small_lr5e5_seed362559_classifier,test,2021-06-30,0.37926698632668226,8587
ft_small_lr5e5_seed362559_classifier,test,2021-07-30,0.09324583031770536,8722
ft_small_lr5e5_seed362559_classifier,test,2021-08-31,0.1257858504263562,8776
ft_small_lr5e5_seed362559_classifier,test,2021-09-30,0.24011565787691952,8872
ft_small_lr5e5_seed362559_classifier,test,2021-10-29,0.3263061094069707,8968
ft_small_lr5e5_seed362559_classifier,test,2021-11-30,0.40029360912299655,9068
ft_small_lr5e5_seed362559_classifier,test,2021-12-31,0.240081358131811,9189
ft_small_lr5e5_seed362559_classifier,test,2022-01-31,0.06321653002249629,9272
ft_small_lr5e5_seed362559_classifier,test,2022-02-28,0.0759387650701287,9347
ft_small_lr5e5_seed362559_classifier,test,2022-03-31,0.4389960811272137,9382
ft_small_lr5e5_seed362559_classifier,test,2022-04-29,0.26644431515094025,9421
ft_small_lr5e5_seed362559_classifier,test,2022-05-31,0.09255384249017497,9432
ft_small_lr5e5_seed362559_classifier,test,2022-06-30,-0.017136421283812375,9457
ft_small_lr5e5_seed362559_classifier,test,2022-07-29,0.02369410283424701,9458
ft_small_lr5e5_seed362559_classifier,test,2022-08-31,0.345606380352165,9469
ft_small_lr5e5_seed362559_classifier,test,2022-09-30,0.18654765212948188,9495
ft_small_lr5e5_seed362559_classifier,test,2022-10-31,0.13596723741944697,9483
ft_small_lr5e5_seed362559_classifier,test,2022-11-30,0.23580106166341597,9465
ft_small_lr5e5_seed362559_classifier,test,2022-12-30,-0.33957589623012097,9402
ft_small_lr5e5_seed362559_classifier,test,2023-01-31,0.23590466283729225,9376
ft_small_lr5e5_seed362559_classifier,test,2023-02-28,0.2337283612592025,9352
ft_small_lr5e5_seed362559_classifier,test,2023-03-31,0.14590409480746755,9324
ft_small_lr5e5_seed362559_classifier,test,2023-04-28,0.002821320496780529,9298
ft_small_lr5e5_seed362559_classifier,test,2023-05-31,0.086549671801973,9304
ft_small_lr5e5_seed362559_classifier,test,2023-06-30,-0.08555983467263158,9291
ft_small_lr5e5_seed362559_classifier,test,2023-07-31,0.29689404602082764,9265
ft_small_lr5e5_seed362559_classifier,test,2023-08-31,0.25666759095737224,9278
ft_small_lr5e5_seed362559_classifier,test,2023-09-29,0.30604179862720343,9318
ft_small_lr5e5_seed362559_classifier,test,2023-10-31,-0.0057096147945195274,9331
ft_small_lr5e5_seed362559_classifier,test,2023-11-30,-0.15232218896412658,9327
ft_small_lr5e5_seed362559_classifier,test,2023-12-29,0.2606858020901777,9309
ft_small_lr5e5_seed362559_classifier,test,2024-01-31,0.04116586428436909,9367
ft_small_lr5e5_seed362559_classifier,test,2024-02-29,0.17259768582933363,9327
ft_small_lr5e5_seed362559_classifier,test,2024-03-28,0.18956719546470185,9334
ft_small_lr5e5_seed362559_classifier,test,2024-04-30,0.12744567626660636,9344
ft_small_lr5e5_seed362559_classifier,test,2024-05-31,0.21663799372782663,9372
ft_small_lr5e5_seed362559_classifier,test,2024-06-28,0.06813096709973478,9404
ft_small_lr5e5_seed362559_classifier,test,2024-07-31,0.2773276426215707,9436
ft_small_lr5e5_seed362559_classifier,test,2024-08-30,0.08264371369812805,9439
ft_small_lr5e5_seed362559_classifier,test,2024-09-30,0.09702412819104436,9542
ft_small_lr5e5_seed362559_classifier,test,2024-10-31,0.09314029863469667,9583
ft_small_lr5e5_seed362559_classifier,validation,2010-12-31,0.008661032032324625,6508
ft_small_lr5e5_seed362559_classifier,validation,2011-01-31,0.10511577324340705,6534
ft_small_lr5e5_seed362559_classifier,validation,2011-02-28,0.14000375941633303,6533
ft_small_lr5e5_seed362559_classifier,validation,2011-03-31,0.1609174865224901,6542
ft_small_lr5e5_seed362559_classifier,validation,2011-04-29,0.1336354823518595,6561
ft_small_lr5e5_seed362559_classifier,validation,2011-05-31,0.19333699875833754,6593
ft_small_lr5e5_seed362559_classifier,validation,2011-06-30,-0.013051348246275954,6612
ft_small_lr5e5_seed362559_classifier,validation,2011-07-29,0.2666884043768822,6621
ft_small_lr5e5_seed362559_classifier,validation,2011-08-31,0.21970291297764116,6621
ft_small_lr5e5_seed362559_classifier,validation,2011-09-30,-0.015772335197577026,6627
ft_small_lr5e5_seed362559_classifier,validation,2011-10-31,0.27197175950521846,6612
ft_small_lr5e5_seed362559_classifier,validation,2011-11-30,0.2268117349919821,6610
ft_small_lr5e5_seed362559_classifier,validation,2011-12-30,-0.27015603889468304,6604
ft_small_lr5e5_seed362559_classifier,validation,2012-01-31,-0.03921503860776099,6625
ft_small_lr5e5_seed362559_classifier,validation,2012-02-29,0.04775471847190564,6651
ft_small_lr5e5_seed362559_classifier,validation,2012-03-30,0.18444680734436023,6663
ft_small_lr5e5_seed362559_classifier,validation,2012-04-30,0.0957427185854112,6681
ft_small_lr5e5_seed362559_classifier,validation,2012-05-31,0.005057662143260171,6689
ft_small_lr5e5_seed362559_classifier,validation,2012-06-29,0.2103812836907878,6667
ft_small_lr5e5_seed362559_classifier,validation,2012-07-31,0.003762423369153318,6669
ft_small_lr5e5_seed362559_classifier,validation,2012-08-31,-0.026505924730936926,6638
ft_small_lr5e5_seed362559_classifier,validation,2012-09-28,0.1796277997145816,6610
ft_small_lr5e5_seed362559_classifier,validation,2012-10-31,0.13539787377567564,6592
ft_small_lr5e5_seed362559_classifier,validation,2012-11-30,-0.006480189542148192,6587
ft_small_lr5e5_seed362559_classifier,validation,2012-12-31,0.031204382575274112,6581
ft_small_lr5e5_seed362559_classifier,validation,2013-01-31,0.12252876856279778,6571
ft_small_lr5e5_seed362559_classifier,validation,2013-02-28,0.1123343305310945,6574
ft_small_lr5e5_seed362559_classifier,validation,2013-03-28,0.10259987020131488,6551
ft_small_lr5e5_seed362559_classifier,validation,2013-04-30,-0.02798300614033142,6563
ft_small_lr5e5_seed362559_classifier,validation,2013-05-31,0.08026371240338233,6583
ft_small_lr5e5_seed362559_classifier,validation,2013-06-28,0.06111925190073692,6602
ft_small_lr5e5_seed362559_classifier,validation,2013-07-31,-0.08091849962150659,6626
ft_small_lr5e5_seed362559_classifier,validation,2013-08-30,0.07885272526761856,6645
ft_small_lr5e5_seed362559_classifier,validation,2013-09-30,0.20474934613326348,6657
ft_small_lr5e5_seed362559_classifier,validation,2013-10-31,0.10722356185375599,6688
ft_small_lr5e5_seed362559_classifier,validation,2013-11-29,0.06983866932328976,6714
ft_small_lr5e5_seed362559_classifier,validation,2013-12-31,-0.2565622627974297,6716
ft_small_lr5e5_seed362559_classifier,validation,2014-01-31,0.05926257355899297,6746
ft_small_lr5e5_seed362559_classifier,validation,2014-02-28,0.14064420295296992,6767
ft_small_lr5e5_seed362559_classifier,validation,2014-03-31,0.20480420597647195,6793
ft_small_lr5e5_seed362559_classifier,validation,2014-04-30,0.15117561206407812,6815
ft_small_lr5e5_seed362559_classifier,validation,2014-05-30,-0.0499392827847407,6849
ft_small_lr5e5_seed362559_classifier,validation,2014-06-30,0.13459810336004818,6886
ft_small_lr5e5_seed362559_classifier,validation,2014-07-31,0.13391798907341235,6922
ft_small_lr5e5_seed362559_classifier,validation,2014-08-29,0.12434846860327031,6946
ft_small_lr5e5_seed362559_classifier,validation,2014-09-30,0.2002247146342942,6951
ft_small_lr5e5_seed362559_classifier,validation,2014-10-31,0.19291219194985568,6977
ft_small_lr5e5_seed362559_classifier,validation,2014-11-28,0.1334436145290869,7001
ft_small_lr5e5_seed362559_classifier,validation,2014-12-31,0.05938416238297194,6993
ft_small_lr5e5_seed362559_classifier,validation,2015-01-30,-0.038895472722456935,6981
ft_small_lr5e5_seed362559_classifier,validation,2015-02-27,0.22388937990345667,6995
ft_small_lr5e5_seed362559_classifier,validation,2015-03-31,-0.1148941500009186,7000
ft_small_lr5e5_seed362559_classifier,validation,2015-04-30,0.1570980423211987,7028
ft_small_lr5e5_seed362559_classifier,validation,2015-05-29,0.07534314135330838,7048
ft_small_lr5e5_seed362559_classifier,validation,2015-06-30,0.29939866171171614,7085
ft_small_lr5e5_seed362559_classifier,validation,2015-07-31,0.07204580677853728,7140
ft_small_lr5e5_seed362559_classifier,validation,2015-08-31,0.27510223759753316,7146
ft_small_lr5e5_seed362559_classifier,validation,2015-09-30,-0.002598510722577815,7146
ft_small_lr5e5_seed362559_classifier,validation,2015-10-30,0.09789379654469257,7151
ft_small_lr5e5_seed362559_classifier,validation,2015-11-30,0.19599778914241267,7177
ft_small_lr5e5_seed362559_er_train,test,2015-12-31,0.11634369355097655,7175
ft_small_lr5e5_seed362559_er_train,test,2016-01-29,0.039413911387036246,7146
ft_small_lr5e5_seed362559_er_train,test,2016-02-29,-0.10385280023166152,7134
ft_small_lr5e5_seed362559_er_train,test,2016-03-31,-0.16621049154016007,7115
ft_small_lr5e5_seed362559_er_train,test,2016-04-29,0.08089361032125943,7106
ft_small_lr5e5_seed362559_er_train,test,2016-05-31,0.08850055707643893,7115
ft_small_lr5e5_seed362559_er_train,test,2016-06-30,0.015665164053940195,7119
ft_small_lr5e5_seed362559_er_train,test,2016-07-29,-0.05970068343422631,7119
ft_small_lr5e5_seed362559_er_train,test,2016-08-31,-0.007309846335698492,7082
ft_small_lr5e5_seed362559_er_train,test,2016-09-30,0.12392751305184689,7090
ft_small_lr5e5_seed362559_er_train,test,2016-10-31,0.1606812044632623,7107
ft_small_lr5e5_seed362559_er_train,test,2016-11-30,0.14326405733929792,7096
ft_small_lr5e5_seed362559_er_train,test,2016-12-30,-0.07365855855028548,7108
ft_small_lr5e5_seed362559_er_train,test,2017-01-31,0.057277656634189794,7126
ft_small_lr5e5_seed362559_er_train,test,2017-02-28,0.014811854873301849,7109
ft_small_lr5e5_seed362559_er_train,test,2017-03-31,0.14591426742674388,7110
ft_small_lr5e5_seed362559_er_train,test,2017-04-28,0.09852473227361286,7129
ft_small_lr5e5_seed362559_er_train,test,2017-05-31,0.09650940915429189,7144
ft_small_lr5e5_seed362559_er_train,test,2017-06-30,0.10532163978455987,7146
ft_small_lr5e5_seed362559_er_train,test,2017-07-31,0.11430013536344803,7157
ft_small_lr5e5_seed362559_er_train,test,2017-08-31,0.044575909336302,7132
ft_small_lr5e5_seed362559_er_train,test,2017-09-29,0.24575301406268665,7116
ft_small_lr5e5_seed362559_er_train,test,2017-10-31,0.08038825022437067,7152
ft_small_lr5e5_seed362559_er_train,test,2017-11-30,-0.011702720327911493,7206
ft_small_lr5e5_seed362559_er_train,test,2017-12-29,0.1286876791990984,7205
ft_small_lr5e5_seed362559_er_train,test,2018-01-31,-0.038676042360625364,7242
ft_small_lr5e5_seed362559_er_train,test,2018-02-28,0.01351953790455117,7264
ft_small_lr5e5_seed362559_er_train,test,2018-03-29,-0.018429989492124384,7211
ft_small_lr5e5_seed362559_er_train,test,2018-04-30,0.06687888999659576,7258
ft_small_lr5e5_seed362559_er_train,test,2018-05-31,0.058534722238393636,7270
ft_small_lr5e5_seed362559_er_train,test,2018-06-29,0.1339933798910421,7322
ft_small_lr5e5_seed362559_er_train,test,2018-07-31,0.14287244278549424,7355
ft_small_lr5e5_seed362559_er_train,test,2018-08-31,0.04586377447724275,7344
ft_small_lr5e5_seed362559_er_train,test,2018-09-28,-0.02256190682637104,7373
ft_small_lr5e5_seed362559_er_train,test,2018-10-31,0.07885194589107891,7413
ft_small_lr5e5_seed362559_er_train,test,2018-11-30,0.08804981907010535,7412
ft_small_lr5e5_seed362559_er_train,test,2018-12-31,-0.14331216017583268,7407
ft_small_lr5e5_seed362559_er_train,test,2019-01-31,0.006985574588844384,7408
ft_small_lr5e5_seed362559_er_train,test,2019-02-28,0.04026095770962051,7390
ft_small_lr5e5_seed362559_er_train,test,2019-03-29,0.1773229117890183,7390
ft_small_lr5e5_seed362559_er_train,test,2019-04-30,0.10714887139012988,7396
ft_small_lr5e5_seed362559_er_train,test,2019-05-31,0.2040266111193906,7458
ft_small_lr5e5_seed362559_er_train,test,2019-06-28,0.17952377673968137,7471
ft_small_lr5e5_seed362559_er_train,test,2019-07-31,0.011541529924074955,7494
ft_small_lr5e5_seed362559_er_train,test,2019-08-30,0.1240459200147958,7486
ft_small_lr5e5_seed362559_er_train,test,2019-09-30,0.10455893971762523,7500
ft_small_lr5e5_seed362559_er_train,test,2019-10-31,0.0568099844054806,7504
ft_small_lr5e5_seed362559_er_train,test,2019-11-29,-0.0409682630221381,7501
ft_small_lr5e5_seed362559_er_train,test,2019-12-31,-0.07209695617638465,7500
ft_small_lr5e5_seed362559_er_train,test,2020-01-31,-0.07285802441476971,7506
ft_small_lr5e5_seed362559_er_train,test,2020-02-28,0.015675598125985114,7506
ft_small_lr5e5_seed362559_er_train,test,2020-03-31,-0.05972358888262551,7475
ft_small_lr5e5_seed362559_er_train,test,2020-04-30,-0.056228761574295356,7480
ft_small_lr5e5_seed362559_er_train,test,2020-05-29,-0.12502730261493253,7473
ft_small_lr5e5_seed362559_er_train,test,2020-06-30,0.16650128174428971,7519
ft_small_lr5e5_seed362559_er_train,test,2020-07-31,0.04672343398440943,7547
ft_small_lr5e5_seed362559_er_train,test,2020-08-31,0.06846446715515181,7574
ft_small_lr5e5_seed362559_er_train,test,2020-09-30,0.09178953847213532,7628
ft_small_lr5e5_seed362559_er_train,test,2020-10-30,-0.033713008897889696,7701
ft_small_lr5e5_seed362559_er_train,test,2020-11-30,0.013737075435227952,7773
ft_small_lr5e5_seed362559_er_train,test,2020-12-31,-0.14126163878190565,7875
ft_small_lr5e5_seed362559_er_train,test,2021-01-29,0.11840107211395917,7964
ft_small_lr5e5_seed362559_er_train,test,2021-02-26,0.1827343555716165,8055
ft_small_lr5e5_seed362559_er_train,test,2021-03-31,0.18703440568596752,8212
ft_small_lr5e5_seed362559_er_train,test,2021-04-30,0.27114259668697277,8360
ft_small_lr5e5_seed362559_er_train,test,2021-05-28,-0.14494080640281246,8479
ft_small_lr5e5_seed362559_er_train,test,2021-06-30,0.24169330479902984,8587
ft_small_lr5e5_seed362559_er_train,test,2021-07-30,0.0627792037845332,8722
ft_small_lr5e5_seed362559_er_train,test,2021-08-31,0.12330610330206536,8776
ft_small_lr5e5_seed362559_er_train,test,2021-09-30,0.24182107773952594,8872
ft_small_lr5e5_seed362559_er_train,test,2021-10-29,0.2643665507924729,8968
ft_small_lr5e5_seed362559_er_train,test,2021-11-30,0.379547399632914,9068
ft_small_lr5e5_seed362559_er_train,test,2021-12-31,0.17842402292704931,9189
ft_small_lr5e5_seed362559_er_train,test,2022-01-31,0.14237497612612401,9272
ft_small_lr5e5_seed362559_er_train,test,2022-02-28,0.09922933623329232,9347
ft_small_lr5e5_seed362559_er_train,test,2022-03-31,0.4242550807421996,9382
ft_small_lr5e5_seed362559_er_train,test,2022-04-29,0.22278801370792614,9421
ft_small_lr5e5_seed362559_er_train,test,2022-05-31,-0.02745230979062568,9432
ft_small_lr5e5_seed362559_er_train,test,2022-06-30,0.06510860135759036,9457
ft_small_lr5e5_seed362559_er_train,test,2022-07-29,0.04115291641224899,9458
ft_small_lr5e5_seed362559_er_train,test,2022-08-31,0.2300248436639657,9469
ft_small_lr5e5_seed362559_er_train,test,2022-09-30,0.3291783950676944,9495
ft_small_lr5e5_seed362559_er_train,test,2022-10-31,0.10011785976607995,9483
ft_small_lr5e5_seed362559_er_train,test,2022-11-30,0.1263183253662963,9465
ft_small_lr5e5_seed362559_er_train,test,2022-12-30,-0.17979025581461314,9402
ft_small_lr5e5_seed362559_er_train,test,2023-01-31,0.18559946504041433,9376
ft_small_lr5e5_seed362559_er_train,test,2023-02-28,0.13968882756844878,9352
ft_small_lr5e5_seed362559_er_train,test,2023-03-31,0.046931855557014984,9324
ft_small_lr5e5_seed362559_er_train,test,2023-04-28,-0.03380420282174352,9298
ft_small_lr5e5_seed362559_er_train,test,2023-05-31,0.17798591707290295,9304
ft_small_lr5e5_seed362559_er_train,test,2023-06-30,-0.031150242180681235,9291
ft_small_lr5e5_seed362559_er_train,test,2023-07-31,0.15236101539325186,9265
ft_small_lr5e5_seed362559_er_train,test,2023-08-31,0.15088583522024915,9278
ft_small_lr5e5_seed362559_er_train,test,2023-09-29,0.1572105706125373,9318
ft_small_lr5e5_seed362559_er_train,test,2023-10-31,0.03493733426562927,9331
ft_small_lr5e5_seed362559_er_train,test,2023-11-30,-0.04161961751577702,9327
ft_small_lr5e5_seed362559_er_train,test,2023-12-29,0.15155366923517663,9309
ft_small_lr5e5_seed362559_er_train,test,2024-01-31,0.040255878230397224,9367
ft_small_lr5e5_seed362559_er_train,test,2024-02-29,0.1611886746078854,9327
ft_small_lr5e5_seed362559_er_train,test,2024-03-28,0.05432386453035136,9334
ft_small_lr5e5_seed362559_er_train,test,2024-04-30,0.14622150283208551,9344
ft_small_lr5e5_seed362559_er_train,test,2024-05-31,0.10795063618083783,9372
ft_small_lr5e5_seed362559_er_train,test,2024-06-28,0.14290444599565666,9404
ft_small_lr5e5_seed362559_er_train,test,2024-07-31,0.17606749597820123,9436
ft_small_lr5e5_seed362559_er_train,test,2024-08-30,0.05438902267052667,9439
ft_small_lr5e5_seed362559_er_train,test,2024-09-30,0.09231263391004732,9542
ft_small_lr5e5_seed362559_er_train,test,2024-10-31,0.15903140867801957,9583
ft_small_lr5e5_seed362559_er_train,validation,2010-12-31,0.016723386315646755,6508
ft_small_lr5e5_seed362559_er_train,validation,2011-01-31,0.1636041138997872,6534
ft_small_lr5e5_seed362559_er_train,validation,2011-02-28,0.14257203126725046,6533
ft_small_lr5e5_seed362559_er_train,validation,2011-03-31,0.10657331259774465,6542
ft_small_lr5e5_seed362559_er_train,validation,2011-04-29,-0.018978137057812063,6561
ft_small_lr5e5_seed362559_er_train,validation,2011-05-31,0.10319922955794661,6593
ft_small_lr5e5_seed362559_er_train,validation,2011-06-30,-0.04967904554952563,6612
ft_small_lr5e5_seed362559_er_train,validation,2011-07-29,0.0392164403231966,6621
ft_small_lr5e5_seed362559_er_train,validation,2011-08-31,0.04494154928422685,6621
ft_small_lr5e5_seed362559_er_train,validation,2011-09-30,0.15402140301682327,6627
ft_small_lr5e5_seed362559_er_train,validation,2011-10-31,0.2250587640266254,6612
ft_small_lr5e5_seed362559_er_train,validation,2011-11-30,0.18499633982498007,6610
ft_small_lr5e5_seed362559_er_train,validation,2011-12-30,-0.1454777708522053,6604
ft_small_lr5e5_seed362559_er_train,validation,2012-01-31,-0.002891651370043759,6625
ft_small_lr5e5_seed362559_er_train,validation,2012-02-29,0.09369985994411631,6651
ft_small_lr5e5_seed362559_er_train,validation,2012-03-30,0.08219998774763498,6663
ft_small_lr5e5_seed362559_er_train,validation,2012-04-30,-0.10243909788267544,6681
ft_small_lr5e5_seed362559_er_train,validation,2012-05-31,0.024836604961754626,6689
ft_small_lr5e5_seed362559_er_train,validation,2012-06-29,0.11168450477993142,6667
ft_small_lr5e5_seed362559_er_train,validation,2012-07-31,0.07828915812382636,6669
ft_small_lr5e5_seed362559_er_train,validation,2012-08-31,0.016481660465883462,6638
ft_small_lr5e5_seed362559_er_train,validation,2012-09-28,0.1244239374939749,6610
ft_small_lr5e5_seed362559_er_train,validation,2012-10-31,0.13584653354962709,6592
ft_small_lr5e5_seed362559_er_train,validation,2012-11-30,0.096503349861288,6587
ft_small_lr5e5_seed362559_er_train,validation,2012-12-31,0.08920210644562233,6581
ft_small_lr5e5_seed362559_er_train,validation,2013-01-31,0.12381395865020735,6571
ft_small_lr5e5_seed362559_er_train,validation,2013-02-28,0.18089539241967928,6574
ft_small_lr5e5_seed362559_er_train,validation,2013-03-28,0.00937978368249514,6551
ft_small_lr5e5_seed362559_er_train,validation,2013-04-30,0.16264892843926596,6563
ft_small_lr5e5_seed362559_er_train,validation,2013-05-31,0.14074811384129285,6583
ft_small_lr5e5_seed362559_er_train,validation,2013-06-28,0.1956175368929244,6602
ft_small_lr5e5_seed362559_er_train,validation,2013-07-31,-0.09284869311898593,6626
ft_small_lr5e5_seed362559_er_train,validation,2013-08-30,0.1491613482982884,6645
ft_small_lr5e5_seed362559_er_train,validation,2013-09-30,0.19471312636078225,6657
ft_small_lr5e5_seed362559_er_train,validation,2013-10-31,0.2051115348372478,6688
ft_small_lr5e5_seed362559_er_train,validation,2013-11-29,0.09799172897478381,6714
ft_small_lr5e5_seed362559_er_train,validation,2013-12-31,-0.2890430884269944,6716
ft_small_lr5e5_seed362559_er_train,validation,2014-01-31,0.0919315430248031,6746
ft_small_lr5e5_seed362559_er_train,validation,2014-02-28,0.07175533891884363,6767
ft_small_lr5e5_seed362559_er_train,validation,2014-03-31,0.021617395445052454,6793
ft_small_lr5e5_seed362559_er_train,validation,2014-04-30,0.0947808137280757,6815
ft_small_lr5e5_seed362559_er_train,validation,2014-05-30,0.0264985196802132,6849
ft_small_lr5e5_seed362559_er_train,validation,2014-06-30,0.03682530544252101,6886
ft_small_lr5e5_seed362559_er_train,validation,2014-07-31,0.18914466330665644,6922
ft_small_lr5e5_seed362559_er_train,validation,2014-08-29,0.0009439748284791218,6946
ft_small_lr5e5_seed362559_er_train,validation,2014-09-30,0.2223033026034524,6951
ft_small_lr5e5_seed362559_er_train,validation,2014-10-31,0.14880630506283876,6977
ft_small_lr5e5_seed362559_er_train,validation,2014-11-28,0.19334254110475438,7001
ft_small_lr5e5_seed362559_er_train,validation,2014-12-31,-0.03641081072031897,6993
ft_small_lr5e5_seed362559_er_train,validation,2015-01-30,0.030177820833873825,6981
ft_small_lr5e5_seed362559_er_train,validation,2015-02-27,0.22722784935701862,6995
ft_small_lr5e5_seed362559_er_train,validation,2015-03-31,-0.16347694732317308,7000
ft_small_lr5e5_seed362559_er_train,validation,2015-04-30,0.17399116021143013,7028
ft_small_lr5e5_seed362559_er_train,validation,2015-05-29,0.1160841296200687,7048
ft_small_lr5e5_seed362559_er_train,validation,2015-06-30,0.1892363815442483,7085
ft_small_lr5e5_seed362559_er_train,validation,2015-07-31,0.006311334817446073,7140
ft_small_lr5e5_seed362559_er_train,validation,2015-08-31,0.15002489289578014,7146
ft_small_lr5e5_seed362559_er_train,validation,2015-09-30,0.015912316389889665,7146
ft_small_lr5e5_seed362559_er_train,validation,2015-10-30,0.12270345381237689,7151
ft_small_lr5e5_seed362559_er_train,validation,2015-11-30,0.09657976852771112,7177
ft_small_seed362559_classifier,test,2015-12-31,0.2818134284798241,7175
ft_small_seed362559_classifier,test,2016-01-29,0.040183882260989456,7146
ft_small_seed362559_classifier,test,2016-02-29,-0.14617345890637484,7134
ft_small_seed362559_classifier,test,2016-03-31,-0.19933994320482482,7115
ft_small_seed362559_classifier,test,2016-04-29,0.1224815217341051,7106
ft_small_seed362559_classifier,test,2016-05-31,0.14509218693966333,7115
ft_small_seed362559_classifier,test,2016-06-30,-0.09130980711072907,7119
ft_small_seed362559_classifier,test,2016-07-29,-0.052271038781980105,7119
ft_small_seed362559_classifier,test,2016-08-31,-0.07294849042008779,7082
ft_small_seed362559_classifier,test,2016-09-30,0.24099957813457945,7090
ft_small_seed362559_classifier,test,2016-10-31,-0.019741050069781427,7107
ft_small_seed362559_classifier,test,2016-11-30,0.16802492709752875,7096
ft_small_seed362559_classifier,test,2016-12-30,-0.035849943822390505,7108
ft_small_seed362559_classifier,test,2017-01-31,0.11035221883704548,7126
ft_small_seed362559_classifier,test,2017-02-28,0.03885025673676016,7109
ft_small_seed362559_classifier,test,2017-03-31,0.1831788116202673,7110
ft_small_seed362559_classifier,test,2017-04-28,0.18875762937688687,7129
ft_small_seed362559_classifier,test,2017-05-31,0.025672369284556948,7144
ft_small_seed362559_classifier,test,2017-06-30,0.17173010174298925,7146
ft_small_seed362559_classifier,test,2017-07-31,0.14632706071182372,7157
ft_small_seed362559_classifier,test,2017-08-31,-0.07857039110544377,7132
ft_small_seed362559_classifier,test,2017-09-29,0.24444445597053568,7116
ft_small_seed362559_classifier,test,2017-10-31,0.0536552158157421,7152
ft_small_seed362559_classifier,test,2017-11-30,0.015658579924375967,7206
ft_small_seed362559_classifier,test,2017-12-29,0.12123436336022192,7205
ft_small_seed362559_classifier,test,2018-01-31,0.01658417180425383,7242
ft_small_seed362559_classifier,test,2018-02-28,-0.0031442032151087996,7264
ft_small_seed362559_classifier,test,2018-03-29,-0.026273779600229943,7211
ft_small_seed362559_classifier,test,2018-04-30,-0.03664442117094762,7258
ft_small_seed362559_classifier,test,2018-05-31,0.038994196838109924,7270
ft_small_seed362559_classifier,test,2018-06-29,0.19752563847861762,7322
ft_small_seed362559_classifier,test,2018-07-31,0.0715877617056919,7355
ft_small_seed362559_classifier,test,2018-08-31,0.10223325749098358,7344
ft_small_seed362559_classifier,test,2018-09-28,0.14705425724312002,7373
ft_small_seed362559_classifier,test,2018-10-31,0.1674746532038312,7413
ft_small_seed362559_classifier,test,2018-11-30,0.271623976394863,7412
ft_small_seed362559_classifier,test,2018-12-31,-0.2761847621713095,7407
ft_small_seed362559_classifier,test,2019-01-31,-0.07376700988129034,7408
ft_small_seed362559_classifier,test,2019-02-28,0.1586273129252231,7390
ft_small_seed362559_classifier,test,2019-03-29,0.1357709506043333,7390
ft_small_seed362559_classifier,test,2019-04-30,0.28218995979870753,7396
ft_small_seed362559_classifier,test,2019-05-31,0.12472601988343895,7458
ft_small_seed362559_classifier,test,2019-06-28,0.19880749410950257,7471
ft_small_seed362559_classifier,test,2019-07-31,0.2285076895443158,7494
ft_small_seed362559_classifier,test,2019-08-30,0.08850257380013186,7486
ft_small_seed362559_classifier,test,2019-09-30,0.11009121287824836,7500
ft_small_seed362559_classifier,test,2019-10-31,-0.00687500965276978,7504
ft_small_seed362559_classifier,test,2019-11-29,-0.07664934718175258,7501
ft_small_seed362559_classifier,test,2019-12-31,0.04722513067610382,7500
ft_small_seed362559_classifier,test,2020-01-31,0.00922071206430335,7506
ft_small_seed362559_classifier,test,2020-02-28,0.17921631612121372,7506
ft_small_seed362559_classifier,test,2020-03-31,-0.21963421284829876,7475
ft_small_seed362559_classifier,test,2020-04-30,-0.058080515277194794,7480
ft_small_seed362559_classifier,test,2020-05-29,-0.1491045665700313,7473
ft_small_seed362559_classifier,test,2020-06-30,0.17735077279550526,7519
ft_small_seed362559_classifier,test,2020-07-31,0.025424477187141723,7547
ft_small_seed362559_classifier,test,2020-08-31,0.16552283989723468,7574
ft_small_seed362559_classifier,test,2020-09-30,0.06579250173789165,7628
ft_small_seed362559_classifier,test,2020-10-30,-0.25791218006922395,7701
ft_small_seed362559_classifier,test,2020-11-30,-0.060528148931233,7773
ft_small_seed362559_classifier,test,2020-12-31,-0.22011514310634508,7875
ft_small_seed362559_classifier,test,2021-01-29,-0.056085219528956065,7964
ft_small_seed362559_classifier,test,2021-02-26,0.21990802248409475,8055
ft_small_seed362559_classifier,test,2021-03-31,0.22475685578012564,8212
ft_small_seed362559_classifier,test,2021-04-30,0.24710639402586218,8360
ft_small_seed362559_classifier,test,2021-05-28,-0.16626379123548427,8479
ft_small_seed362559_classifier,test,2021-06-30,0.3891607264288753,8587
ft_small_seed362559_classifier,test,2021-07-30,0.10555639811473524,8722
ft_small_seed362559_classifier,test,2021-08-31,0.11699129009078658,8776
ft_small_seed362559_classifier,test,2021-09-30,0.25294432612999895,8872
ft_small_seed362559_classifier,test,2021-10-29,0.32443308336267496,8968
ft_small_seed362559_classifier,test,2021-11-30,0.3993592554711527,9068
ft_small_seed362559_classifier,test,2021-12-31,0.26148903664859613,9189
ft_small_seed362559_classifier,test,2022-01-31,0.04866464805295914,9272
ft_small_seed362559_classifier,test,2022-02-28,0.08332831148618446,9347
ft_small_seed362559_classifier,test,2022-03-31,0.44051822840608557,9382
ft_small_seed362559_classifier,test,2022-04-29,0.2665805021054847,9421
ft_small_seed362559_classifier,test,2022-05-31,0.10758224265125955,9432
ft_small_seed362559_classifier,test,2022-06-30,-0.03013350600446552,9457
ft_small_seed362559_classifier,test,2022-07-29,0.031536365291413994,9458
ft_small_seed362559_classifier,test,2022-08-31,0.35426557888219096,9469
ft_small_seed362559_classifier,test,2022-09-30,0.184917975529002,9495
ft_small_seed362559_classifier,test,2022-10-31,0.12840899900219577,9483
ft_small_seed362559_classifier,test,2022-11-30,0.24785646119739316,9465
ft_small_seed362559_classifier,test,2022-12-30,-0.37849680055179513,9402
ft_small_seed362559_classifier,test,2023-01-31,0.23239148101344237,9376
ft_small_seed362559_classifier,test,2023-02-28,0.23333708515623788,9352
ft_small_seed362559_classifier,test,2023-03-31,0.15862269030812698,9324
ft_small_seed362559_classifier,test,2023-04-28,0.0076584038838268635,9298
ft_small_seed362559_classifier,test,2023-05-31,0.07567549540419016,9304
ft_small_seed362559_classifier,test,2023-06-30,-0.08600286386686494,9291
ft_small_seed362559_classifier,test,2023-07-31,0.3134330157869612,9265
ft_small_seed362559_classifier,test,2023-08-31,0.25589012953973567,9278
ft_small_seed362559_classifier,test,2023-09-29,0.3195097496775445,9318
ft_small_seed362559_classifier,test,2023-10-31,-0.0009905528489070835,9331
ft_small_seed362559_classifier,test,2023-11-30,-0.15747272814947,9327
ft_small_seed362559_classifier,test,2023-12-29,0.27109745199787877,9309
ft_small_seed362559_classifier,test,2024-01-31,0.05011036259372974,9367
ft_small_seed362559_classifier,test,2024-02-29,0.17179061133357632,9327
ft_small_seed362559_classifier,test,2024-03-28,0.19453861382865517,9334
ft_small_seed362559_classifier,test,2024-04-30,0.13053076400566588,9344
ft_small_seed362559_classifier,test,2024-05-31,0.23131198694146005,9372
ft_small_seed362559_classifier,test,2024-06-28,0.06379536688956618,9404
ft_small_seed362559_classifier,test,2024-07-31,0.2859945291734757,9436
ft_small_seed362559_classifier,test,2024-08-30,0.08522623093563099,9439
ft_small_seed362559_classifier,test,2024-09-30,0.09660644903312944,9542
ft_small_seed362559_classifier,test,2024-10-31,0.09841298428701574,9583
ft_small_seed362559_classifier,validation,2010-12-31,0.006955606557246614,6508
ft_small_seed362559_classifier,validation,2011-01-31,0.10158850179045338,6534
ft_small_seed362559_classifier,validation,2011-02-28,0.13947211811520888,6533
ft_small_seed362559_classifier,validation,2011-03-31,0.16543143254859694,6542
ft_small_seed362559_classifier,validation,2011-04-29,0.15133388099109202,6561
ft_small_seed362559_classifier,validation,2011-05-31,0.20113080908239753,6593
ft_small_seed362559_classifier,validation,2011-06-30,-0.0019996652062167545,6612
ft_small_seed362559_classifier,validation,2011-07-29,0.28907955888226083,6621
ft_small_seed362559_classifier,validation,2011-08-31,0.23060980243415496,6621
ft_small_seed362559_classifier,validation,2011-09-30,-0.038442539682220965,6627
ft_small_seed362559_classifier,validation,2011-10-31,0.27328874314327856,6612
ft_small_seed362559_classifier,validation,2011-11-30,0.22854638625996573,6610
ft_small_seed362559_classifier,validation,2011-12-30,-0.28583673143264693,6604
ft_small_seed362559_classifier,validation,2012-01-31,-0.04425084604390433,6625
ft_small_seed362559_classifier,validation,2012-02-29,0.04514989521027521,6651
ft_small_seed362559_classifier,validation,2012-03-30,0.197844605419671,6663
ft_small_seed362559_classifier,validation,2012-04-30,0.13482106286372833,6681
ft_small_seed362559_classifier,validation,2012-05-31,0.007823349005490731,6689
ft_small_seed362559_classifier,validation,2012-06-29,0.21571470824301545,6667
ft_small_seed362559_classifier,validation,2012-07-31,-0.001521373164235192,6669
ft_small_seed362559_classifier,validation,2012-08-31,-0.032939498870780896,6638
ft_small_seed362559_classifier,validation,2012-09-28,0.17817896369699418,6610
ft_small_seed362559_classifier,validation,2012-10-31,0.1269979181306332,6592
ft_small_seed362559_classifier,validation,2012-11-30,-0.01513508063914787,6587
ft_small_seed362559_classifier,validation,2012-12-31,0.020803886594715704,6581
ft_small_seed362559_classifier,validation,2013-01-31,0.12515350418701862,6571
ft_small_seed362559_classifier,validation,2013-02-28,0.09813650485987951,6574
ft_small_seed362559_classifier,validation,2013-03-28,0.12119477683657176,6551
ft_small_seed362559_classifier,validation,2013-04-30,-0.055121121730794656,6563
ft_small_seed362559_classifier,validation,2013-05-31,0.07005088914564797,6583
ft_small_seed362559_classifier,validation,2013-06-28,0.04654084307059319,6602
ft_small_seed362559_classifier,validation,2013-07-31,-0.08229360096696259,6626
ft_small_seed362559_classifier,validation,2013-08-30,0.07058349455085891,6645
ft_small_seed362559_classifier,validation,2013-09-30,0.2048636015006288,6657
ft_small_seed362559_classifier,validation,2013-10-31,0.09418958042338645,6688
ft_small_seed362559_classifier,validation,2013-11-29,0.06338042832842598,6714
ft_small_seed362559_classifier,validation,2013-12-31,-0.24862859809232835,6716
ft_small_seed362559_classifier,validation,2014-01-31,0.052868100106867696,6746
ft_small_seed362559_classifier,validation,2014-02-28,0.14844320946295947,6767
ft_small_seed362559_classifier,validation,2014-03-31,0.22646737550778603,6793
ft_small_seed362559_classifier,validation,2014-04-30,0.16104115965990645,6815
ft_small_seed362559_classifier,validation,2014-05-30,-0.05585295202794916,6849
ft_small_seed362559_classifier,validation,2014-06-30,0.1474579292242228,6886
ft_small_seed362559_classifier,validation,2014-07-31,0.12617187455810133,6922
ft_small_seed362559_classifier,validation,2014-08-29,0.14280073518710096,6946
ft_small_seed362559_classifier,validation,2014-09-30,0.19337163769033916,6951
ft_small_seed362559_classifier,validation,2014-10-31,0.194293669531741,6977
ft_small_seed362559_classifier,validation,2014-11-28,0.12087095577719008,7001
ft_small_seed362559_classifier,validation,2014-12-31,0.08393217291534161,6993
ft_small_seed362559_classifier,validation,2015-01-30,-0.05375342946171987,6981
ft_small_seed362559_classifier,validation,2015-02-27,0.21386286636854235,6995
ft_small_seed362559_classifier,validation,2015-03-31,-0.11035970901462636,7000
ft_small_seed362559_classifier,validation,2015-04-30,0.15053092216479272,7028
ft_small_seed362559_classifier,validation,2015-05-29,0.0835324967129237,7048
ft_small_seed362559_classifier,validation,2015-06-30,0.31087387232313496,7085
ft_small_seed362559_classifier,validation,2015-07-31,0.07647843945632027,7140
ft_small_seed362559_classifier,validation,2015-08-31,0.2940675586171181,7146
ft_small_seed362559_classifier,validation,2015-09-30,0.0028807197561571485,7146
ft_small_seed362559_classifier,validation,2015-10-30,0.09608102761832607,7151
ft_small_seed362559_classifier,validation,2015-11-30,0.20712542953255458,7177
ft_small_seed362559_er_train,test,2015-12-31,0.13973451742379292,7175
ft_small_seed362559_er_train,test,2016-01-29,0.04200127917938106,7146
ft_small_seed362559_er_train,test,2016-02-29,-0.10724477857936672,7134
ft_small_seed362559_er_train,test,2016-03-31,-0.17293431898130782,7115
ft_small_seed362559_er_train,test,2016-04-29,0.09975271495963071,7106
ft_small_seed362559_er_train,test,2016-05-31,0.08345483617802286,7115
ft_small_seed362559_er_train,test,2016-06-30,0.0009345770452438131,7119
ft_small_seed362559_er_train,test,2016-07-29,-0.05292319070545026,7119
ft_small_seed362559_er_train,test,2016-08-31,-0.02555579569417786,7082
ft_small_seed362559_er_train,test,2016-09-30,0.1521670153631337,7090
ft_small_seed362559_er_train,test,2016-10-31,0.15624877114881136,7107
ft_small_seed362559_er_train,test,2016-11-30,0.17097931524862306,7096
ft_small_seed362559_er_train,test,2016-12-30,-0.07559420420869044,7108
ft_small_seed362559_er_train,test,2017-01-31,0.07075647584648527,7126
ft_small_seed362559_er_train,test,2017-02-28,0.018074075707943685,7109
ft_small_seed362559_er_train,test,2017-03-31,0.1585586850480849,7110
ft_small_seed362559_er_train,test,2017-04-28,0.11036004427204531,7129
ft_small_seed362559_er_train,test,2017-05-31,0.08873501208177378,7144
ft_small_seed362559_er_train,test,2017-06-30,0.11588663219071627,7146
ft_small_seed362559_er_train,test,2017-07-31,0.09860110505364952,7157
ft_small_seed362559_er_train,test,2017-08-31,0.043054486171636104,7132
ft_small_seed362559_er_train,test,2017-09-29,0.2509965134570178,7116
ft_small_seed362559_er_train,test,2017-10-31,0.094747012884329,7152
ft_small_seed362559_er_train,test,2017-11-30,-0.016065476855913335,7206
ft_small_seed362559_er_train,test,2017-12-29,0.125984441047144,7205
ft_small_seed362559_er_train,test,2018-01-31,-0.03885921080100351,7242
ft_small_seed362559_er_train,test,2018-02-28,0.025917426755195944,7264
ft_small_seed362559_er_train,test,2018-03-29,-0.016440279054463346,7211
ft_small_seed362559_er_train,test,2018-04-30,0.06183766868406465,7258
ft_small_seed362559_er_train,test,2018-05-31,0.07468522063049696,7270
ft_small_seed362559_er_train,test,2018-06-29,0.15460045831301517,7322
ft_small_seed362559_er_train,test,2018-07-31,0.13352748298339892,7355
ft_small_seed362559_er_train,test,2018-08-31,0.04924864988613077,7344
ft_small_seed362559_er_train,test,2018-09-28,0.0022298034506470187,7373
ft_small_seed362559_er_train,test,2018-10-31,0.09625733118950404,7413
ft_small_seed362559_er_train,test,2018-11-30,0.0828023001674684,7412
ft_small_seed362559_er_train,test,2018-12-31,-0.16182780510670977,7407
ft_small_seed362559_er_train,test,2019-01-31,0.0011719896312666418,7408
ft_small_seed362559_er_train,test,2019-02-28,0.038538455665782435,7390
ft_small_seed362559_er_train,test,2019-03-29,0.18121454584406876,7390
ft_small_seed362559_er_train,test,2019-04-30,0.1349269319764988,7396
ft_small_seed362559_er_train,test,2019-05-31,0.202122803520407,7458
ft_small_seed362559_er_train,test,2019-06-28,0.1878224460092887,7471
ft_small_seed362559_er_train,test,2019-07-31,0.04809304482506347,7494
ft_small_seed362559_er_train,test,2019-08-30,0.1312052900452546,7486
ft_small_seed362559_er_train,test,2019-09-30,0.11363880071258584,7500
ft_small_seed362559_er_train,test,2019-10-31,0.057375093801265646,7504
ft_small_seed362559_er_train,test,2019-11-29,-0.04561685623518924,7501
ft_small_seed362559_er_train,test,2019-12-31,-0.06128258083302309,7500
ft_small_seed362559_er_train,test,2020-01-31,-0.08268730655142512,7506
ft_small_seed362559_er_train,test,2020-02-28,0.02183173199891601,7506
ft_small_seed362559_er_train,test,2020-03-31,-0.07507383280780437,7475
ft_small_seed362559_er_train,test,2020-04-30,-0.061428406782362756,7480
ft_small_seed362559_er_train,test,2020-05-29,-0.1319061810533862,7473
ft_small_seed362559_er_train,test,2020-06-30,0.16242932157990425,7519
ft_small_seed362559_er_train,test,2020-07-31,0.04848187919023452,7547
ft_small_seed362559_er_train,test,2020-08-31,0.0825676545482563,7574
ft_small_seed362559_er_train,test,2020-09-30,0.09727351045779355,7628
ft_small_seed362559_er_train,test,2020-10-30,-0.046179889064182335,7701
ft_small_seed362559_er_train,test,2020-11-30,0.02701604687674389,7773
ft_small_seed362559_er_train,test,2020-12-31,-0.14522340395408587,7875
ft_small_seed362559_er_train,test,2021-01-29,0.13086053257476477,7964
ft_small_seed362559_er_train,test,2021-02-26,0.2031562827904942,8055
ft_small_seed362559_er_train,test,2021-03-31,0.19404319110646412,8212
ft_small_seed362559_er_train,test,2021-04-30,0.27456493676630295,8360
ft_small_seed362559_er_train,test,2021-05-28,-0.1606298711650838,8479
ft_small_seed362559_er_train,test,2021-06-30,0.2656323686270915,8587
ft_small_seed362559_er_train,test,2021-07-30,0.0735059210518272,8722
ft_small_seed362559_er_train,test,2021-08-31,0.12067708663374169,8776
ft_small_seed362559_er_train,test,2021-09-30,0.25258228587022397,8872
ft_small_seed362559_er_train,test,2021-10-29,0.2706531305708924,8968
ft_small_seed362559_er_train,test,2021-11-30,0.4030179571242997,9068
ft_small_seed362559_er_train,test,2021-12-31,0.190391266808684,9189
ft_small_seed362559_er_train,test,2022-01-31,0.12438255089539191,9272
ft_small_seed362559_er_train,test,2022-02-28,0.10674951513875157,9347
ft_small_seed362559_er_train,test,2022-03-31,0.4255230274141948,9382
ft_small_seed362559_er_train,test,2022-04-29,0.23639375900389156,9421
ft_small_seed362559_er_train,test,2022-05-31,-0.009366745161284006,9432
ft_small_seed362559_er_train,test,2022-06-30,0.048638114601134035,9457
ft_small_seed362559_er_train,test,2022-07-29,0.04153736553252951,9458
ft_small_seed362559_er_train,test,2022-08-31,0.24471935279124596,9469
ft_small_seed362559_er_train,test,2022-09-30,0.3257304339833341,9495
ft_small_seed362559_er_train,test,2022-10-31,0.10191015642375735,9483
ft_small_seed362559_er_train,test,2022-11-30,0.15336673311968357,9465
ft_small_seed362559_er_train,test,2022-12-30,-0.21480794274867698,9402
ft_small_seed362559_er_train,test,2023-01-31,0.19123672976757536,9376
ft_small_seed362559_er_train,test,2023-02-28,0.13937738071553302,9352
ft_small_seed362559_er_train,test,2023-03-31,0.06478065040642901,9324
ft_small_seed362559_er_train,test,2023-04-28,-0.030908137918879596,9298
ft_small_seed362559_er_train,test,2023-05-31,0.17000517388939723,9304
ft_small_seed362559_er_train,test,2023-06-30,-0.02043490159865591,9291
ft_small_seed362559_er_train,test,2023-07-31,0.18121694974606253,9265
ft_small_seed362559_er_train,test,2023-08-31,0.1539652067554662,9278
ft_small_seed362559_er_train,test,2023-09-29,0.1872323276973097,9318
ft_small_seed362559_er_train,test,2023-10-31,0.03802659943119387,9331
ft_small_seed362559_er_train,test,2023-11-30,-0.04244062402819806,9327
ft_small_seed362559_er_train,test,2023-12-29,0.17291662203466238,9309
ft_small_seed362559_er_train,test,2024-01-31,0.04373518411379091,9367
ft_small_seed362559_er_train,test,2024-02-29,0.17496082912822705,9327
ft_small_seed362559_er_train,test,2024-03-28,0.06448585907436018,9334
ft_small_seed362559_er_train,test,2024-04-30,0.15802063906471447,9344
ft_small_seed362559_er_train,test,2024-05-31,0.12461572872835995,9372
ft_small_seed362559_er_train,test,2024-06-28,0.14575319385615626,9404
ft_small_seed362559_er_train,test,2024-07-31,0.20195398310086846,9436
ft_small_seed362559_er_train,test,2024-08-30,0.0568368079371058,9439
ft_small_seed362559_er_train,test,2024-09-30,0.08979380127762507,9542
ft_small_seed362559_er_train,test,2024-10-31,0.16978020346785103,9583
ft_small_seed362559_er_train,validation,2010-12-31,0.013344906311445082,6508
ft_small_seed362559_er_train,validation,2011-01-31,0.16296752406085122,6534
ft_small_seed362559_er_train,validation,2011-02-28,0.14731390724809287,6533
ft_small_seed362559_er_train,validation,2011-03-31,0.11449169393972636,6542
ft_small_seed362559_er_train,validation,2011-04-29,0.008523099031469264,6561
ft_small_seed362559_er_train,validation,2011-05-31,0.125188505289661,6593
ft_small_seed362559_er_train,validation,2011-06-30,-0.04187213952166023,6612
ft_small_seed362559_er_train,validation,2011-07-29,0.07543397853308723,6621
ft_small_seed362559_er_train,validation,2011-08-31,0.06287392196359545,6621
ft_small_seed362559_er_train,validation,2011-09-30,0.13559122818069713,6627
ft_small_seed362559_er_train,validation,2011-10-31,0.24129776065450956,6612
ft_small_seed362559_er_train,validation,2011-11-30,0.18912398841976882,6610
ft_small_seed362559_er_train,validation,2011-12-30,-0.1769035980402068,6604
ft_small_seed362559_er_train,validation,2012-01-31,-0.00847698381846086,6625
ft_small_seed362559_er_train,validation,2012-02-29,0.10026811731725777,6651
ft_small_seed362559_er_train,validation,2012-03-30,0.10841340673403166,6663
ft_small_seed362559_er_train,validation,2012-04-30,-0.052713068988864735,6681
ft_small_seed362559_er_train,validation,2012-05-31,0.023621537380997974,6689
ft_small_seed362559_er_train,validation,2012-06-29,0.12154522376876001,6667
ft_small_seed362559_er_train,validation,2012-07-31,0.07291298445568421,6669
ft_small_seed362559_er_train,validation,2012-08-31,0.006876682361241083,6638
ft_small_seed362559_er_train,validation,2012-09-28,0.13731989849052229,6610
ft_small_seed362559_er_train,validation,2012-10-31,0.13387058609576244,6592
ft_small_seed362559_er_train,validation,2012-11-30,0.08905471032318986,6587
ft_small_seed362559_er_train,validation,2012-12-31,0.08988234691982723,6581
ft_small_seed362559_er_train,validation,2013-01-31,0.1350981109473686,6571
ft_small_seed362559_er_train,validation,2013-02-28,0.18341720966790953,6574
ft_small_seed362559_er_train,validation,2013-03-28,0.02192016677567211,6551
ft_small_seed362559_er_train,validation,2013-04-30,0.1433385220501219,6563
ft_small_seed362559_er_train,validation,2013-05-31,0.14274343983013701,6583
ft_small_seed362559_er_train,validation,2013-06-28,0.18441171813937707,6602
ft_small_seed362559_er_train,validation,2013-07-31,-0.09434752430734179,6626
ft_small_seed362559_er_train,validation,2013-08-30,0.14122123608045412,6645
ft_small_seed362559_er_train,validation,2013-09-30,0.20549610253320258,6657
ft_small_seed362559_er_train,validation,2013-10-31,0.19945621027042615,6688
ft_small_seed362559_er_train,validation,2013-11-29,0.0906574634577152,6714
ft_small_seed362559_er_train,validation,2013-12-31,-0.2914286729065715,6716
ft_small_seed362559_er_train,validation,2014-01-31,0.08029341316375298,6746
ft_small_seed362559_er_train,validation,2014-02-28,0.09323605067792956,6767
ft_small_seed362559_er_train,validation,2014-03-31,0.06346697104375139,6793
ft_small_seed362559_er_train,validation,2014-04-30,0.10755969053702175,6815
ft_small_seed362559_er_train,validation,2014-05-30,0.021714102445073553,6849
ft_small_seed362559_er_train,validation,2014-06-30,0.0507737241292335,6886
ft_small_seed362559_er_train,validation,2014-07-31,0.18983490774996753,6922
ft_small_seed362559_er_train,validation,2014-08-29,0.026828529019070887,6946
ft_small_seed362559_er_train,validation,2014-09-30,0.23186305476837868,6951
ft_small_seed362559_er_train,validation,2014-10-31,0.15846091015773578,6977
ft_small_seed362559_er_train,validation,2014-11-28,0.18705942421942942,7001
ft_small_seed362559_er_train,validation,2014-12-31,-0.017993317692574756,6993
ft_small_seed362559_er_train,validation,2015-01-30,0.024624296740231477,6981
ft_small_seed362559_er_train,validation,2015-02-27,0.23398589566389802,6995
ft_small_seed362559_er_train,validation,2015-03-31,-0.16316261393386375,7000
ft_small_seed362559_er_train,validation,2015-04-30,0.1737601738072483,7028
ft_small_seed362559_er_train,validation,2015-05-29,0.1281909945041659,7048
ft_small_seed362559_er_train,validation,2015-06-30,0.2136240500272639,7085
ft_small_seed362559_er_train,validation,2015-07-31,0.018090811071661363,7140
ft_small_seed362559_er_train,validation,2015-08-31,0.17683221424686538,7146
ft_small_seed362559_er_train,validation,2015-09-30,0.023538168181081807,7146
ft_small_seed362559_er_train,validation,2015-10-30,0.13088184654135537,7151
ft_small_seed362559_er_train,validation,2015-11-30,0.10572124474086485,7177
ft_transformer_classifier,test,2015-12-31,0.2818134284798241,7175
ft_transformer_classifier,test,2016-01-29,0.040183882260989456,7146
ft_transformer_classifier,test,2016-02-29,-0.14617345890637484,7134
ft_transformer_classifier,test,2016-03-31,-0.19933994320482482,7115
ft_transformer_classifier,test,2016-04-29,0.1224815217341051,7106
ft_transformer_classifier,test,2016-05-31,0.14509218693966333,7115
ft_transformer_classifier,test,2016-06-30,-0.09130980711072907,7119
ft_transformer_classifier,test,2016-07-29,-0.052271038781980105,7119
ft_transformer_classifier,test,2016-08-31,-0.07294849042008779,7082
ft_transformer_classifier,test,2016-09-30,0.24099957813457945,7090
ft_transformer_classifier,test,2016-10-31,-0.019741050069781427,7107
ft_transformer_classifier,test,2016-11-30,0.16802492709752875,7096
ft_transformer_classifier,test,2016-12-30,-0.035849943822390505,7108
ft_transformer_classifier,test,2017-01-31,0.11035221883704548,7126
ft_transformer_classifier,test,2017-02-28,0.03885025673676016,7109
ft_transformer_classifier,test,2017-03-31,0.1831788116202673,7110
ft_transformer_classifier,test,2017-04-28,0.18875762937688687,7129
ft_transformer_classifier,test,2017-05-31,0.025672369284556948,7144
ft_transformer_classifier,test,2017-06-30,0.17173010174298925,7146
ft_transformer_classifier,test,2017-07-31,0.14632706071182372,7157
ft_transformer_classifier,test,2017-08-31,-0.07857039110544377,7132
ft_transformer_classifier,test,2017-09-29,0.24444445597053568,7116
ft_transformer_classifier,test,2017-10-31,0.0536552158157421,7152
ft_transformer_classifier,test,2017-11-30,0.015658579924375967,7206
ft_transformer_classifier,test,2017-12-29,0.12123436336022192,7205
ft_transformer_classifier,test,2018-01-31,0.01658417180425383,7242
ft_transformer_classifier,test,2018-02-28,-0.0031442032151087996,7264
ft_transformer_classifier,test,2018-03-29,-0.026273779600229943,7211
ft_transformer_classifier,test,2018-04-30,-0.03664442117094762,7258
ft_transformer_classifier,test,2018-05-31,0.038994196838109924,7270
ft_transformer_classifier,test,2018-06-29,0.19752563847861762,7322
ft_transformer_classifier,test,2018-07-31,0.0715877617056919,7355
ft_transformer_classifier,test,2018-08-31,0.10223325749098358,7344
ft_transformer_classifier,test,2018-09-28,0.14705425724312002,7373
ft_transformer_classifier,test,2018-10-31,0.1674746532038312,7413
ft_transformer_classifier,test,2018-11-30,0.271623976394863,7412
ft_transformer_classifier,test,2018-12-31,-0.2761847621713095,7407
ft_transformer_classifier,test,2019-01-31,-0.07376700988129034,7408
ft_transformer_classifier,test,2019-02-28,0.1586273129252231,7390
ft_transformer_classifier,test,2019-03-29,0.1357709506043333,7390
ft_transformer_classifier,test,2019-04-30,0.28218995979870753,7396
ft_transformer_classifier,test,2019-05-31,0.12472601988343895,7458
ft_transformer_classifier,test,2019-06-28,0.19880749410950257,7471
ft_transformer_classifier,test,2019-07-31,0.2285076895443158,7494
ft_transformer_classifier,test,2019-08-30,0.08850257380013186,7486
ft_transformer_classifier,test,2019-09-30,0.11009121287824836,7500
ft_transformer_classifier,test,2019-10-31,-0.00687500965276978,7504
ft_transformer_classifier,test,2019-11-29,-0.07664934718175258,7501
ft_transformer_classifier,test,2019-12-31,0.04722513067610382,7500
ft_transformer_classifier,test,2020-01-31,0.00922071206430335,7506
ft_transformer_classifier,test,2020-02-28,0.17921631612121372,7506
ft_transformer_classifier,test,2020-03-31,-0.21963421284829876,7475
ft_transformer_classifier,test,2020-04-30,-0.058080515277194794,7480
ft_transformer_classifier,test,2020-05-29,-0.1491045665700313,7473
ft_transformer_classifier,test,2020-06-30,0.17735077279550526,7519
ft_transformer_classifier,test,2020-07-31,0.025424477187141723,7547
ft_transformer_classifier,test,2020-08-31,0.16552283989723468,7574
ft_transformer_classifier,test,2020-09-30,0.06579250173789165,7628
ft_transformer_classifier,test,2020-10-30,-0.25791218006922395,7701
ft_transformer_classifier,test,2020-11-30,-0.060528148931233,7773
ft_transformer_classifier,test,2020-12-31,-0.22011514310634508,7875
ft_transformer_classifier,test,2021-01-29,-0.056085219528956065,7964
ft_transformer_classifier,test,2021-02-26,0.21990802248409475,8055
ft_transformer_classifier,test,2021-03-31,0.22475685578012564,8212
ft_transformer_classifier,test,2021-04-30,0.24710639402586218,8360
ft_transformer_classifier,test,2021-05-28,-0.16626379123548427,8479
ft_transformer_classifier,test,2021-06-30,0.3891607264288753,8587
ft_transformer_classifier,test,2021-07-30,0.10555639811473524,8722
ft_transformer_classifier,test,2021-08-31,0.11699129009078658,8776
ft_transformer_classifier,test,2021-09-30,0.25294432612999895,8872
ft_transformer_classifier,test,2021-10-29,0.32443308336267496,8968
ft_transformer_classifier,test,2021-11-30,0.3993592554711527,9068
ft_transformer_classifier,test,2021-12-31,0.26148903664859613,9189
ft_transformer_classifier,test,2022-01-31,0.04866464805295914,9272
ft_transformer_classifier,test,2022-02-28,0.08332831148618446,9347
ft_transformer_classifier,test,2022-03-31,0.44051822840608557,9382
ft_transformer_classifier,test,2022-04-29,0.2665805021054847,9421
ft_transformer_classifier,test,2022-05-31,0.10758224265125955,9432
ft_transformer_classifier,test,2022-06-30,-0.03013350600446552,9457
ft_transformer_classifier,test,2022-07-29,0.031536365291413994,9458
ft_transformer_classifier,test,2022-08-31,0.35426557888219096,9469
ft_transformer_classifier,test,2022-09-30,0.184917975529002,9495
ft_transformer_classifier,test,2022-10-31,0.12840899900219577,9483
ft_transformer_classifier,test,2022-11-30,0.24785646119739316,9465
ft_transformer_classifier,test,2022-12-30,-0.37849680055179513,9402
ft_transformer_classifier,test,2023-01-31,0.23239148101344237,9376
ft_transformer_classifier,test,2023-02-28,0.23333708515623788,9352
ft_transformer_classifier,test,2023-03-31,0.15862269030812698,9324
ft_transformer_classifier,test,2023-04-28,0.0076584038838268635,9298
ft_transformer_classifier,test,2023-05-31,0.07567549540419016,9304
ft_transformer_classifier,test,2023-06-30,-0.08600286386686494,9291
ft_transformer_classifier,test,2023-07-31,0.3134330157869612,9265
ft_transformer_classifier,test,2023-08-31,0.25589012953973567,9278
ft_transformer_classifier,test,2023-09-29,0.3195097496775445,9318
ft_transformer_classifier,test,2023-10-31,-0.0009905528489070835,9331
ft_transformer_classifier,test,2023-11-30,-0.15747272814947,9327
ft_transformer_classifier,test,2023-12-29,0.27109745199787877,9309
ft_transformer_classifier,test,2024-01-31,0.05011036259372974,9367
ft_transformer_classifier,test,2024-02-29,0.17179061133357632,9327
ft_transformer_classifier,test,2024-03-28,0.19453861382865517,9334
ft_transformer_classifier,test,2024-04-30,0.13053076400566588,9344
ft_transformer_classifier,test,2024-05-31,0.23131198694146005,9372
ft_transformer_classifier,test,2024-06-28,0.06379536688956618,9404
ft_transformer_classifier,test,2024-07-31,0.2859945291734757,9436
ft_transformer_classifier,test,2024-08-30,0.08522623093563099,9439
ft_transformer_classifier,test,2024-09-30,0.09660644903312944,9542
ft_transformer_classifier,test,2024-10-31,0.09841298428701574,9583
ft_transformer_classifier,validation,2010-12-31,0.006955606557246614,6508
ft_transformer_classifier,validation,2011-01-31,0.10158850179045338,6534
ft_transformer_classifier,validation,2011-02-28,0.13947211811520888,6533
ft_transformer_classifier,validation,2011-03-31,0.16543143254859694,6542
ft_transformer_classifier,validation,2011-04-29,0.15133388099109202,6561
ft_transformer_classifier,validation,2011-05-31,0.20113080908239753,6593
ft_transformer_classifier,validation,2011-06-30,-0.0019996652062167545,6612
ft_transformer_classifier,validation,2011-07-29,0.28907955888226083,6621
ft_transformer_classifier,validation,2011-08-31,0.23060980243415496,6621
ft_transformer_classifier,validation,2011-09-30,-0.038442539682220965,6627
ft_transformer_classifier,validation,2011-10-31,0.27328874314327856,6612
ft_transformer_classifier,validation,2011-11-30,0.22854638625996573,6610
ft_transformer_classifier,validation,2011-12-30,-0.28583673143264693,6604
ft_transformer_classifier,validation,2012-01-31,-0.04425084604390433,6625
ft_transformer_classifier,validation,2012-02-29,0.04514989521027521,6651
ft_transformer_classifier,validation,2012-03-30,0.197844605419671,6663
ft_transformer_classifier,validation,2012-04-30,0.13482106286372833,6681
ft_transformer_classifier,validation,2012-05-31,0.007823349005490731,6689
ft_transformer_classifier,validation,2012-06-29,0.21571470824301545,6667
ft_transformer_classifier,validation,2012-07-31,-0.001521373164235192,6669
ft_transformer_classifier,validation,2012-08-31,-0.032939498870780896,6638
ft_transformer_classifier,validation,2012-09-28,0.17817896369699418,6610
ft_transformer_classifier,validation,2012-10-31,0.1269979181306332,6592
ft_transformer_classifier,validation,2012-11-30,-0.01513508063914787,6587
ft_transformer_classifier,validation,2012-12-31,0.020803886594715704,6581
ft_transformer_classifier,validation,2013-01-31,0.12515350418701862,6571
ft_transformer_classifier,validation,2013-02-28,0.09813650485987951,6574
ft_transformer_classifier,validation,2013-03-28,0.12119477683657176,6551
ft_transformer_classifier,validation,2013-04-30,-0.055121121730794656,6563
ft_transformer_classifier,validation,2013-05-31,0.07005088914564797,6583
ft_transformer_classifier,validation,2013-06-28,0.04654084307059319,6602
ft_transformer_classifier,validation,2013-07-31,-0.08229360096696259,6626
ft_transformer_classifier,validation,2013-08-30,0.07058349455085891,6645
ft_transformer_classifier,validation,2013-09-30,0.2048636015006288,6657
ft_transformer_classifier,validation,2013-10-31,0.09418958042338645,6688
ft_transformer_classifier,validation,2013-11-29,0.06338042832842598,6714
ft_transformer_classifier,validation,2013-12-31,-0.24862859809232835,6716
ft_transformer_classifier,validation,2014-01-31,0.052868100106867696,6746
ft_transformer_classifier,validation,2014-02-28,0.14844320946295947,6767
ft_transformer_classifier,validation,2014-03-31,0.22646737550778603,6793
ft_transformer_classifier,validation,2014-04-30,0.16104115965990645,6815
ft_transformer_classifier,validation,2014-05-30,-0.05585295202794916,6849
ft_transformer_classifier,validation,2014-06-30,0.1474579292242228,6886
ft_transformer_classifier,validation,2014-07-31,0.12617187455810133,6922
ft_transformer_classifier,validation,2014-08-29,0.14280073518710096,6946
ft_transformer_classifier,validation,2014-09-30,0.19337163769033916,6951
ft_transformer_classifier,validation,2014-10-31,0.194293669531741,6977
ft_transformer_classifier,validation,2014-11-28,0.12087095577719008,7001
ft_transformer_classifier,validation,2014-12-31,0.08393217291534161,6993
ft_transformer_classifier,validation,2015-01-30,-0.05375342946171987,6981
ft_transformer_classifier,validation,2015-02-27,0.21386286636854235,6995
ft_transformer_classifier,validation,2015-03-31,-0.11035970901462636,7000
ft_transformer_classifier,validation,2015-04-30,0.15053092216479272,7028
ft_transformer_classifier,validation,2015-05-29,0.0835324967129237,7048
ft_transformer_classifier,validation,2015-06-30,0.31087387232313496,7085
ft_transformer_classifier,validation,2015-07-31,0.07647843945632027,7140
ft_transformer_classifier,validation,2015-08-31,0.2940675586171181,7146
ft_transformer_classifier,validation,2015-09-30,0.0028807197561571485,7146
ft_transformer_classifier,validation,2015-10-30,0.09608102761832607,7151
ft_transformer_classifier,validation,2015-11-30,0.20712542953255458,7177
ft_transformer_er_train,test,2015-12-31,0.13973451742379292,7175
ft_transformer_er_train,test,2016-01-29,0.04200127917938106,7146
ft_transformer_er_train,test,2016-02-29,-0.10724477857936672,7134
ft_transformer_er_train,test,2016-03-31,-0.17293431898130782,7115
ft_transformer_er_train,test,2016-04-29,0.09975271495963071,7106
ft_transformer_er_train,test,2016-05-31,0.08345483617802286,7115
ft_transformer_er_train,test,2016-06-30,0.0009345770452438131,7119
ft_transformer_er_train,test,2016-07-29,-0.05292319070545026,7119
ft_transformer_er_train,test,2016-08-31,-0.02555579569417786,7082
ft_transformer_er_train,test,2016-09-30,0.1521670153631337,7090
ft_transformer_er_train,test,2016-10-31,0.15624877114881136,7107
ft_transformer_er_train,test,2016-11-30,0.17097931524862306,7096
ft_transformer_er_train,test,2016-12-30,-0.07559420420869044,7108
ft_transformer_er_train,test,2017-01-31,0.07075647584648527,7126
ft_transformer_er_train,test,2017-02-28,0.018074075707943685,7109
ft_transformer_er_train,test,2017-03-31,0.1585586850480849,7110
ft_transformer_er_train,test,2017-04-28,0.11036004427204531,7129
ft_transformer_er_train,test,2017-05-31,0.08873501208177378,7144
ft_transformer_er_train,test,2017-06-30,0.11588663219071627,7146
ft_transformer_er_train,test,2017-07-31,0.09860110505364952,7157
ft_transformer_er_train,test,2017-08-31,0.043054486171636104,7132
ft_transformer_er_train,test,2017-09-29,0.2509965134570178,7116
ft_transformer_er_train,test,2017-10-31,0.094747012884329,7152
ft_transformer_er_train,test,2017-11-30,-0.016065476855913335,7206
ft_transformer_er_train,test,2017-12-29,0.125984441047144,7205
ft_transformer_er_train,test,2018-01-31,-0.03885921080100351,7242
ft_transformer_er_train,test,2018-02-28,0.025917426755195944,7264
ft_transformer_er_train,test,2018-03-29,-0.016440279054463346,7211
ft_transformer_er_train,test,2018-04-30,0.06183766868406465,7258
ft_transformer_er_train,test,2018-05-31,0.07468522063049696,7270
ft_transformer_er_train,test,2018-06-29,0.15460045831301517,7322
ft_transformer_er_train,test,2018-07-31,0.13352748298339892,7355
ft_transformer_er_train,test,2018-08-31,0.04924864988613077,7344
ft_transformer_er_train,test,2018-09-28,0.0022298034506470187,7373
ft_transformer_er_train,test,2018-10-31,0.09625733118950404,7413
ft_transformer_er_train,test,2018-11-30,0.0828023001674684,7412
ft_transformer_er_train,test,2018-12-31,-0.16182780510670977,7407
ft_transformer_er_train,test,2019-01-31,0.0011719896312666418,7408
ft_transformer_er_train,test,2019-02-28,0.038538455665782435,7390
ft_transformer_er_train,test,2019-03-29,0.18121454584406876,7390
ft_transformer_er_train,test,2019-04-30,0.1349269319764988,7396
ft_transformer_er_train,test,2019-05-31,0.202122803520407,7458
ft_transformer_er_train,test,2019-06-28,0.1878224460092887,7471
ft_transformer_er_train,test,2019-07-31,0.04809304482506347,7494
ft_transformer_er_train,test,2019-08-30,0.1312052900452546,7486
ft_transformer_er_train,test,2019-09-30,0.11363880071258584,7500
ft_transformer_er_train,test,2019-10-31,0.057375093801265646,7504
ft_transformer_er_train,test,2019-11-29,-0.04561685623518924,7501
ft_transformer_er_train,test,2019-12-31,-0.06128258083302309,7500
ft_transformer_er_train,test,2020-01-31,-0.08268730655142512,7506
ft_transformer_er_train,test,2020-02-28,0.02183173199891601,7506
ft_transformer_er_train,test,2020-03-31,-0.07507383280780437,7475
ft_transformer_er_train,test,2020-04-30,-0.061428406782362756,7480
ft_transformer_er_train,test,2020-05-29,-0.1319061810533862,7473
ft_transformer_er_train,test,2020-06-30,0.16242932157990425,7519
ft_transformer_er_train,test,2020-07-31,0.04848187919023452,7547
ft_transformer_er_train,test,2020-08-31,0.0825676545482563,7574
ft_transformer_er_train,test,2020-09-30,0.09727351045779355,7628
ft_transformer_er_train,test,2020-10-30,-0.046179889064182335,7701
ft_transformer_er_train,test,2020-11-30,0.02701604687674389,7773
ft_transformer_er_train,test,2020-12-31,-0.14522340395408587,7875
ft_transformer_er_train,test,2021-01-29,0.13086053257476477,7964
ft_transformer_er_train,test,2021-02-26,0.2031562827904942,8055
ft_transformer_er_train,test,2021-03-31,0.19404319110646412,8212
ft_transformer_er_train,test,2021-04-30,0.27456493676630295,8360
ft_transformer_er_train,test,2021-05-28,-0.1606298711650838,8479
ft_transformer_er_train,test,2021-06-30,0.2656323686270915,8587
ft_transformer_er_train,test,2021-07-30,0.0735059210518272,8722
ft_transformer_er_train,test,2021-08-31,0.12067708663374169,8776
ft_transformer_er_train,test,2021-09-30,0.25258228587022397,8872
ft_transformer_er_train,test,2021-10-29,0.2706531305708924,8968
ft_transformer_er_train,test,2021-11-30,0.4030179571242997,9068
ft_transformer_er_train,test,2021-12-31,0.190391266808684,9189
ft_transformer_er_train,test,2022-01-31,0.12438255089539191,9272
ft_transformer_er_train,test,2022-02-28,0.10674951513875157,9347
ft_transformer_er_train,test,2022-03-31,0.4255230274141948,9382
ft_transformer_er_train,test,2022-04-29,0.23639375900389156,9421
ft_transformer_er_train,test,2022-05-31,-0.009366745161284006,9432
ft_transformer_er_train,test,2022-06-30,0.048638114601134035,9457
ft_transformer_er_train,test,2022-07-29,0.04153736553252951,9458
ft_transformer_er_train,test,2022-08-31,0.24471935279124596,9469
ft_transformer_er_train,test,2022-09-30,0.3257304339833341,9495
ft_transformer_er_train,test,2022-10-31,0.10191015642375735,9483
ft_transformer_er_train,test,2022-11-30,0.15336673311968357,9465
ft_transformer_er_train,test,2022-12-30,-0.21480794274867698,9402
ft_transformer_er_train,test,2023-01-31,0.19123672976757536,9376
ft_transformer_er_train,test,2023-02-28,0.13937738071553302,9352
ft_transformer_er_train,test,2023-03-31,0.06478065040642901,9324
ft_transformer_er_train,test,2023-04-28,-0.030908137918879596,9298
ft_transformer_er_train,test,2023-05-31,0.17000517388939723,9304
ft_transformer_er_train,test,2023-06-30,-0.02043490159865591,9291
ft_transformer_er_train,test,2023-07-31,0.18121694974606253,9265
ft_transformer_er_train,test,2023-08-31,0.1539652067554662,9278
ft_transformer_er_train,test,2023-09-29,0.1872323276973097,9318
ft_transformer_er_train,test,2023-10-31,0.03802659943119387,9331
ft_transformer_er_train,test,2023-11-30,-0.04244062402819806,9327
ft_transformer_er_train,test,2023-12-29,0.17291662203466238,9309
ft_transformer_er_train,test,2024-01-31,0.04373518411379091,9367
ft_transformer_er_train,test,2024-02-29,0.17496082912822705,9327
ft_transformer_er_train,test,2024-03-28,0.06448585907436018,9334
ft_transformer_er_train,test,2024-04-30,0.15802063906471447,9344
ft_transformer_er_train,test,2024-05-31,0.12461572872835995,9372
ft_transformer_er_train,test,2024-06-28,0.14575319385615626,9404
ft_transformer_er_train,test,2024-07-31,0.20195398310086846,9436
ft_transformer_er_train,test,2024-08-30,0.0568368079371058,9439
ft_transformer_er_train,test,2024-09-30,0.08979380127762507,9542
ft_transformer_er_train,test,2024-10-31,0.16978020346785103,9583
ft_transformer_er_train,validation,2010-12-31,0.013344906311445082,6508
ft_transformer_er_train,validation,2011-01-31,0.16296752406085122,6534
ft_transformer_er_train,validation,2011-02-28,0.14731390724809287,6533
ft_transformer_er_train,validation,2011-03-31,0.11449169393972636,6542
ft_transformer_er_train,validation,2011-04-29,0.008523099031469264,6561
ft_transformer_er_train,validation,2011-05-31,0.125188505289661,6593
ft_transformer_er_train,validation,2011-06-30,-0.04187213952166023,6612
ft_transformer_er_train,validation,2011-07-29,0.07543397853308723,6621
ft_transformer_er_train,validation,2011-08-31,0.06287392196359545,6621
ft_transformer_er_train,validation,2011-09-30,0.13559122818069713,6627
ft_transformer_er_train,validation,2011-10-31,0.24129776065450956,6612
ft_transformer_er_train,validation,2011-11-30,0.18912398841976882,6610
ft_transformer_er_train,validation,2011-12-30,-0.1769035980402068,6604
ft_transformer_er_train,validation,2012-01-31,-0.00847698381846086,6625
ft_transformer_er_train,validation,2012-02-29,0.10026811731725777,6651
ft_transformer_er_train,validation,2012-03-30,0.10841340673403166,6663
ft_transformer_er_train,validation,2012-04-30,-0.052713068988864735,6681
ft_transformer_er_train,validation,2012-05-31,0.023621537380997974,6689
ft_transformer_er_train,validation,2012-06-29,0.12154522376876001,6667
ft_transformer_er_train,validation,2012-07-31,0.07291298445568421,6669
ft_transformer_er_train,validation,2012-08-31,0.006876682361241083,6638
ft_transformer_er_train,validation,2012-09-28,0.13731989849052229,6610
ft_transformer_er_train,validation,2012-10-31,0.13387058609576244,6592
ft_transformer_er_train,validation,2012-11-30,0.08905471032318986,6587
ft_transformer_er_train,validation,2012-12-31,0.08988234691982723,6581
ft_transformer_er_train,validation,2013-01-31,0.1350981109473686,6571
ft_transformer_er_train,validation,2013-02-28,0.18341720966790953,6574
ft_transformer_er_train,validation,2013-03-28,0.02192016677567211,6551
ft_transformer_er_train,validation,2013-04-30,0.1433385220501219,6563
ft_transformer_er_train,validation,2013-05-31,0.14274343983013701,6583
ft_transformer_er_train,validation,2013-06-28,0.18441171813937707,6602
ft_transformer_er_train,validation,2013-07-31,-0.09434752430734179,6626
ft_transformer_er_train,validation,2013-08-30,0.14122123608045412,6645
ft_transformer_er_train,validation,2013-09-30,0.20549610253320258,6657
ft_transformer_er_train,validation,2013-10-31,0.19945621027042615,6688
ft_transformer_er_train,validation,2013-11-29,0.0906574634577152,6714
ft_transformer_er_train,validation,2013-12-31,-0.2914286729065715,6716
ft_transformer_er_train,validation,2014-01-31,0.08029341316375298,6746
ft_transformer_er_train,validation,2014-02-28,0.09323605067792956,6767
ft_transformer_er_train,validation,2014-03-31,0.06346697104375139,6793
ft_transformer_er_train,validation,2014-04-30,0.10755969053702175,6815
ft_transformer_er_train,validation,2014-05-30,0.021714102445073553,6849
ft_transformer_er_train,validation,2014-06-30,0.0507737241292335,6886
ft_transformer_er_train,validation,2014-07-31,0.18983490774996753,6922
ft_transformer_er_train,validation,2014-08-29,0.026828529019070887,6946
ft_transformer_er_train,validation,2014-09-30,0.23186305476837868,6951
ft_transformer_er_train,validation,2014-10-31,0.15846091015773578,6977
ft_transformer_er_train,validation,2014-11-28,0.18705942421942942,7001
ft_transformer_er_train,validation,2014-12-31,-0.017993317692574756,6993
ft_transformer_er_train,validation,2015-01-30,0.024624296740231477,6981
ft_transformer_er_train,validation,2015-02-27,0.23398589566389802,6995
ft_transformer_er_train,validation,2015-03-31,-0.16316261393386375,7000
ft_transformer_er_train,validation,2015-04-30,0.1737601738072483,7028
ft_transformer_er_train,validation,2015-05-29,0.1281909945041659,7048
ft_transformer_er_train,validation,2015-06-30,0.2136240500272639,7085
ft_transformer_er_train,validation,2015-07-31,0.018090811071661363,7140
ft_transformer_er_train,validation,2015-08-31,0.17683221424686538,7146
ft_transformer_er_train,validation,2015-09-30,0.023538168181081807,7146
ft_transformer_er_train,validation,2015-10-30,0.13088184654135537,7151
ft_transformer_er_train,validation,2015-11-30,0.10572124474086485,7177
temporal_tabular_small_ft_warmstart_classifier,test,2015-12-31,0.18300053600702024,7175
temporal_tabular_small_ft_warmstart_classifier,test,2016-01-29,0.0423121111687512,7146
temporal_tabular_small_ft_warmstart_classifier,test,2016-02-29,-0.007508683243227192,7134
temporal_tabular_small_ft_warmstart_classifier,test,2016-03-31,-0.11452150495825952,7115
temporal_tabular_small_ft_warmstart_classifier,test,2016-04-29,0.16435074061282592,7106
temporal_tabular_small_ft_warmstart_classifier,test,2016-05-31,0.052236264758557534,7115
temporal_tabular_small_ft_warmstart_classifier,test,2016-06-30,0.007404516761485415,7119
temporal_tabular_small_ft_warmstart_classifier,test,2016-07-29,0.046381342124907715,7119
temporal_tabular_small_ft_warmstart_classifier,test,2016-08-31,-0.041532007367011646,7082
temporal_tabular_small_ft_warmstart_classifier,test,2016-09-30,0.2539487988452487,7090
temporal_tabular_small_ft_warmstart_classifier,test,2016-10-31,0.06024147532702233,7107
temporal_tabular_small_ft_warmstart_classifier,test,2016-11-30,0.21796419149751745,7096
temporal_tabular_small_ft_warmstart_classifier,test,2016-12-30,-0.06339887739750394,7108
temporal_tabular_small_ft_warmstart_classifier,test,2017-01-31,0.1267102518328531,7126
temporal_tabular_small_ft_warmstart_classifier,test,2017-02-28,0.05474419759303306,7109
temporal_tabular_small_ft_warmstart_classifier,test,2017-03-31,0.1710357567396357,7110
temporal_tabular_small_ft_warmstart_classifier,test,2017-04-28,0.13007147284399806,7129
temporal_tabular_small_ft_warmstart_classifier,test,2017-05-31,0.02787563535820552,7144
temporal_tabular_small_ft_warmstart_classifier,test,2017-06-30,0.11911935196252804,7146
temporal_tabular_small_ft_warmstart_classifier,test,2017-07-31,0.05171458892555231,7157
temporal_tabular_small_ft_warmstart_classifier,test,2017-08-31,0.023256157652393264,7132
temporal_tabular_small_ft_warmstart_classifier,test,2017-09-29,0.18943138304964838,7116
temporal_tabular_small_ft_warmstart_classifier,test,2017-10-31,0.09033288423801025,7152
temporal_tabular_small_ft_warmstart_classifier,test,2017-11-30,0.003165226433276451,7206
temporal_tabular_small_ft_warmstart_classifier,test,2017-12-29,0.07730549204714134,7205
temporal_tabular_small_ft_warmstart_classifier,test,2018-01-31,0.007675130869308551,7242
temporal_tabular_small_ft_warmstart_classifier,test,2018-02-28,0.07279060174266085,7264
temporal_tabular_small_ft_warmstart_classifier,test,2018-03-29,0.029960058512329947,7211
temporal_tabular_small_ft_warmstart_classifier,test,2018-04-30,0.024246266167977176,7258
temporal_tabular_small_ft_warmstart_classifier,test,2018-05-31,0.06950314952911207,7270
temporal_tabular_small_ft_warmstart_classifier,test,2018-06-29,0.18712039322390997,7322
temporal_tabular_small_ft_warmstart_classifier,test,2018-07-31,0.02739204013599003,7355
temporal_tabular_small_ft_warmstart_classifier,test,2018-08-31,0.07111072314143922,7344
temporal_tabular_small_ft_warmstart_classifier,test,2018-09-28,0.11863192780050398,7373
temporal_tabular_small_ft_warmstart_classifier,test,2018-10-31,0.1867813583048364,7413
temporal_tabular_small_ft_warmstart_classifier,test,2018-11-30,0.19238472000177279,7412
temporal_tabular_small_ft_warmstart_classifier,test,2018-12-31,-0.1365903600091781,7407
temporal_tabular_small_ft_warmstart_classifier,test,2019-01-31,0.04652250744161014,7408
temporal_tabular_small_ft_warmstart_classifier,test,2019-02-28,0.03895039577388767,7390
temporal_tabular_small_ft_warmstart_classifier,test,2019-03-29,0.20306805857424645,7390
temporal_tabular_small_ft_warmstart_classifier,test,2019-04-30,0.11487573636325603,7396
temporal_tabular_small_ft_warmstart_classifier,test,2019-05-31,0.15305879672426495,7458
temporal_tabular_small_ft_warmstart_classifier,test,2019-06-28,0.18299240795434293,7471
temporal_tabular_small_ft_warmstart_classifier,test,2019-07-31,0.06036733083120586,7494
temporal_tabular_small_ft_warmstart_classifier,test,2019-08-30,0.1500876873465674,7486
temporal_tabular_small_ft_warmstart_classifier,test,2019-09-30,0.16020650528857117,7500
temporal_tabular_small_ft_warmstart_classifier,test,2019-10-31,0.09698933473523237,7504
temporal_tabular_small_ft_warmstart_classifier,test,2019-11-29,0.005218083590636059,7501
temporal_tabular_small_ft_warmstart_classifier,test,2019-12-31,-0.010512127163575852,7500
temporal_tabular_small_ft_warmstart_classifier,test,2020-01-31,-0.01610158005121691,7506
temporal_tabular_small_ft_warmstart_classifier,test,2020-02-28,0.032598291095297674,7506
temporal_tabular_small_ft_warmstart_classifier,test,2020-03-31,-0.12297335907635315,7475
temporal_tabular_small_ft_warmstart_classifier,test,2020-04-30,0.003008355252146571,7480
temporal_tabular_small_ft_warmstart_classifier,test,2020-05-29,-0.08641661416322392,7473
temporal_tabular_small_ft_warmstart_classifier,test,2020-06-30,0.05472302397992385,7519
temporal_tabular_small_ft_warmstart_classifier,test,2020-07-31,0.1470750672112906,7547
temporal_tabular_small_ft_warmstart_classifier,test,2020-08-31,0.02043550554279198,7574
temporal_tabular_small_ft_warmstart_classifier,test,2020-09-30,0.15081569112624865,7628
temporal_tabular_small_ft_warmstart_classifier,test,2020-10-30,-0.05093475829841981,7701
temporal_tabular_small_ft_warmstart_classifier,test,2020-11-30,0.11817142365039597,7773
temporal_tabular_small_ft_warmstart_classifier,test,2020-12-31,-0.24745791591023092,7875
temporal_tabular_small_ft_warmstart_classifier,test,2021-01-29,0.09519479026715097,7964
temporal_tabular_small_ft_warmstart_classifier,test,2021-02-26,0.2794846349017105,8055
temporal_tabular_small_ft_warmstart_classifier,test,2021-03-31,0.29067913188170624,8212
temporal_tabular_small_ft_warmstart_classifier,test,2021-04-30,0.13216115417668484,8360
temporal_tabular_small_ft_warmstart_classifier,test,2021-05-28,-0.1555246268443246,8479
temporal_tabular_small_ft_warmstart_classifier,test,2021-06-30,0.36237417738046673,8587
temporal_tabular_small_ft_warmstart_classifier,test,2021-07-30,0.1182819519376597,8722
temporal_tabular_small_ft_warmstart_classifier,test,2021-08-31,0.10853804019192778,8776
temporal_tabular_small_ft_warmstart_classifier,test,2021-09-30,0.261249171625241,8872
temporal_tabular_small_ft_warmstart_classifier,test,2021-10-29,0.2254186561499023,8968
temporal_tabular_small_ft_warmstart_classifier,test,2021-11-30,0.37204900010316644,9068
temporal_tabular_small_ft_warmstart_classifier,test,2021-12-31,0.23434181421518455,9189
temporal_tabular_small_ft_warmstart_classifier,test,2022-01-31,0.10111775005174672,9272
temporal_tabular_small_ft_warmstart_classifier,test,2022-02-28,0.056574528309472474,9347
temporal_tabular_small_ft_warmstart_classifier,test,2022-03-31,0.24476962411298606,9382
temporal_tabular_small_ft_warmstart_classifier,test,2022-04-29,0.21876519234560382,9421
temporal_tabular_small_ft_warmstart_classifier,test,2022-05-31,-0.01801960742393043,9432
temporal_tabular_small_ft_warmstart_classifier,test,2022-06-30,0.1116780135134348,9457
temporal_tabular_small_ft_warmstart_classifier,test,2022-07-29,-0.05925057841921075,9458
temporal_tabular_small_ft_warmstart_classifier,test,2022-08-31,0.13057789490484853,9469
temporal_tabular_small_ft_warmstart_classifier,test,2022-09-30,0.32289275054321953,9495
temporal_tabular_small_ft_warmstart_classifier,test,2022-10-31,0.25391099373725,9483
temporal_tabular_small_ft_warmstart_classifier,test,2022-11-30,0.0747152483232414,9465
temporal_tabular_small_ft_warmstart_classifier,test,2022-12-30,-0.08064774950729345,9402
temporal_tabular_small_ft_warmstart_classifier,test,2023-01-31,0.13247873596162166,9376
temporal_tabular_small_ft_warmstart_classifier,test,2023-02-28,0.16285064583875436,9352
temporal_tabular_small_ft_warmstart_classifier,test,2023-03-31,0.054710033314966475,9324
temporal_tabular_small_ft_warmstart_classifier,test,2023-04-28,-0.06736694936365253,9298
temporal_tabular_small_ft_warmstart_classifier,test,2023-05-31,0.22121754716018197,9304
temporal_tabular_small_ft_warmstart_classifier,test,2023-06-30,0.13422943343045388,9291
temporal_tabular_small_ft_warmstart_classifier,test,2023-07-31,0.18063711019906237,9265
temporal_tabular_small_ft_warmstart_classifier,test,2023-08-31,0.14521344903029004,9278
temporal_tabular_small_ft_warmstart_classifier,test,2023-09-29,0.1723874866484248,9318
temporal_tabular_small_ft_warmstart_classifier,test,2023-10-31,0.13487380864318665,9331
temporal_tabular_small_ft_warmstart_classifier,test,2023-11-30,0.08445841119768277,9327
temporal_tabular_small_ft_warmstart_classifier,test,2023-12-29,0.13206029723115553,9309
temporal_tabular_small_ft_warmstart_classifier,test,2024-01-31,0.060467716236908726,9367
temporal_tabular_small_ft_warmstart_classifier,test,2024-02-29,0.25251530905262587,9327
temporal_tabular_small_ft_warmstart_classifier,test,2024-03-28,0.10297463325582358,9334
temporal_tabular_small_ft_warmstart_classifier,test,2024-04-30,0.15398054350016568,9344
temporal_tabular_small_ft_warmstart_classifier,test,2024-05-31,0.18275344213768221,9372
temporal_tabular_small_ft_warmstart_classifier,test,2024-06-28,0.150647603625927,9404
temporal_tabular_small_ft_warmstart_classifier,test,2024-07-31,0.2142812588541863,9436
temporal_tabular_small_ft_warmstart_classifier,test,2024-08-30,0.10493090608981663,9439
temporal_tabular_small_ft_warmstart_classifier,test,2024-09-30,0.05372202121684567,9542
temporal_tabular_small_ft_warmstart_classifier,test,2024-10-31,0.18094065235672602,9583
temporal_tabular_small_ft_warmstart_classifier,validation,2010-12-31,0.04674750950606509,6508
temporal_tabular_small_ft_warmstart_classifier,validation,2011-01-31,0.08322690588503763,6534
temporal_tabular_small_ft_warmstart_classifier,validation,2011-02-28,0.15991190531686436,6533
temporal_tabular_small_ft_warmstart_classifier,validation,2011-03-31,0.1546514926498275,6542
temporal_tabular_small_ft_warmstart_classifier,validation,2011-04-29,0.12011347931861363,6561
temporal_tabular_small_ft_warmstart_classifier,validation,2011-05-31,0.1600423509410426,6593
temporal_tabular_small_ft_warmstart_classifier,validation,2011-06-30,-0.015176435173828069,6612
temporal_tabular_small_ft_warmstart_classifier,validation,2011-07-29,0.14486221258682544,6621
temporal_tabular_small_ft_warmstart_classifier,validation,2011-08-31,0.10672185478468757,6621
temporal_tabular_small_ft_warmstart_classifier,validation,2011-09-30,0.07285788658450797,6627
temporal_tabular_small_ft_warmstart_classifier,validation,2011-10-31,0.1770476620070016,6612
temporal_tabular_small_ft_warmstart_classifier,validation,2011-11-30,0.08441768585104771,6610
temporal_tabular_small_ft_warmstart_classifier,validation,2011-12-30,-0.10452375838677863,6604
temporal_tabular_small_ft_warmstart_classifier,validation,2012-01-31,0.06993243004363851,6625
temporal_tabular_small_ft_warmstart_classifier,validation,2012-02-29,0.1032465173676817,6651
temporal_tabular_small_ft_warmstart_classifier,validation,2012-03-30,0.08663026906352686,6663
temporal_tabular_small_ft_warmstart_classifier,validation,2012-04-30,0.05536260376248378,6681
temporal_tabular_small_ft_warmstart_classifier,validation,2012-05-31,0.11393856411653579,6689
temporal_tabular_small_ft_warmstart_classifier,validation,2012-06-29,0.11404014862056847,6667
temporal_tabular_small_ft_warmstart_classifier,validation,2012-07-31,0.084812424434763,6669
temporal_tabular_small_ft_warmstart_classifier,validation,2012-08-31,0.052136255053464954,6638
temporal_tabular_small_ft_warmstart_classifier,validation,2012-09-28,0.15471442591285345,6610
temporal_tabular_small_ft_warmstart_classifier,validation,2012-10-31,0.09352924363011073,6592
temporal_tabular_small_ft_warmstart_classifier,validation,2012-11-30,0.13325714892607488,6587
temporal_tabular_small_ft_warmstart_classifier,validation,2012-12-31,0.0394851440898116,6581
temporal_tabular_small_ft_warmstart_classifier,validation,2013-01-31,0.12465349176524322,6571
temporal_tabular_small_ft_warmstart_classifier,validation,2013-02-28,0.10218005863440312,6574
temporal_tabular_small_ft_warmstart_classifier,validation,2013-03-28,0.07282413891979363,6551
temporal_tabular_small_ft_warmstart_classifier,validation,2013-04-30,-0.0025491291728720286,6563
temporal_tabular_small_ft_warmstart_classifier,validation,2013-05-31,0.09000148401454966,6583
temporal_tabular_small_ft_warmstart_classifier,validation,2013-06-28,0.00933354337239944,6602
temporal_tabular_small_ft_warmstart_classifier,validation,2013-07-31,-0.0686249754939168,6626
temporal_tabular_small_ft_warmstart_classifier,validation,2013-08-30,0.09721697094785663,6645
temporal_tabular_small_ft_warmstart_classifier,validation,2013-09-30,0.18015158442916238,6657
temporal_tabular_small_ft_warmstart_classifier,validation,2013-10-31,0.07215867346461932,6688
temporal_tabular_small_ft_warmstart_classifier,validation,2013-11-29,0.03577652888595832,6714
temporal_tabular_small_ft_warmstart_classifier,validation,2013-12-31,-0.18091331721168444,6716
temporal_tabular_small_ft_warmstart_classifier,validation,2014-01-31,0.02523328224398188,6746
temporal_tabular_small_ft_warmstart_classifier,validation,2014-02-28,0.15472955260176124,6767
temporal_tabular_small_ft_warmstart_classifier,validation,2014-03-31,0.17079822252437044,6793
temporal_tabular_small_ft_warmstart_classifier,validation,2014-04-30,0.14643578241117589,6815
temporal_tabular_small_ft_warmstart_classifier,validation,2014-05-30,-0.015090339616414884,6849
temporal_tabular_small_ft_warmstart_classifier,validation,2014-06-30,0.10726443540095788,6886
temporal_tabular_small_ft_warmstart_classifier,validation,2014-07-31,0.09383127531263409,6922
temporal_tabular_small_ft_warmstart_classifier,validation,2014-08-29,0.11347170688640461,6946
temporal_tabular_small_ft_warmstart_classifier,validation,2014-09-30,0.21293734101780748,6951
temporal_tabular_small_ft_warmstart_classifier,validation,2014-10-31,0.14430338013105562,6977
temporal_tabular_small_ft_warmstart_classifier,validation,2014-11-28,0.13436110709997262,7001
temporal_tabular_small_ft_warmstart_classifier,validation,2014-12-31,0.03327754322504485,6993
temporal_tabular_small_ft_warmstart_classifier,validation,2015-01-30,-0.010506230202057371,6981
temporal_tabular_small_ft_warmstart_classifier,validation,2015-02-27,0.190077615510401,6995
temporal_tabular_small_ft_warmstart_classifier,validation,2015-03-31,-0.10289475900189282,7000
temporal_tabular_small_ft_warmstart_classifier,validation,2015-04-30,0.12395503958688578,7028
temporal_tabular_small_ft_warmstart_classifier,validation,2015-05-29,0.1132476545000494,7048
temporal_tabular_small_ft_warmstart_classifier,validation,2015-06-30,0.25809472637926123,7085
temporal_tabular_small_ft_warmstart_classifier,validation,2015-07-31,0.020289060832102572,7140
temporal_tabular_small_ft_warmstart_classifier,validation,2015-08-31,0.25165390335821336,7146
temporal_tabular_small_ft_warmstart_classifier,validation,2015-09-30,0.061025201623345446,7146
temporal_tabular_small_ft_warmstart_classifier,validation,2015-10-30,0.1077331166166265,7151
temporal_tabular_small_ft_warmstart_classifier,validation,2015-11-30,0.12377927613658347,7177
temporal_tabular_small_ft_warmstart_er_train,test,2015-12-31,-0.014113785095519589,7175
temporal_tabular_small_ft_warmstart_er_train,test,2016-01-29,0.0419755247235955,7146
temporal_tabular_small_ft_warmstart_er_train,test,2016-02-29,0.05658797217259767,7134
temporal_tabular_small_ft_warmstart_er_train,test,2016-03-31,-0.02605527078578678,7115
temporal_tabular_small_ft_warmstart_er_train,test,2016-04-29,0.09072045174211034,7106
temporal_tabular_small_ft_warmstart_er_train,test,2016-05-31,-0.019224185928641415,7115
temporal_tabular_small_ft_warmstart_er_train,test,2016-06-30,0.10954898495162795,7119
temporal_tabular_small_ft_warmstart_er_train,test,2016-07-29,0.07893045599481624,7119
temporal_tabular_small_ft_warmstart_er_train,test,2016-08-31,0.022067957312614864,7082
temporal_tabular_small_ft_warmstart_er_train,test,2016-09-30,0.13331680967261875,7090
temporal_tabular_small_ft_warmstart_er_train,test,2016-10-31,0.187603518193826,7107
temporal_tabular_small_ft_warmstart_er_train,test,2016-11-30,0.1668286188894014,7096
temporal_tabular_small_ft_warmstart_er_train,test,2016-12-30,-0.07717634010637918,7108
temporal_tabular_small_ft_warmstart_er_train,test,2017-01-31,0.037232222830348195,7126
temporal_tabular_small_ft_warmstart_er_train,test,2017-02-28,0.02301935363484424,7109
temporal_tabular_small_ft_warmstart_er_train,test,2017-03-31,0.09966485010087503,7110
temporal_tabular_small_ft_warmstart_er_train,test,2017-04-28,-0.017794998181384546,7129
temporal_tabular_small_ft_warmstart_er_train,test,2017-05-31,0.09768888977359247,7144
temporal_tabular_small_ft_warmstart_er_train,test,2017-06-30,0.03644106817824475,7146
temporal_tabular_small_ft_warmstart_er_train,test,2017-07-31,-0.03856473692348901,7157
temporal_tabular_small_ft_warmstart_er_train,test,2017-08-31,0.1656421173942899,7132
temporal_tabular_small_ft_warmstart_er_train,test,2017-09-29,0.11452127055426507,7116
temporal_tabular_small_ft_warmstart_er_train,test,2017-10-31,0.09086448185133263,7152
temporal_tabular_small_ft_warmstart_er_train,test,2017-11-30,-0.013676553950921256,7206
temporal_tabular_small_ft_warmstart_er_train,test,2017-12-29,0.07504156193214252,7205
temporal_tabular_small_ft_warmstart_er_train,test,2018-01-31,-0.03268366611406167,7242
temporal_tabular_small_ft_warmstart_er_train,test,2018-02-28,0.08883527848514655,7264
temporal_tabular_small_ft_warmstart_er_train,test,2018-03-29,0.05261608979455107,7211
temporal_tabular_small_ft_warmstart_er_train,test,2018-04-30,0.11714626498477468,7258
temporal_tabular_small_ft_warmstart_er_train,test,2018-05-31,0.06761903328533347,7270
temporal_tabular_small_ft_warmstart_er_train,test,2018-06-29,0.09909367033125183,7322
temporal_tabular_small_ft_warmstart_er_train,test,2018-07-31,0.038296516253323344,7355
temporal_tabular_small_ft_warmstart_er_train,test,2018-08-31,-0.01463115080043891,7344
temporal_tabular_small_ft_warmstart_er_train,test,2018-09-28,-0.047480293123214085,7373
temporal_tabular_small_ft_warmstart_er_train,test,2018-10-31,0.08777308547582288,7413
temporal_tabular_small_ft_warmstart_er_train,test,2018-11-30,-0.0019090945085801175,7412
temporal_tabular_small_ft_warmstart_er_train,test,2018-12-31,0.04059403377793877,7407
temporal_tabular_small_ft_warmstart_er_train,test,2019-01-31,0.10341084678270655,7408
temporal_tabular_small_ft_warmstart_er_train,test,2019-02-28,-0.07827421447044483,7390
temporal_tabular_small_ft_warmstart_er_train,test,2019-03-29,0.16220745513748155,7390
temporal_tabular_small_ft_warmstart_er_train,test,2019-04-30,-0.07406249789649515,7396
temporal_tabular_small_ft_warmstart_er_train,test,2019-05-31,0.19678389751042047,7458
temporal_tabular_small_ft_warmstart_er_train,test,2019-06-28,0.11286635912221363,7471
temporal_tabular_small_ft_warmstart_er_train,test,2019-07-31,-0.12656995115902683,7494
temporal_tabular_small_ft_warmstart_er_train,test,2019-08-30,0.17235292528142676,7486
temporal_tabular_small_ft_warmstart_er_train,test,2019-09-30,0.12600637906915138,7500
temporal_tabular_small_ft_warmstart_er_train,test,2019-10-31,0.1355760036559029,7504
temporal_tabular_small_ft_warmstart_er_train,test,2019-11-29,0.04382002205961145,7501
temporal_tabular_small_ft_warmstart_er_train,test,2019-12-31,-0.10716930605838652,7500
temporal_tabular_small_ft_warmstart_er_train,test,2020-01-31,-0.10999584159070327,7506
temporal_tabular_small_ft_warmstart_er_train,test,2020-02-28,-0.1493941192355077,7506
temporal_tabular_small_ft_warmstart_er_train,test,2020-03-31,0.12407349462594315,7475
temporal_tabular_small_ft_warmstart_er_train,test,2020-04-30,0.037870151318580784,7480
temporal_tabular_small_ft_warmstart_er_train,test,2020-05-29,0.006191544237458633,7473
temporal_tabular_small_ft_warmstart_er_train,test,2020-06-30,0.004745907834842795,7519
temporal_tabular_small_ft_warmstart_er_train,test,2020-07-31,0.17140381040901753,7547
temporal_tabular_small_ft_warmstart_er_train,test,2020-08-31,-0.06532607296022981,7574
temporal_tabular_small_ft_warmstart_er_train,test,2020-09-30,0.14339852303103492,7628
temporal_tabular_small_ft_warmstart_er_train,test,2020-10-30,0.12927783514761707,7701
temporal_tabular_small_ft_warmstart_er_train,test,2020-11-30,0.19083398820900357,7773
temporal_tabular_small_ft_warmstart_er_train,test,2020-12-31,-0.13920606572755603,7875
temporal_tabular_small_ft_warmstart_er_train,test,2021-01-29,0.2035642188000603,7964
temporal_tabular_small_ft_warmstart_er_train,test,2021-02-26,0.18306952383667577,8055
temporal_tabular_small_ft_warmstart_er_train,test,2021-03-31,0.23666400280477243,8212
temporal_tabular_small_ft_warmstart_er_train,test,2021-04-30,0.10693211179719829,8360
temporal_tabular_small_ft_warmstart_er_train,test,2021-05-28,-0.14820163352197424,8479
temporal_tabular_small_ft_warmstart_er_train,test,2021-06-30,0.2070646392901276,8587
temporal_tabular_small_ft_warmstart_er_train,test,2021-07-30,0.08019524098080191,8722
temporal_tabular_small_ft_warmstart_er_train,test,2021-08-31,0.09206816371251142,8776
temporal_tabular_small_ft_warmstart_er_train,test,2021-09-30,0.2144321184661928,8872
temporal_tabular_small_ft_warmstart_er_train,test,2021-10-29,0.08592546974448115,8968
temporal_tabular_small_ft_warmstart_er_train,test,2021-11-30,0.29265658896276786,9068
temporal_tabular_small_ft_warmstart_er_train,test,2021-12-31,0.12471965122120401,9189
temporal_tabular_small_ft_warmstart_er_train,test,2022-01-31,0.13720916800049202,9272
temporal_tabular_small_ft_warmstart_er_train,test,2022-02-28,0.0414506743313217,9347
temporal_tabular_small_ft_warmstart_er_train,test,2022-03-31,0.11992527992586335,9382
temporal_tabular_small_ft_warmstart_er_train,test,2022-04-29,0.121032923710066,9421
temporal_tabular_small_ft_warmstart_er_train,test,2022-05-31,-0.12022321006610998,9432
temporal_tabular_small_ft_warmstart_er_train,test,2022-06-30,0.1660693941900934,9457
temporal_tabular_small_ft_warmstart_er_train,test,2022-07-29,-0.02617505248753164,9458
temporal_tabular_small_ft_warmstart_er_train,test,2022-08-31,-0.009739534509853156,9469
temporal_tabular_small_ft_warmstart_er_train,test,2022-09-30,0.32343318433384227,9495
temporal_tabular_small_ft_warmstart_er_train,test,2022-10-31,0.1645740014469853,9483
temporal_tabular_small_ft_warmstart_er_train,test,2022-11-30,-0.011556279507960154,9465
temporal_tabular_small_ft_warmstart_er_train,test,2022-12-30,0.08394520403728592,9402
temporal_tabular_small_ft_warmstart_er_train,test,2023-01-31,0.0629085576624092,9376
temporal_tabular_small_ft_warmstart_er_train,test,2023-02-28,0.03861855019987173,9352
temporal_tabular_small_ft_warmstart_er_train,test,2023-03-31,-0.04247564746162328,9324
temporal_tabular_small_ft_warmstart_er_train,test,2023-04-28,-0.06769484708186842,9298
temporal_tabular_small_ft_warmstart_er_train,test,2023-05-31,0.27517785789081706,9304
temporal_tabular_small_ft_warmstart_er_train,test,2023-06-30,0.21054149518939602,9291
temporal_tabular_small_ft_warmstart_er_train,test,2023-07-31,0.04840853555052354,9265
temporal_tabular_small_ft_warmstart_er_train,test,2023-08-31,0.0507891031630995,9278
temporal_tabular_small_ft_warmstart_er_train,test,2023-09-29,0.019130055593276088,9318
temporal_tabular_small_ft_warmstart_er_train,test,2023-10-31,0.1572982664116372,9331
temporal_tabular_small_ft_warmstart_er_train,test,2023-11-30,0.2088282747423933,9327
temporal_tabular_small_ft_warmstart_er_train,test,2023-12-29,-0.006688861138761262,9309
temporal_tabular_small_ft_warmstart_er_train,test,2024-01-31,0.045493895512442074,9367
temporal_tabular_small_ft_warmstart_er_train,test,2024-02-29,0.24967881544254392,9327
temporal_tabular_small_ft_warmstart_er_train,test,2024-03-28,-0.0017940879513134772,9334
temporal_tabular_small_ft_warmstart_er_train,test,2024-04-30,0.1623117771112733,9344
temporal_tabular_small_ft_warmstart_er_train,test,2024-05-31,0.0574559466554286,9372
temporal_tabular_small_ft_warmstart_er_train,test,2024-06-28,0.2041320838921973,9404
temporal_tabular_small_ft_warmstart_er_train,test,2024-07-31,0.07693546230954164,9436
temporal_tabular_small_ft_warmstart_er_train,test,2024-08-30,0.07534434515181833,9439
temporal_tabular_small_ft_warmstart_er_train,test,2024-09-30,0.06106148099166445,9542
temporal_tabular_small_ft_warmstart_er_train,test,2024-10-31,0.23308161311773706,9583
temporal_tabular_small_ft_warmstart_er_train,validation,2010-12-31,0.033518234911100744,6508
temporal_tabular_small_ft_warmstart_er_train,validation,2011-01-31,0.11993870952724302,6534
temporal_tabular_small_ft_warmstart_er_train,validation,2011-02-28,0.1369967065190289,6533
temporal_tabular_small_ft_warmstart_er_train,validation,2011-03-31,0.0780403560923531,6542
temporal_tabular_small_ft_warmstart_er_train,validation,2011-04-29,-0.04351687227941698,6561
temporal_tabular_small_ft_warmstart_er_train,validation,2011-05-31,0.03174772586693723,6593
temporal_tabular_small_ft_warmstart_er_train,validation,2011-06-30,-0.06110420751373406,6612
temporal_tabular_small_ft_warmstart_er_train,validation,2011-07-29,-0.13960501390778596,6621
temporal_tabular_small_ft_warmstart_er_train,validation,2011-08-31,-0.11723494352181826,6621
temporal_tabular_small_ft_warmstart_er_train,validation,2011-09-30,0.25468472440550743,6627
temporal_tabular_small_ft_warmstart_er_train,validation,2011-10-31,0.04816598391152351,6612
temporal_tabular_small_ft_warmstart_er_train,validation,2011-11-30,-0.03251955540857104,6610
temporal_tabular_small_ft_warmstart_er_train,validation,2011-12-30,0.09351423285189575,6604
temporal_tabular_small_ft_warmstart_er_train,validation,2012-01-31,0.11266444247918367,6625
temporal_tabular_small_ft_warmstart_er_train,validation,2012-02-29,0.11562901847199185,6651
temporal_tabular_small_ft_warmstart_er_train,validation,2012-03-30,-0.05516099135617816,6663
temporal_tabular_small_ft_warmstart_er_train,validation,2012-04-30,-0.1429433337791423,6681
temporal_tabular_small_ft_warmstart_er_train,validation,2012-05-31,0.1042243987857154,6689
temporal_tabular_small_ft_warmstart_er_train,validation,2012-06-29,-0.042343479751260155,6667
temporal_tabular_small_ft_warmstart_er_train,validation,2012-07-31,0.122166557730029,6669
temporal_tabular_small_ft_warmstart_er_train,validation,2012-08-31,0.09639160816646125,6638
temporal_tabular_small_ft_warmstart_er_train,validation,2012-09-28,0.03765769256554753,6610
temporal_tabular_small_ft_warmstart_er_train,validation,2012-10-31,0.05606671540066126,6592
temporal_tabular_small_ft_warmstart_er_train,validation,2012-11-30,0.2039344530345618,6587
temporal_tabular_small_ft_warmstart_er_train,validation,2012-12-31,0.10164744330347346,6581
temporal_tabular_small_ft_warmstart_er_train,validation,2013-01-31,0.07653062400323005,6571
temporal_tabular_small_ft_warmstart_er_train,validation,2013-02-28,0.12565659099923876,6574
temporal_tabular_small_ft_warmstart_er_train,validation,2013-03-28,-0.0625066522285677,6551
temporal_tabular_small_ft_warmstart_er_train,validation,2013-04-30,0.1976034431373513,6563
temporal_tabular_small_ft_warmstart_er_train,validation,2013-05-31,0.1029994727207002,6583
temporal_tabular_small_ft_warmstart_er_train,validation,2013-06-28,0.12029454850115379,6602
temporal_tabular_small_ft_warmstart_er_train,validation,2013-07-31,-0.023654171510638228,6626
temporal_tabular_small_ft_warmstart_er_train,validation,2013-08-30,0.15297923054264048,6645
temporal_tabular_small_ft_warmstart_er_train,validation,2013-09-30,0.11317953362089804,6657
temporal_tabular_small_ft_warmstart_er_train,validation,2013-10-31,0.14965358215687652,6688
temporal_tabular_small_ft_warmstart_er_train,validation,2013-11-29,0.0533109342367915,6714
temporal_tabular_small_ft_warmstart_er_train,validation,2013-12-31,-0.1661767092753737,6716
temporal_tabular_small_ft_warmstart_er_train,validation,2014-01-31,0.03836518720591555,6746
temporal_tabular_small_ft_warmstart_er_train,validation,2014-02-28,0.06059122462326724,6767
temporal_tabular_small_ft_warmstart_er_train,validation,2014-03-31,-0.03174259777529262,6793
temporal_tabular_small_ft_warmstart_er_train,validation,2014-04-30,0.05079137045187978,6815
temporal_tabular_small_ft_warmstart_er_train,validation,2014-05-30,0.06438995272959201,6849
temporal_tabular_small_ft_warmstart_er_train,validation,2014-06-30,-0.03721468870048383,6886
temporal_tabular_small_ft_warmstart_er_train,validation,2014-07-31,0.11706324597380974,6922
temporal_tabular_small_ft_warmstart_er_train,validation,2014-08-29,-0.039830414241977065,6946
temporal_tabular_small_ft_warmstart_er_train,validation,2014-09-30,0.1873242841674124,6951
temporal_tabular_small_ft_warmstart_er_train,validation,2014-10-31,0.03807623467256287,6977
temporal_tabular_small_ft_warmstart_er_train,validation,2014-11-28,0.17066598732587865,7001
temporal_tabular_small_ft_warmstart_er_train,validation,2014-12-31,-0.08586857181972118,6993
temporal_tabular_small_ft_warmstart_er_train,validation,2015-01-30,0.07705705637361941,6981
temporal_tabular_small_ft_warmstart_er_train,validation,2015-02-27,0.16120229134575126,6995
temporal_tabular_small_ft_warmstart_er_train,validation,2015-03-31,-0.11236390720183051,7000
temporal_tabular_small_ft_warmstart_er_train,validation,2015-04-30,0.0960039047623374,7028
temporal_tabular_small_ft_warmstart_er_train,validation,2015-05-29,0.1348880003503261,7048
temporal_tabular_small_ft_warmstart_er_train,validation,2015-06-30,0.046043753981452606,7085
temporal_tabular_small_ft_warmstart_er_train,validation,2015-07-31,-0.04287958012492073,7140
temporal_tabular_small_ft_warmstart_er_train,validation,2015-08-31,0.03991037051087274,7146
temporal_tabular_small_ft_warmstart_er_train,validation,2015-09-30,0.08808830795892376,7146
temporal_tabular_small_ft_warmstart_er_train,validation,2015-10-30,0.10096818120308668,7151
temporal_tabular_small_ft_warmstart_er_train,validation,2015-11-30,-0.032555081772043165,7177
temporal_tabular_small_mlp_branch_classifier,test,2015-12-31,0.30610293502038355,7175
temporal_tabular_small_mlp_branch_classifier,test,2016-01-29,0.06422451292263312,7146
temporal_tabular_small_mlp_branch_classifier,test,2016-02-29,-0.08552355031775286,7134
temporal_tabular_small_mlp_branch_classifier,test,2016-03-31,-0.15845091638140554,7115
temporal_tabular_small_mlp_branch_classifier,test,2016-04-29,0.13762756354551312,7106
temporal_tabular_small_mlp_branch_classifier,test,2016-05-31,0.1501681998194552,7115
temporal_tabular_small_mlp_branch_classifier,test,2016-06-30,-0.022238787258899727,7119
temporal_tabular_small_mlp_branch_classifier,test,2016-07-29,0.011701213328339193,7119
temporal_tabular_small_mlp_branch_classifier,test,2016-08-31,-0.04200815752309259,7082
temporal_tabular_small_mlp_branch_classifier,test,2016-09-30,0.20804531887472297,7090
temporal_tabular_small_mlp_branch_classifier,test,2016-10-31,0.14626251564001347,7107
temporal_tabular_small_mlp_branch_classifier,test,2016-11-30,0.22078894923606843,7096
temporal_tabular_small_mlp_branch_classifier,test,2016-12-30,-0.08553234238127305,7108
temporal_tabular_small_mlp_branch_classifier,test,2017-01-31,0.11674637790117193,7126
temporal_tabular_small_mlp_branch_classifier,test,2017-02-28,0.023103917019123607,7109
temporal_tabular_small_mlp_branch_classifier,test,2017-03-31,0.17989175682363992,7110
temporal_tabular_small_mlp_branch_classifier,test,2017-04-28,0.11351163733067568,7129
temporal_tabular_small_mlp_branch_classifier,test,2017-05-31,0.0537501572098029,7144
temporal_tabular_small_mlp_branch_classifier,test,2017-06-30,0.13227184425679708,7146
temporal_tabular_small_mlp_branch_classifier,test,2017-07-31,0.10487680521057342,7157
temporal_tabular_small_mlp_branch_classifier,test,2017-08-31,0.04339069101433505,7132
temporal_tabular_small_mlp_branch_classifier,test,2017-09-29,0.20508694804556804,7116
temporal_tabular_small_mlp_branch_classifier,test,2017-10-31,0.06917579098320137,7152
temporal_tabular_small_mlp_branch_classifier,test,2017-11-30,0.026628179954217606,7206
temporal_tabular_small_mlp_branch_classifier,test,2017-12-29,0.09873126360050725,7205
temporal_tabular_small_mlp_branch_classifier,test,2018-01-31,-0.019042146919574676,7242
temporal_tabular_small_mlp_branch_classifier,test,2018-02-28,0.05962025476488436,7264
temporal_tabular_small_mlp_branch_classifier,test,2018-03-29,0.02341022902126899,7211
temporal_tabular_small_mlp_branch_classifier,test,2018-04-30,-0.03714476597039874,7258
temporal_tabular_small_mlp_branch_classifier,test,2018-05-31,0.049043980358291855,7270
temporal_tabular_small_mlp_branch_classifier,test,2018-06-29,0.19075433314664664,7322
temporal_tabular_small_mlp_branch_classifier,test,2018-07-31,0.04844677262239126,7355
temporal_tabular_small_mlp_branch_classifier,test,2018-08-31,0.05396578436151223,7344
temporal_tabular_small_mlp_branch_classifier,test,2018-09-28,0.10985833148333432,7373
temporal_tabular_small_mlp_branch_classifier,test,2018-10-31,0.17581675991072745,7413
temporal_tabular_small_mlp_branch_classifier,test,2018-11-30,0.19645955906143694,7412
temporal_tabular_small_mlp_branch_classifier,test,2018-12-31,-0.17377977051449245,7407
temporal_tabular_small_mlp_branch_classifier,test,2019-01-31,0.013491573951699252,7408
temporal_tabular_small_mlp_branch_classifier,test,2019-02-28,0.02485189255763123,7390
temporal_tabular_small_mlp_branch_classifier,test,2019-03-29,0.1767488924485122,7390
temporal_tabular_small_mlp_branch_classifier,test,2019-04-30,0.07256958884059955,7396
temporal_tabular_small_mlp_branch_classifier,test,2019-05-31,0.15432693253492977,7458
temporal_tabular_small_mlp_branch_classifier,test,2019-06-28,0.18843864611360323,7471
temporal_tabular_small_mlp_branch_classifier,test,2019-07-31,0.11837995235557097,7494
temporal_tabular_small_mlp_branch_classifier,test,2019-08-30,0.10572027997745781,7486
temporal_tabular_small_mlp_branch_classifier,test,2019-09-30,0.11943234869316316,7500
temporal_tabular_small_mlp_branch_classifier,test,2019-10-31,0.03810409425175769,7504
temporal_tabular_small_mlp_branch_classifier,test,2019-11-29,-0.027365100505973322,7501
temporal_tabular_small_mlp_branch_classifier,test,2019-12-31,-0.008688502782062657,7500
temporal_tabular_small_mlp_branch_classifier,test,2020-01-31,-0.05873042295074641,7506
temporal_tabular_small_mlp_branch_classifier,test,2020-02-28,0.033355928818129404,7506
temporal_tabular_small_mlp_branch_classifier,test,2020-03-31,-0.0764899037188289,7475
temporal_tabular_small_mlp_branch_classifier,test,2020-04-30,-0.005827817354017807,7480
temporal_tabular_small_mlp_branch_classifier,test,2020-05-29,-0.11054484917449335,7473
temporal_tabular_small_mlp_branch_classifier,test,2020-06-30,0.12232023199582735,7519
temporal_tabular_small_mlp_branch_classifier,test,2020-07-31,0.09748811211578068,7547
temporal_tabular_small_mlp_branch_classifier,test,2020-08-31,0.09675947555650809,7574
temporal_tabular_small_mlp_branch_classifier,test,2020-09-30,0.131484297981616,7628
temporal_tabular_small_mlp_branch_classifier,test,2020-10-30,-0.1863381428921499,7701
temporal_tabular_small_mlp_branch_classifier,test,2020-11-30,0.0022130612788923013,7773
temporal_tabular_small_mlp_branch_classifier,test,2020-12-31,-0.21546931232904215,7875
temporal_tabular_small_mlp_branch_classifier,test,2021-01-29,0.02664334346530648,7964
temporal_tabular_small_mlp_branch_classifier,test,2021-02-26,0.26854220528572387,8055
temporal_tabular_small_mlp_branch_classifier,test,2021-03-31,0.23773559671242678,8212
temporal_tabular_small_mlp_branch_classifier,test,2021-04-30,0.21016041545948763,8360
temporal_tabular_small_mlp_branch_classifier,test,2021-05-28,-0.16018534798850678,8479
temporal_tabular_small_mlp_branch_classifier,test,2021-06-30,0.3614092211449443,8587
temporal_tabular_small_mlp_branch_classifier,test,2021-07-30,0.10585881859557106,8722
temporal_tabular_small_mlp_branch_classifier,test,2021-08-31,0.08241378063927782,8776
temporal_tabular_small_mlp_branch_classifier,test,2021-09-30,0.2870049402407045,8872
temporal_tabular_small_mlp_branch_classifier,test,2021-10-29,0.25601014267172156,8968
temporal_tabular_small_mlp_branch_classifier,test,2021-11-30,0.44888110473757403,9068
temporal_tabular_small_mlp_branch_classifier,test,2021-12-31,0.2374572889054847,9189
temporal_tabular_small_mlp_branch_classifier,test,2022-01-31,0.09320685571113416,9272
temporal_tabular_small_mlp_branch_classifier,test,2022-02-28,0.056736358761791186,9347
temporal_tabular_small_mlp_branch_classifier,test,2022-03-31,0.3214226450921973,9382
temporal_tabular_small_mlp_branch_classifier,test,2022-04-29,0.2634088854682917,9421
temporal_tabular_small_mlp_branch_classifier,test,2022-05-31,-0.00412369180501039,9432
temporal_tabular_small_mlp_branch_classifier,test,2022-06-30,0.046423509377712995,9457
temporal_tabular_small_mlp_branch_classifier,test,2022-07-29,-0.0042374101544665,9458
temporal_tabular_small_mlp_branch_classifier,test,2022-08-31,0.20052758440558882,9469
temporal_tabular_small_mlp_branch_classifier,test,2022-09-30,0.310651693108218,9495
temporal_tabular_small_mlp_branch_classifier,test,2022-10-31,0.19235618002724192,9483
temporal_tabular_small_mlp_branch_classifier,test,2022-11-30,0.1416928547816443,9465
temporal_tabular_small_mlp_branch_classifier,test,2022-12-30,-0.2169641528497545,9402
temporal_tabular_small_mlp_branch_classifier,test,2023-01-31,0.20723760569096059,9376
temporal_tabular_small_mlp_branch_classifier,test,2023-02-28,0.1643948691454208,9352
temporal_tabular_small_mlp_branch_classifier,test,2023-03-31,0.12362325219584462,9324
temporal_tabular_small_mlp_branch_classifier,test,2023-04-28,-0.07187673786518929,9298
temporal_tabular_small_mlp_branch_classifier,test,2023-05-31,0.12409650776032521,9304
temporal_tabular_small_mlp_branch_classifier,test,2023-06-30,0.07950238093397183,9291
temporal_tabular_small_mlp_branch_classifier,test,2023-07-31,0.2413106538607191,9265
temporal_tabular_small_mlp_branch_classifier,test,2023-08-31,0.23508649414649732,9278
temporal_tabular_small_mlp_branch_classifier,test,2023-09-29,0.19340074456714415,9318
temporal_tabular_small_mlp_branch_classifier,test,2023-10-31,0.07655571073228445,9331
temporal_tabular_small_mlp_branch_classifier,test,2023-11-30,-0.03866756149348993,9327
temporal_tabular_small_mlp_branch_classifier,test,2023-12-29,0.14714573520198096,9309
temporal_tabular_small_mlp_branch_classifier,test,2024-01-31,0.05587964296018613,9367
temporal_tabular_small_mlp_branch_classifier,test,2024-02-29,0.2400395378416016,9327
temporal_tabular_small_mlp_branch_classifier,test,2024-03-28,0.11973509051631268,9334
temporal_tabular_small_mlp_branch_classifier,test,2024-04-30,0.15119789155951716,9344
temporal_tabular_small_mlp_branch_classifier,test,2024-05-31,0.1358566443523971,9372
temporal_tabular_small_mlp_branch_classifier,test,2024-06-28,0.14240809227065707,9404
temporal_tabular_small_mlp_branch_classifier,test,2024-07-31,0.201330281269416,9436
temporal_tabular_small_mlp_branch_classifier,test,2024-08-30,0.111978173374156,9439
temporal_tabular_small_mlp_branch_classifier,test,2024-09-30,0.06407408924888523,9542
temporal_tabular_small_mlp_branch_classifier,test,2024-10-31,0.17153437430339952,9583
temporal_tabular_small_mlp_branch_classifier,validation,2010-12-31,0.04044423954678718,6508
temporal_tabular_small_mlp_branch_classifier,validation,2011-01-31,0.12973759323212267,6534
temporal_tabular_small_mlp_branch_classifier,validation,2011-02-28,0.17156570246393754,6533
temporal_tabular_small_mlp_branch_classifier,validation,2011-03-31,0.14047785715790667,6542
temporal_tabular_small_mlp_branch_classifier,validation,2011-04-29,0.06738640812542739,6561
temporal_tabular_small_mlp_branch_classifier,validation,2011-05-31,0.15281062601340337,6593
temporal_tabular_small_mlp_branch_classifier,validation,2011-06-30,-0.034024678202723334,6612
temporal_tabular_small_mlp_branch_classifier,validation,2011-07-29,0.14220593763691416,6621
temporal_tabular_small_mlp_branch_classifier,validation,2011-08-31,0.09841374288335018,6621
temporal_tabular_small_mlp_branch_classifier,validation,2011-09-30,0.10681503863563002,6627
temporal_tabular_small_mlp_branch_classifier,validation,2011-10-31,0.2555356678802128,6612
temporal_tabular_small_mlp_branch_classifier,validation,2011-11-30,0.1759753729854907,6610
temporal_tabular_small_mlp_branch_classifier,validation,2011-12-30,-0.15146614312191806,6604
temporal_tabular_small_mlp_branch_classifier,validation,2012-01-31,-0.018834140265625153,6625
temporal_tabular_small_mlp_branch_classifier,validation,2012-02-29,0.10142345278606502,6651
temporal_tabular_small_mlp_branch_classifier,validation,2012-03-30,0.12576683725569324,6663
temporal_tabular_small_mlp_branch_classifier,validation,2012-04-30,0.04918363569987562,6681
temporal_tabular_small_mlp_branch_classifier,validation,2012-05-31,0.06595327957355052,6689
temporal_tabular_small_mlp_branch_classifier,validation,2012-06-29,0.1658779806610509,6667
temporal_tabular_small_mlp_branch_classifier,validation,2012-07-31,0.03792023682761522,6669
temporal_tabular_small_mlp_branch_classifier,validation,2012-08-31,0.015094838603717986,6638
temporal_tabular_small_mlp_branch_classifier,validation,2012-09-28,0.14370543178552556,6610
temporal_tabular_small_mlp_branch_classifier,validation,2012-10-31,0.11392557604979592,6592
temporal_tabular_small_mlp_branch_classifier,validation,2012-11-30,0.05028315203079521,6587
temporal_tabular_small_mlp_branch_classifier,validation,2012-12-31,0.07546603143972028,6581
temporal_tabular_small_mlp_branch_classifier,validation,2013-01-31,0.15811490339141945,6571
temporal_tabular_small_mlp_branch_classifier,validation,2013-02-28,0.15175811572329445,6574
temporal_tabular_small_mlp_branch_classifier,validation,2013-03-28,0.08272205337428921,6551
temporal_tabular_small_mlp_branch_classifier,validation,2013-04-30,0.055863468253045515,6563
temporal_tabular_small_mlp_branch_classifier,validation,2013-05-31,0.11548607084589892,6583
temporal_tabular_small_mlp_branch_classifier,validation,2013-06-28,0.08255633206656755,6602
temporal_tabular_small_mlp_branch_classifier,validation,2013-07-31,-0.08254129377742034,6626
temporal_tabular_small_mlp_branch_classifier,validation,2013-08-30,0.10618561416992557,6645
temporal_tabular_small_mlp_branch_classifier,validation,2013-09-30,0.20901047326787411,6657
temporal_tabular_small_mlp_branch_classifier,validation,2013-10-31,0.0819147144698418,6688
temporal_tabular_small_mlp_branch_classifier,validation,2013-11-29,0.05073862733107694,6714
temporal_tabular_small_mlp_branch_classifier,validation,2013-12-31,-0.1781575729721382,6716
temporal_tabular_small_mlp_branch_classifier,validation,2014-01-31,0.04118125079716161,6746
temporal_tabular_small_mlp_branch_classifier,validation,2014-02-28,0.1441335376465331,6767
temporal_tabular_small_mlp_branch_classifier,validation,2014-03-31,0.20606856079147357,6793
temporal_tabular_small_mlp_branch_classifier,validation,2014-04-30,0.15482912617494812,6815
temporal_tabular_small_mlp_branch_classifier,validation,2014-05-30,0.007155659408911928,6849
temporal_tabular_small_mlp_branch_classifier,validation,2014-06-30,0.0730713844204741,6886
temporal_tabular_small_mlp_branch_classifier,validation,2014-07-31,0.15824015386806758,6922
temporal_tabular_small_mlp_branch_classifier,validation,2014-08-29,0.04677067326777414,6946
temporal_tabular_small_mlp_branch_classifier,validation,2014-09-30,0.26258189408847105,6951
temporal_tabular_small_mlp_branch_classifier,validation,2014-10-31,0.15708483825475592,6977
temporal_tabular_small_mlp_branch_classifier,validation,2014-11-28,0.11712447941070477,7001
temporal_tabular_small_mlp_branch_classifier,validation,2014-12-31,0.10857371023678426,6993
temporal_tabular_small_mlp_branch_classifier,validation,2015-01-30,-0.09687130489280149,6981
temporal_tabular_small_mlp_branch_classifier,validation,2015-02-27,0.1848590904227306,6995
temporal_tabular_small_mlp_branch_classifier,validation,2015-03-31,-0.13169879195561626,7000
temporal_tabular_small_mlp_branch_classifier,validation,2015-04-30,0.043160265569105856,7028
temporal_tabular_small_mlp_branch_classifier,validation,2015-05-29,0.09932241606239772,7048
temporal_tabular_small_mlp_branch_classifier,validation,2015-06-30,0.2640324399907927,7085
temporal_tabular_small_mlp_branch_classifier,validation,2015-07-31,0.11170034593503153,7140
temporal_tabular_small_mlp_branch_classifier,validation,2015-08-31,0.2926512864869362,7146
temporal_tabular_small_mlp_branch_classifier,validation,2015-09-30,0.020107926580767686,7146
temporal_tabular_small_mlp_branch_classifier,validation,2015-10-30,-0.020971412624986925,7151
temporal_tabular_small_mlp_branch_classifier,validation,2015-11-30,0.17432063989443078,7177
temporal_tabular_small_mlp_branch_er_train,test,2015-12-31,0.07808693288405158,7175
temporal_tabular_small_mlp_branch_er_train,test,2016-01-29,0.06538060194508842,7146
temporal_tabular_small_mlp_branch_er_train,test,2016-02-29,-0.012416960490437475,7134
temporal_tabular_small_mlp_branch_er_train,test,2016-03-31,-0.04905893837382185,7115
temporal_tabular_small_mlp_branch_er_train,test,2016-04-29,0.06677433624146133,7106
temporal_tabular_small_mlp_branch_er_train,test,2016-05-31,0.1061024823225922,7115
temporal_tabular_small_mlp_branch_er_train,test,2016-06-30,0.08424956500600522,7119
temporal_tabular_small_mlp_branch_er_train,test,2016-07-29,0.040716182138343764,7119
temporal_tabular_small_mlp_branch_er_train,test,2016-08-31,0.022254663306563973,7082
temporal_tabular_small_mlp_branch_er_train,test,2016-09-30,0.07493907801428394,7090
temporal_tabular_small_mlp_branch_er_train,test,2016-10-31,0.24556418182681297,7107
temporal_tabular_small_mlp_branch_er_train,test,2016-11-30,0.1684825403341397,7096
temporal_tabular_small_mlp_branch_er_train,test,2016-12-30,-0.0839264386123474,7108
temporal_tabular_small_mlp_branch_er_train,test,2017-01-31,0.04602982922717628,7126
temporal_tabular_small_mlp_branch_er_train,test,2017-02-28,-0.020843068414218017,7109
temporal_tabular_small_mlp_branch_er_train,test,2017-03-31,0.09552821193887909,7110
temporal_tabular_small_mlp_branch_er_train,test,2017-04-28,-0.021687564024348464,7129
temporal_tabular_small_mlp_branch_er_train,test,2017-05-31,0.10727333130575895,7144
temporal_tabular_small_mlp_branch_er_train,test,2017-06-30,0.05074894960519316,7146
temporal_tabular_small_mlp_branch_er_train,test,2017-07-31,0.053423927988942084,7157
temporal_tabular_small_mlp_branch_er_train,test,2017-08-31,0.16232633386846032,7132
temporal_tabular_small_mlp_branch_er_train,test,2017-09-29,0.12840582010937546,7116
temporal_tabular_small_mlp_branch_er_train,test,2017-10-31,0.08373347752685903,7152
temporal_tabular_small_mlp_branch_er_train,test,2017-11-30,0.00015115122201166215,7206
temporal_tabular_small_mlp_branch_er_train,test,2017-12-29,0.09171336044142588,7205
temporal_tabular_small_mlp_branch_er_train,test,2018-01-31,-0.05997670698416553,7242
temporal_tabular_small_mlp_branch_er_train,test,2018-02-28,0.08392933553052595,7264
temporal_tabular_small_mlp_branch_er_train,test,2018-03-29,0.04796268638168252,7211
temporal_tabular_small_mlp_branch_er_train,test,2018-04-30,0.07191615446502435,7258
temporal_tabular_small_mlp_branch_er_train,test,2018-05-31,0.05829079974463683,7270
temporal_tabular_small_mlp_branch_er_train,test,2018-06-29,0.09277951083400432,7322
temporal_tabular_small_mlp_branch_er_train,test,2018-07-31,0.06604900337033599,7355
temporal_tabular_small_mlp_branch_er_train,test,2018-08-31,-0.038397696801247064,7344
temporal_tabular_small_mlp_branch_er_train,test,2018-09-28,-0.06947768339827336,7373
temporal_tabular_small_mlp_branch_er_train,test,2018-10-31,0.07378913719232293,7413
temporal_tabular_small_mlp_branch_er_train,test,2018-11-30,-0.03971400080198224,7412
temporal_tabular_small_mlp_branch_er_train,test,2018-12-31,0.01176104537832083,7407
temporal_tabular_small_mlp_branch_er_train,test,2019-01-31,0.08548402389682175,7408
temporal_tabular_small_mlp_branch_er_train,test,2019-02-28,-0.0976272464853761,7390
temporal_tabular_small_mlp_branch_er_train,test,2019-03-29,0.12061663461598052,7390
temporal_tabular_small_mlp_branch_er_train,test,2019-04-30,-0.08612359060985263,7396
temporal_tabular_small_mlp_branch_er_train,test,2019-05-31,0.19213653591741991,7458
temporal_tabular_small_mlp_branch_er_train,test,2019-06-28,0.14109811338996497,7471
temporal_tabular_small_mlp_branch_er_train,test,2019-07-31,-0.08768525845615883,7494
temporal_tabular_small_mlp_branch_er_train,test,2019-08-30,0.14076995143670326,7486
temporal_tabular_small_mlp_branch_er_train,test,2019-09-30,0.08277515085772578,7500
temporal_tabular_small_mlp_branch_er_train,test,2019-10-31,0.07741667725692401,7504
temporal_tabular_small_mlp_branch_er_train,test,2019-11-29,0.001430613407090861,7501
temporal_tabular_small_mlp_branch_er_train,test,2019-12-31,-0.10815529980524924,7500
temporal_tabular_small_mlp_branch_er_train,test,2020-01-31,-0.13996367876769233,7506
temporal_tabular_small_mlp_branch_er_train,test,2020-02-28,-0.1642404123414628,7506
temporal_tabular_small_mlp_branch_er_train,test,2020-03-31,0.13748697568853682,7475
temporal_tabular_small_mlp_branch_er_train,test,2020-04-30,0.006016593101709223,7480
temporal_tabular_small_mlp_branch_er_train,test,2020-05-29,-0.003960403880143847,7473
temporal_tabular_small_mlp_branch_er_train,test,2020-06-30,0.026336822889086575,7519
temporal_tabular_small_mlp_branch_er_train,test,2020-07-31,0.10434249764155137,7547
temporal_tabular_small_mlp_branch_er_train,test,2020-08-31,-0.013026950839607235,7574
temporal_tabular_small_mlp_branch_er_train,test,2020-09-30,0.13669755469695918,7628
temporal_tabular_small_mlp_branch_er_train,test,2020-10-30,0.021015437054953554,7701
temporal_tabular_small_mlp_branch_er_train,test,2020-11-30,0.07386447167883403,7773
temporal_tabular_small_mlp_branch_er_train,test,2020-12-31,-0.1242125523331963,7875
temporal_tabular_small_mlp_branch_er_train,test,2021-01-29,0.12046951688584419,7964
temporal_tabular_small_mlp_branch_er_train,test,2021-02-26,0.2031088513091545,8055
temporal_tabular_small_mlp_branch_er_train,test,2021-03-31,0.21435106480163812,8212
temporal_tabular_small_mlp_branch_er_train,test,2021-04-30,0.16032329391852868,8360
temporal_tabular_small_mlp_branch_er_train,test,2021-05-28,-0.1487049284128386,8479
temporal_tabular_small_mlp_branch_er_train,test,2021-06-30,0.2097682478832407,8587
temporal_tabular_small_mlp_branch_er_train,test,2021-07-30,0.05127679717653642,8722
temporal_tabular_small_mlp_branch_er_train,test,2021-08-31,0.07162373468009002,8776
temporal_tabular_small_mlp_branch_er_train,test,2021-09-30,0.27506822085376953,8872
temporal_tabular_small_mlp_branch_er_train,test,2021-10-29,0.17481494821362836,8968
temporal_tabular_small_mlp_branch_er_train,test,2021-11-30,0.3750400098953456,9068
temporal_tabular_small_mlp_branch_er_train,test,2021-12-31,0.1597922808000605,9189
temporal_tabular_small_mlp_branch_er_train,test,2022-01-31,0.14807584658836187,9272
temporal_tabular_small_mlp_branch_er_train,test,2022-02-28,0.04674548281013803,9347
temporal_tabular_small_mlp_branch_er_train,test,2022-03-31,0.15891664377569742,9382
temporal_tabular_small_mlp_branch_er_train,test,2022-04-29,0.13339066967183474,9421
temporal_tabular_small_mlp_branch_er_train,test,2022-05-31,-0.11628443925669593,9432
temporal_tabular_small_mlp_branch_er_train,test,2022-06-30,0.10877690876843525,9457
temporal_tabular_small_mlp_branch_er_train,test,2022-07-29,0.041915913062099144,9458
temporal_tabular_small_mlp_branch_er_train,test,2022-08-31,-0.017620255160952177,9469
temporal_tabular_small_mlp_branch_er_train,test,2022-09-30,0.2941283425408491,9495
temporal_tabular_small_mlp_branch_er_train,test,2022-10-31,0.053758202086737907,9483
temporal_tabular_small_mlp_branch_er_train,test,2022-11-30,0.035547211476625165,9465
temporal_tabular_small_mlp_branch_er_train,test,2022-12-30,0.009936660096720484,9402
temporal_tabular_small_mlp_branch_er_train,test,2023-01-31,0.11890851977149462,9376
temporal_tabular_small_mlp_branch_er_train,test,2023-02-28,-0.003367105145245834,9352
temporal_tabular_small_mlp_branch_er_train,test,2023-03-31,-0.014905606510682368,9324
temporal_tabular_small_mlp_branch_er_train,test,2023-04-28,-0.07918340204947052,9298
temporal_tabular_small_mlp_branch_er_train,test,2023-05-31,0.2204088247871451,9304
temporal_tabular_small_mlp_branch_er_train,test,2023-06-30,0.16290525161618322,9291
temporal_tabular_small_mlp_branch_er_train,test,2023-07-31,0.09109560241417486,9265
temporal_tabular_small_mlp_branch_er_train,test,2023-08-31,0.14203476918841537,9278
temporal_tabular_small_mlp_branch_er_train,test,2023-09-29,0.011318489615058476,9318
temporal_tabular_small_mlp_branch_er_train,test,2023-10-31,0.11950527528145236,9331
temporal_tabular_small_mlp_branch_er_train,test,2023-11-30,0.11612589817460117,9327
temporal_tabular_small_mlp_branch_er_train,test,2023-12-29,-0.014476438108292789,9309
temporal_tabular_small_mlp_branch_er_train,test,2024-01-31,0.043908041734182945,9367
temporal_tabular_small_mlp_branch_er_train,test,2024-02-29,0.2088603279690952,9327
temporal_tabular_small_mlp_branch_er_train,test,2024-03-28,0.007517183562019143,9334
temporal_tabular_small_mlp_branch_er_train,test,2024-04-30,0.14556283816923585,9344
temporal_tabular_small_mlp_branch_er_train,test,2024-05-31,0.008372243863549065,9372
temporal_tabular_small_mlp_branch_er_train,test,2024-06-28,0.1999629597409201,9404
temporal_tabular_small_mlp_branch_er_train,test,2024-07-31,0.0449438062333399,9436
temporal_tabular_small_mlp_branch_er_train,test,2024-08-30,0.10035681627783803,9439
temporal_tabular_small_mlp_branch_er_train,test,2024-09-30,0.06755826056917237,9542
temporal_tabular_small_mlp_branch_er_train,test,2024-10-31,0.21945986129685724,9583
temporal_tabular_small_mlp_branch_er_train,validation,2010-12-31,0.01102834010595543,6508
temporal_tabular_small_mlp_branch_er_train,validation,2011-01-31,0.16126342520154904,6534
temporal_tabular_small_mlp_branch_er_train,validation,2011-02-28,0.1252197041322155,6533
temporal_tabular_small_mlp_branch_er_train,validation,2011-03-31,0.0446864840510874,6542
temporal_tabular_small_mlp_branch_er_train,validation,2011-04-29,-0.09294356672203974,6561
temporal_tabular_small_mlp_branch_er_train,validation,2011-05-31,0.013642811766708906,6593
temporal_tabular_small_mlp_branch_er_train,validation,2011-06-30,-0.07080005154551035,6612
temporal_tabular_small_mlp_branch_er_train,validation,2011-07-29,-0.1467156452971631,6621
temporal_tabular_small_mlp_branch_er_train,validation,2011-08-31,-0.13459445294701233,6621
temporal_tabular_small_mlp_branch_er_train,validation,2011-09-30,0.2690259010025959,6627
temporal_tabular_small_mlp_branch_er_train,validation,2011-10-31,0.09270121184894957,6612
temporal_tabular_small_mlp_branch_er_train,validation,2011-11-30,0.021254457929633735,6610
temporal_tabular_small_mlp_branch_er_train,validation,2011-12-30,0.04866182059259899,6604
temporal_tabular_small_mlp_branch_er_train,validation,2012-01-31,0.03054369167926678,6625
temporal_tabular_small_mlp_branch_er_train,validation,2012-02-29,0.1248131342406138,6651
temporal_tabular_small_mlp_branch_er_train,validation,2012-03-30,-0.037529050125394176,6663
temporal_tabular_small_mlp_branch_er_train,validation,2012-04-30,-0.1500997116360605,6681
temporal_tabular_small_mlp_branch_er_train,validation,2012-05-31,0.050589002146081315,6689
temporal_tabular_small_mlp_branch_er_train,validation,2012-06-29,-0.02036391924196048,6667
temporal_tabular_small_mlp_branch_er_train,validation,2012-07-31,0.09529885057510278,6669
temporal_tabular_small_mlp_branch_er_train,validation,2012-08-31,0.059882714802446675,6638
temporal_tabular_small_mlp_branch_er_train,validation,2012-09-28,0.0145278322872381,6610
temporal_tabular_small_mlp_branch_er_train,validation,2012-10-31,0.04892132750491178,6592
temporal_tabular_small_mlp_branch_er_train,validation,2012-11-30,0.1306110753767077,6587
temporal_tabular_small_mlp_branch_er_train,validation,2012-12-31,0.13087699672381395,6581
temporal_tabular_small_mlp_branch_er_train,validation,2013-01-31,0.11029568085502658,6571
temporal_tabular_small_mlp_branch_er_train,validation,2013-02-28,0.16879096555512982,6574
temporal_tabular_small_mlp_branch_er_train,validation,2013-03-28,-0.0670874897317316,6551
temporal_tabular_small_mlp_branch_er_train,validation,2013-04-30,0.23906744701423446,6563
temporal_tabular_small_mlp_branch_er_train,validation,2013-05-31,0.13675503290886523,6583
temporal_tabular_small_mlp_branch_er_train,validation,2013-06-28,0.18849378325497987,6602
temporal_tabular_small_mlp_branch_er_train,validation,2013-07-31,-0.05610034261180899,6626
temporal_tabular_small_mlp_branch_er_train,validation,2013-08-30,0.16063828481966735,6645
temporal_tabular_small_mlp_branch_er_train,validation,2013-09-30,0.12608192289856796,6657
temporal_tabular_small_mlp_branch_er_train,validation,2013-10-31,0.17983713058669348,6688
temporal_tabular_small_mlp_branch_er_train,validation,2013-11-29,0.08161527872304675,6714
temporal_tabular_small_mlp_branch_er_train,validation,2013-12-31,-0.2235732924259145,6716
temporal_tabular_small_mlp_branch_er_train,validation,2014-01-31,0.06646913405702101,6746
temporal_tabular_small_mlp_branch_er_train,validation,2014-02-28,0.040635976809664465,6767
temporal_tabular_small_mlp_branch_er_train,validation,2014-03-31,-0.06480754719229062,6793
temporal_tabular_small_mlp_branch_er_train,validation,2014-04-30,0.04119007963783438,6815
temporal_tabular_small_mlp_branch_er_train,validation,2014-05-30,0.09714075952496067,6849
temporal_tabular_small_mlp_branch_er_train,validation,2014-06-30,-0.08398131671478809,6886
temporal_tabular_small_mlp_branch_er_train,validation,2014-07-31,0.15714658686828736,6922
temporal_tabular_small_mlp_branch_er_train,validation,2014-08-29,-0.09716678389771972,6946
temporal_tabular_small_mlp_branch_er_train,validation,2014-09-30,0.1914992953938758,6951
temporal_tabular_small_mlp_branch_er_train,validation,2014-10-31,0.04731659948524256,6977
temporal_tabular_small_mlp_branch_er_train,validation,2014-11-28,0.17688728952951285,7001
temporal_tabular_small_mlp_branch_er_train,validation,2014-12-31,-0.05457448197068905,6993
temporal_tabular_small_mlp_branch_er_train,validation,2015-01-30,0.005776752306006608,6981
temporal_tabular_small_mlp_branch_er_train,validation,2015-02-27,0.16900157286751374,6995
temporal_tabular_small_mlp_branch_er_train,validation,2015-03-31,-0.15565619176350773,7000
temporal_tabular_small_mlp_branch_er_train,validation,2015-04-30,0.06255530407034351,7028
temporal_tabular_small_mlp_branch_er_train,validation,2015-05-29,0.12557734432071121,7048
temporal_tabular_small_mlp_branch_er_train,validation,2015-06-30,0.12441282442354479,7085
temporal_tabular_small_mlp_branch_er_train,validation,2015-07-31,0.06748734917311432,7140
temporal_tabular_small_mlp_branch_er_train,validation,2015-08-31,0.20667753108519607,7146
temporal_tabular_small_mlp_branch_er_train,validation,2015-09-30,0.052751208211266776,7146
temporal_tabular_small_mlp_branch_er_train,validation,2015-10-30,0.0025908095418053635,7151
temporal_tabular_small_mlp_branch_er_train,validation,2015-11-30,-0.010238692906635124,7177
temporal_tabular_small_mlp_warmstart_classifier,test,2015-12-31,0.16889195221702918,7175
temporal_tabular_small_mlp_warmstart_classifier,test,2016-01-29,0.04885209852867195,7146
temporal_tabular_small_mlp_warmstart_classifier,test,2016-02-29,-0.00518084922846822,7134
temporal_tabular_small_mlp_warmstart_classifier,test,2016-03-31,-0.1673905588136068,7115
temporal_tabular_small_mlp_warmstart_classifier,test,2016-04-29,0.1413694620863515,7106
temporal_tabular_small_mlp_warmstart_classifier,test,2016-05-31,0.049600162524360676,7115
temporal_tabular_small_mlp_warmstart_classifier,test,2016-06-30,0.013011647261489602,7119
temporal_tabular_small_mlp_warmstart_classifier,test,2016-07-29,0.0308976461611875,7119
temporal_tabular_small_mlp_warmstart_classifier,test,2016-08-31,-0.036143065267654546,7082
temporal_tabular_small_mlp_warmstart_classifier,test,2016-09-30,0.163487134065303,7090
temporal_tabular_small_mlp_warmstart_classifier,test,2016-10-31,0.18598578777982838,7107
temporal_tabular_small_mlp_warmstart_classifier,test,2016-11-30,0.20207873339984866,7096
temporal_tabular_small_mlp_warmstart_classifier,test,2016-12-30,-0.07648211411355979,7108
temporal_tabular_small_mlp_warmstart_classifier,test,2017-01-31,0.09967705453599758,7126
temporal_tabular_small_mlp_warmstart_classifier,test,2017-02-28,0.03353848326284851,7109
temporal_tabular_small_mlp_warmstart_classifier,test,2017-03-31,0.17182168027145145,7110
temporal_tabular_small_mlp_warmstart_classifier,test,2017-04-28,0.08774282779477433,7129
temporal_tabular_small_mlp_warmstart_classifier,test,2017-05-31,0.07379558734515733,7144
temporal_tabular_small_mlp_warmstart_classifier,test,2017-06-30,0.1270891800618482,7146
temporal_tabular_small_mlp_warmstart_classifier,test,2017-07-31,0.0624870363831639,7157
temporal_tabular_small_mlp_warmstart_classifier,test,2017-08-31,0.0660053329963515,7132
temporal_tabular_small_mlp_warmstart_classifier,test,2017-09-29,0.22028919062341698,7116
temporal_tabular_small_mlp_warmstart_classifier,test,2017-10-31,0.09850336103940727,7152
temporal_tabular_small_mlp_warmstart_classifier,test,2017-11-30,0.005302515958210378,7206
temporal_tabular_small_mlp_warmstart_classifier,test,2017-12-29,0.09961355650467378,7205
temporal_tabular_small_mlp_warmstart_classifier,test,2018-01-31,-0.010823064228200554,7242
temporal_tabular_small_mlp_warmstart_classifier,test,2018-02-28,0.019494545355889795,7264
temporal_tabular_small_mlp_warmstart_classifier,test,2018-03-29,-0.0007405841400702913,7211
temporal_tabular_small_mlp_warmstart_classifier,test,2018-04-30,-0.021620678880373993,7258
temporal_tabular_small_mlp_warmstart_classifier,test,2018-05-31,0.08122787132841142,7270
temporal_tabular_small_mlp_warmstart_classifier,test,2018-06-29,0.20323941794582961,7322
temporal_tabular_small_mlp_warmstart_classifier,test,2018-07-31,0.059968323656481484,7355
temporal_tabular_small_mlp_warmstart_classifier,test,2018-08-31,0.0741675890903166,7344
temporal_tabular_small_mlp_warmstart_classifier,test,2018-09-28,0.10874045917260144,7373
temporal_tabular_small_mlp_warmstart_classifier,test,2018-10-31,0.14480005853260158,7413
temporal_tabular_small_mlp_warmstart_classifier,test,2018-11-30,0.12428082573074241,7412
temporal_tabular_small_mlp_warmstart_classifier,test,2018-12-31,-0.11444479172560033,7407
temporal_tabular_small_mlp_warmstart_classifier,test,2019-01-31,0.06685202076008494,7408
temporal_tabular_small_mlp_warmstart_classifier,test,2019-02-28,0.018174510841181636,7390
temporal_tabular_small_mlp_warmstart_classifier,test,2019-03-29,0.1900895296719478,7390
temporal_tabular_small_mlp_warmstart_classifier,test,2019-04-30,0.05240712386097135,7396
temporal_tabular_small_mlp_warmstart_classifier,test,2019-05-31,0.182755221750498,7458
temporal_tabular_small_mlp_warmstart_classifier,test,2019-06-28,0.16799911095612577,7471
temporal_tabular_small_mlp_warmstart_classifier,test,2019-07-31,0.07160374917881501,7494
temporal_tabular_small_mlp_warmstart_classifier,test,2019-08-30,0.11535202465830624,7486
temporal_tabular_small_mlp_warmstart_classifier,test,2019-09-30,0.11915539758201998,7500
temporal_tabular_small_mlp_warmstart_classifier,test,2019-10-31,0.08646160051742767,7504
temporal_tabular_small_mlp_warmstart_classifier,test,2019-11-29,-0.01181462920486488,7501
temporal_tabular_small_mlp_warmstart_classifier,test,2019-12-31,-0.025728914015368982,7500
temporal_tabular_small_mlp_warmstart_classifier,test,2020-01-31,-0.09538113240301606,7506
temporal_tabular_small_mlp_warmstart_classifier,test,2020-02-28,0.01219681736016379,7506
temporal_tabular_small_mlp_warmstart_classifier,test,2020-03-31,0.04900938835931604,7475
temporal_tabular_small_mlp_warmstart_classifier,test,2020-04-30,0.08672391543845562,7480
temporal_tabular_small_mlp_warmstart_classifier,test,2020-05-29,-0.10591371268523457,7473
temporal_tabular_small_mlp_warmstart_classifier,test,2020-06-30,0.11490340829532976,7519
temporal_tabular_small_mlp_warmstart_classifier,test,2020-07-31,0.11000639519930078,7547
temporal_tabular_small_mlp_warmstart_classifier,test,2020-08-31,0.06289637839335813,7574
temporal_tabular_small_mlp_warmstart_classifier,test,2020-09-30,0.09224978012803288,7628
temporal_tabular_small_mlp_warmstart_classifier,test,2020-10-30,-0.07096423344403535,7701
temporal_tabular_small_mlp_warmstart_classifier,test,2020-11-30,0.06308991806184154,7773
temporal_tabular_small_mlp_warmstart_classifier,test,2020-12-31,-0.2316846707354918,7875
temporal_tabular_small_mlp_warmstart_classifier,test,2021-01-29,0.0588561364525275,7964
temporal_tabular_small_mlp_warmstart_classifier,test,2021-02-26,0.2718713141561798,8055
temporal_tabular_small_mlp_warmstart_classifier,test,2021-03-31,0.2602160484331314,8212
temporal_tabular_small_mlp_warmstart_classifier,test,2021-04-30,0.2009503538617538,8360
temporal_tabular_small_mlp_warmstart_classifier,test,2021-05-28,-0.14726512405443323,8479
temporal_tabular_small_mlp_warmstart_classifier,test,2021-06-30,0.3800303227539623,8587
temporal_tabular_small_mlp_warmstart_classifier,test,2021-07-30,0.11470331413032195,8722
temporal_tabular_small_mlp_warmstart_classifier,test,2021-08-31,0.07508500018309806,8776
temporal_tabular_small_mlp_warmstart_classifier,test,2021-09-30,0.275910662983644,8872
temporal_tabular_small_mlp_warmstart_classifier,test,2021-10-29,0.27491323805537576,8968
temporal_tabular_small_mlp_warmstart_classifier,test,2021-11-30,0.4464807746970977,9068
temporal_tabular_small_mlp_warmstart_classifier,test,2021-12-31,0.1993141291573619,9189
temporal_tabular_small_mlp_warmstart_classifier,test,2022-01-31,0.07922456630177431,9272
temporal_tabular_small_mlp_warmstart_classifier,test,2022-02-28,0.08237665664316322,9347
temporal_tabular_small_mlp_warmstart_classifier,test,2022-03-31,0.3219829163556951,9382
temporal_tabular_small_mlp_warmstart_classifier,test,2022-04-29,0.21617629965494495,9421
temporal_tabular_small_mlp_warmstart_classifier,test,2022-05-31,-0.022025905340161123,9432
temporal_tabular_small_mlp_warmstart_classifier,test,2022-06-30,0.05604792129526612,9457
temporal_tabular_small_mlp_warmstart_classifier,test,2022-07-29,-0.047820516280746156,9458
temporal_tabular_small_mlp_warmstart_classifier,test,2022-08-31,0.2498411502183989,9469
temporal_tabular_small_mlp_warmstart_classifier,test,2022-09-30,0.3317923846048194,9495
temporal_tabular_small_mlp_warmstart_classifier,test,2022-10-31,0.24306863940434278,9483
temporal_tabular_small_mlp_warmstart_classifier,test,2022-11-30,0.1677160867915937,9465
temporal_tabular_small_mlp_warmstart_classifier,test,2022-12-30,-0.12097779159930398,9402
temporal_tabular_small_mlp_warmstart_classifier,test,2023-01-31,0.14401950240732087,9376
temporal_tabular_small_mlp_warmstart_classifier,test,2023-02-28,0.1450547099817697,9352
temporal_tabular_small_mlp_warmstart_classifier,test,2023-03-31,0.06877546391916238,9324
temporal_tabular_small_mlp_warmstart_classifier,test,2023-04-28,-0.04815602930426687,9298
temporal_tabular_small_mlp_warmstart_classifier,test,2023-05-31,0.21439633724302953,9304
temporal_tabular_small_mlp_warmstart_classifier,test,2023-06-30,0.10625453356626818,9291
temporal_tabular_small_mlp_warmstart_classifier,test,2023-07-31,0.21486431257957195,9265
temporal_tabular_small_mlp_warmstart_classifier,test,2023-08-31,0.1558271186580048,9278
temporal_tabular_small_mlp_warmstart_classifier,test,2023-09-29,0.13960011176777498,9318
temporal_tabular_small_mlp_warmstart_classifier,test,2023-10-31,0.1415149501265263,9331
temporal_tabular_small_mlp_warmstart_classifier,test,2023-11-30,0.05186079629456303,9327
temporal_tabular_small_mlp_warmstart_classifier,test,2023-12-29,0.14133544808986773,9309
temporal_tabular_small_mlp_warmstart_classifier,test,2024-01-31,0.0486765929309163,9367
temporal_tabular_small_mlp_warmstart_classifier,test,2024-02-29,0.2500222331950628,9327
temporal_tabular_small_mlp_warmstart_classifier,test,2024-03-28,0.07972270373852434,9334
temporal_tabular_small_mlp_warmstart_classifier,test,2024-04-30,0.15623440974549901,9344
temporal_tabular_small_mlp_warmstart_classifier,test,2024-05-31,0.10769139274666212,9372
temporal_tabular_small_mlp_warmstart_classifier,test,2024-06-28,0.15086557831460923,9404
temporal_tabular_small_mlp_warmstart_classifier,test,2024-07-31,0.1858350109206733,9436
temporal_tabular_small_mlp_warmstart_classifier,test,2024-08-30,0.09337413221494847,9439
temporal_tabular_small_mlp_warmstart_classifier,test,2024-09-30,0.060767833136054904,9542
temporal_tabular_small_mlp_warmstart_classifier,test,2024-10-31,0.20059738618690773,9583
temporal_tabular_small_mlp_warmstart_classifier,validation,2010-12-31,0.043674826048979556,6508
temporal_tabular_small_mlp_warmstart_classifier,validation,2011-01-31,0.11985261684407407,6534
temporal_tabular_small_mlp_warmstart_classifier,validation,2011-02-28,0.1440445339266918,6533
temporal_tabular_small_mlp_warmstart_classifier,validation,2011-03-31,0.11761209411016384,6542
temporal_tabular_small_mlp_warmstart_classifier,validation,2011-04-29,0.0058436052111389076,6561
temporal_tabular_small_mlp_warmstart_classifier,validation,2011-05-31,0.06993081812201157,6593
temporal_tabular_small_mlp_warmstart_classifier,validation,2011-06-30,-0.06368719010643639,6612
temporal_tabular_small_mlp_warmstart_classifier,validation,2011-07-29,-0.03275461352557996,6621
temporal_tabular_small_mlp_warmstart_classifier,validation,2011-08-31,-0.024903530760780283,6621
temporal_tabular_small_mlp_warmstart_classifier,validation,2011-09-30,0.2989177970593112,6627
temporal_tabular_small_mlp_warmstart_classifier,validation,2011-10-31,-0.015077702266947957,6612
temporal_tabular_small_mlp_warmstart_classifier,validation,2011-11-30,0.12800144024901913,6610
temporal_tabular_small_mlp_warmstart_classifier,validation,2011-12-30,0.06573444777242983,6604
temporal_tabular_small_mlp_warmstart_classifier,validation,2012-01-31,0.035176969600735256,6625
temporal_tabular_small_mlp_warmstart_classifier,validation,2012-02-29,0.1543239794110779,6651
temporal_tabular_small_mlp_warmstart_classifier,validation,2012-03-30,0.0001330799012990703,6663
temporal_tabular_small_mlp_warmstart_classifier,validation,2012-04-30,-0.09542109703476812,6681
temporal_tabular_small_mlp_warmstart_classifier,validation,2012-05-31,0.05678570385536537,6689
temporal_tabular_small_mlp_warmstart_classifier,validation,2012-06-29,0.045261149764060885,6667
temporal_tabular_small_mlp_warmstart_classifier,validation,2012-07-31,0.08008128935209902,6669
temporal_tabular_small_mlp_warmstart_classifier,validation,2012-08-31,0.05521980959073328,6638
temporal_tabular_small_mlp_warmstart_classifier,validation,2012-09-28,0.04043118910391231,6610
temporal_tabular_small_mlp_warmstart_classifier,validation,2012-10-31,0.09854705966060104,6592
temporal_tabular_small_mlp_warmstart_classifier,validation,2012-11-30,0.09966794597252358,6587
temporal_tabular_small_mlp_warmstart_classifier,validation,2012-12-31,0.11566640853248451,6581
temporal_tabular_small_mlp_warmstart_classifier,validation,2013-01-31,0.15670203448716022,6571
temporal_tabular_small_mlp_warmstart_classifier,validation,2013-02-28,0.1799366514031411,6574
temporal_tabular_small_mlp_warmstart_classifier,validation,2013-03-28,0.019597227619800747,6551
temporal_tabular_small_mlp_warmstart_classifier,validation,2013-04-30,0.14204943431948852,6563
temporal_tabular_small_mlp_warmstart_classifier,validation,2013-05-31,0.11933701448404375,6583
temporal_tabular_small_mlp_warmstart_classifier,validation,2013-06-28,0.12438316145030669,6602
temporal_tabular_small_mlp_warmstart_classifier,validation,2013-07-31,-0.06563305583617089,6626
temporal_tabular_small_mlp_warmstart_classifier,validation,2013-08-30,0.10892777053544371,6645
temporal_tabular_small_mlp_warmstart_classifier,validation,2013-09-30,0.20561192929200456,6657
temporal_tabular_small_mlp_warmstart_classifier,validation,2013-10-31,0.12696092454607097,6688
temporal_tabular_small_mlp_warmstart_classifier,validation,2013-11-29,0.07291498753846003,6714
temporal_tabular_small_mlp_warmstart_classifier,validation,2013-12-31,-0.20572116021293058,6716
temporal_tabular_small_mlp_warmstart_classifier,validation,2014-01-31,0.054916495417811316,6746
temporal_tabular_small_mlp_warmstart_classifier,validation,2014-02-28,0.15101895628555528,6767
temporal_tabular_small_mlp_warmstart_classifier,validation,2014-03-31,0.16822587146700113,6793
temporal_tabular_small_mlp_warmstart_classifier,validation,2014-04-30,0.13706002448020496,6815
temporal_tabular_small_mlp_warmstart_classifier,validation,2014-05-30,0.01362992380283215,6849
temporal_tabular_small_mlp_warmstart_classifier,validation,2014-06-30,0.04898439183890338,6886
temporal_tabular_small_mlp_warmstart_classifier,validation,2014-07-31,0.16366084543757872,6922
temporal_tabular_small_mlp_warmstart_classifier,validation,2014-08-29,0.004067409245379847,6946
temporal_tabular_small_mlp_warmstart_classifier,validation,2014-09-30,0.2257477993551469,6951
temporal_tabular_small_mlp_warmstart_classifier,validation,2014-10-31,0.1515040026325001,6977
temporal_tabular_small_mlp_warmstart_classifier,validation,2014-11-28,0.1361610661175765,7001
temporal_tabular_small_mlp_warmstart_classifier,validation,2014-12-31,0.07510496802506181,6993
temporal_tabular_small_mlp_warmstart_classifier,validation,2015-01-30,-0.018977830675882292,6981
temporal_tabular_small_mlp_warmstart_classifier,validation,2015-02-27,0.12566121943313743,6995
temporal_tabular_small_mlp_warmstart_classifier,validation,2015-03-31,-0.13167965859892047,7000
temporal_tabular_small_mlp_warmstart_classifier,validation,2015-04-30,0.07885040188945205,7028
temporal_tabular_small_mlp_warmstart_classifier,validation,2015-05-29,0.10175220796617708,7048
temporal_tabular_small_mlp_warmstart_classifier,validation,2015-06-30,0.20609824731800208,7085
temporal_tabular_small_mlp_warmstart_classifier,validation,2015-07-31,0.0414521822514728,7140
temporal_tabular_small_mlp_warmstart_classifier,validation,2015-08-31,0.16950171938306408,7146
temporal_tabular_small_mlp_warmstart_classifier,validation,2015-09-30,0.08056710106944034,7146
temporal_tabular_small_mlp_warmstart_classifier,validation,2015-10-30,-0.011422393485641344,7151
temporal_tabular_small_mlp_warmstart_classifier,validation,2015-11-30,0.13497228201747968,7177
temporal_tabular_small_mlp_warmstart_er_train,test,2015-12-31,0.014035238480245042,7175
temporal_tabular_small_mlp_warmstart_er_train,test,2016-01-29,0.042600197024729135,7146
temporal_tabular_small_mlp_warmstart_er_train,test,2016-02-29,0.09257344087273163,7134
temporal_tabular_small_mlp_warmstart_er_train,test,2016-03-31,-0.013889493383969193,7115
temporal_tabular_small_mlp_warmstart_er_train,test,2016-04-29,0.07517867552415623,7106
temporal_tabular_small_mlp_warmstart_er_train,test,2016-05-31,0.02610472034249597,7115
temporal_tabular_small_mlp_warmstart_er_train,test,2016-06-30,0.11122638362628014,7119
temporal_tabular_small_mlp_warmstart_er_train,test,2016-07-29,0.06192184444197887,7119
temporal_tabular_small_mlp_warmstart_er_train,test,2016-08-31,0.027320519849046297,7082
temporal_tabular_small_mlp_warmstart_er_train,test,2016-09-30,0.013769673405897135,7090
temporal_tabular_small_mlp_warmstart_er_train,test,2016-10-31,0.2521819681833578,7107
temporal_tabular_small_mlp_warmstart_er_train,test,2016-11-30,0.14330984111053688,7096
temporal_tabular_small_mlp_warmstart_er_train,test,2016-12-30,-0.08004621723798687,7108
temporal_tabular_small_mlp_warmstart_er_train,test,2017-01-31,0.07053725421345187,7126
temporal_tabular_small_mlp_warmstart_er_train,test,2017-02-28,0.005498001941069716,7109
temporal_tabular_small_mlp_warmstart_er_train,test,2017-03-31,0.10944641358451146,7110
temporal_tabular_small_mlp_warmstart_er_train,test,2017-04-28,-0.01816509197147121,7129
temporal_tabular_small_mlp_warmstart_er_train,test,2017-05-31,0.11791389143502198,7144
temporal_tabular_small_mlp_warmstart_er_train,test,2017-06-30,0.03498642616929791,7146
temporal_tabular_small_mlp_warmstart_er_train,test,2017-07-31,0.03893258061665241,7157
temporal_tabular_small_mlp_warmstart_er_train,test,2017-08-31,0.12430491519538822,7132
temporal_tabular_small_mlp_warmstart_er_train,test,2017-09-29,0.15941033185602424,7116
temporal_tabular_small_mlp_warmstart_er_train,test,2017-10-31,0.10363861123163504,7152
temporal_tabular_small_mlp_warmstart_er_train,test,2017-11-30,-0.006562492526878231,7206
temporal_tabular_small_mlp_warmstart_er_train,test,2017-12-29,0.09020636397018657,7205
temporal_tabular_small_mlp_warmstart_er_train,test,2018-01-31,-0.039231960987453345,7242
temporal_tabular_small_mlp_warmstart_er_train,test,2018-02-28,0.056311079703109584,7264
temporal_tabular_small_mlp_warmstart_er_train,test,2018-03-29,0.01961868512978516,7211
temporal_tabular_small_mlp_warmstart_er_train,test,2018-04-30,0.03467976293042871,7258
temporal_tabular_small_mlp_warmstart_er_train,test,2018-05-31,0.09438404593603614,7270
temporal_tabular_small_mlp_warmstart_er_train,test,2018-06-29,0.1432737306897323,7322
temporal_tabular_small_mlp_warmstart_er_train,test,2018-07-31,0.06842363760078814,7355
temporal_tabular_small_mlp_warmstart_er_train,test,2018-08-31,0.010016017523100327,7344
temporal_tabular_small_mlp_warmstart_er_train,test,2018-09-28,-0.010153781086526238,7373
temporal_tabular_small_mlp_warmstart_er_train,test,2018-10-31,0.08312115544046893,7413
temporal_tabular_small_mlp_warmstart_er_train,test,2018-11-30,-0.018315694096318266,7412
temporal_tabular_small_mlp_warmstart_er_train,test,2018-12-31,0.039346688969941444,7407
temporal_tabular_small_mlp_warmstart_er_train,test,2019-01-31,0.1252385858088649,7408
temporal_tabular_small_mlp_warmstart_er_train,test,2019-02-28,-0.05296756469220479,7390
temporal_tabular_small_mlp_warmstart_er_train,test,2019-03-29,0.1263262947297702,7390
temporal_tabular_small_mlp_warmstart_er_train,test,2019-04-30,-0.14218842919905414,7396
temporal_tabular_small_mlp_warmstart_er_train,test,2019-05-31,0.19502442519814586,7458
temporal_tabular_small_mlp_warmstart_er_train,test,2019-06-28,0.09833559516315246,7471
temporal_tabular_small_mlp_warmstart_er_train,test,2019-07-31,-0.12489214072536195,7494
temporal_tabular_small_mlp_warmstart_er_train,test,2019-08-30,0.11397466561339523,7486
temporal_tabular_small_mlp_warmstart_er_train,test,2019-09-30,0.05839380674437905,7500
temporal_tabular_small_mlp_warmstart_er_train,test,2019-10-31,0.12887222342824173,7504
temporal_tabular_small_mlp_warmstart_er_train,test,2019-11-29,0.04301445951736521,7501
temporal_tabular_small_mlp_warmstart_er_train,test,2019-12-31,-0.1124927989194638,7500
temporal_tabular_small_mlp_warmstart_er_train,test,2020-01-31,-0.1449535637133264,7506
temporal_tabular_small_mlp_warmstart_er_train,test,2020-02-28,-0.1264687202727633,7506
temporal_tabular_small_mlp_warmstart_er_train,test,2020-03-31,0.22852521986402755,7475
temporal_tabular_small_mlp_warmstart_er_train,test,2020-04-30,0.09430618899391299,7480
temporal_tabular_small_mlp_warmstart_er_train,test,2020-05-29,-0.013801576103765843,7473
temporal_tabular_small_mlp_warmstart_er_train,test,2020-06-30,0.018216758123539654,7519
temporal_tabular_small_mlp_warmstart_er_train,test,2020-07-31,0.11922614518192368,7547
temporal_tabular_small_mlp_warmstart_er_train,test,2020-08-31,-0.08048274413675452,7574
temporal_tabular_small_mlp_warmstart_er_train,test,2020-09-30,0.08698787958752982,7628
temporal_tabular_small_mlp_warmstart_er_train,test,2020-10-30,0.11159681462344673,7701
temporal_tabular_small_mlp_warmstart_er_train,test,2020-11-30,0.11374209409733989,7773
temporal_tabular_small_mlp_warmstart_er_train,test,2020-12-31,-0.21056129051758093,7875
temporal_tabular_small_mlp_warmstart_er_train,test,2021-01-29,0.1332711822560691,7964
temporal_tabular_small_mlp_warmstart_er_train,test,2021-02-26,0.236165712695558,8055
temporal_tabular_small_mlp_warmstart_er_train,test,2021-03-31,0.24309319545473407,8212
temporal_tabular_small_mlp_warmstart_er_train,test,2021-04-30,0.1788020772409176,8360
temporal_tabular_small_mlp_warmstart_er_train,test,2021-05-28,-0.14092405894365367,8479
temporal_tabular_small_mlp_warmstart_er_train,test,2021-06-30,0.32553664408828104,8587
temporal_tabular_small_mlp_warmstart_er_train,test,2021-07-30,0.06810662731609589,8722
temporal_tabular_small_mlp_warmstart_er_train,test,2021-08-31,0.06482003706755271,8776
temporal_tabular_small_mlp_warmstart_er_train,test,2021-09-30,0.26354740255823383,8872
temporal_tabular_small_mlp_warmstart_er_train,test,2021-10-29,0.24296644234683015,8968
temporal_tabular_small_mlp_warmstart_er_train,test,2021-11-30,0.37603271627170665,9068
temporal_tabular_small_mlp_warmstart_er_train,test,2021-12-31,0.10126030000197353,9189
temporal_tabular_small_mlp_warmstart_er_train,test,2022-01-31,0.13177351348901822,9272
temporal_tabular_small_mlp_warmstart_er_train,test,2022-02-28,0.07205474812803822,9347
temporal_tabular_small_mlp_warmstart_er_train,test,2022-03-31,0.1552403497903828,9382
temporal_tabular_small_mlp_warmstart_er_train,test,2022-04-29,0.12075513571730606,9421
temporal_tabular_small_mlp_warmstart_er_train,test,2022-05-31,-0.1650722805695169,9432
temporal_tabular_small_mlp_warmstart_er_train,test,2022-06-30,0.16841731556273074,9457
temporal_tabular_small_mlp_warmstart_er_train,test,2022-07-29,-0.05330493895295379,9458
temporal_tabular_small_mlp_warmstart_er_train,test,2022-08-31,0.0855942820374028,9469
temporal_tabular_small_mlp_warmstart_er_train,test,2022-09-30,0.37057902124006714,9495
temporal_tabular_small_mlp_warmstart_er_train,test,2022-10-31,0.14704292400188834,9483
temporal_tabular_small_mlp_warmstart_er_train,test,2022-11-30,0.02383929043730753,9465
temporal_tabular_small_mlp_warmstart_er_train,test,2022-12-30,0.13129653768379632,9402
temporal_tabular_small_mlp_warmstart_er_train,test,2023-01-31,0.01931512273638192,9376
temporal_tabular_small_mlp_warmstart_er_train,test,2023-02-28,0.06662270464785858,9352
temporal_tabular_small_mlp_warmstart_er_train,test,2023-03-31,-0.031008303515160866,9324
temporal_tabular_small_mlp_warmstart_er_train,test,2023-04-28,-0.05169933432791214,9298
temporal_tabular_small_mlp_warmstart_er_train,test,2023-05-31,0.26546413416171927,9304
temporal_tabular_small_mlp_warmstart_er_train,test,2023-06-30,0.17589212119362727,9291
temporal_tabular_small_mlp_warmstart_er_train,test,2023-07-31,0.11047708106573731,9265
temporal_tabular_small_mlp_warmstart_er_train,test,2023-08-31,0.10329054877729422,9278
temporal_tabular_small_mlp_warmstart_er_train,test,2023-09-29,-0.04298673499483306,9318
temporal_tabular_small_mlp_warmstart_er_train,test,2023-10-31,0.17824758090055443,9331
temporal_tabular_small_mlp_warmstart_er_train,test,2023-11-30,0.21680124413911772,9327
temporal_tabular_small_mlp_warmstart_er_train,test,2023-12-29,0.014533779200846975,9309
temporal_tabular_small_mlp_warmstart_er_train,test,2024-01-31,0.04996204519547994,9367
temporal_tabular_small_mlp_warmstart_er_train,test,2024-02-29,0.22165624129433623,9327
temporal_tabular_small_mlp_warmstart_er_train,test,2024-03-28,-0.043950219225231464,9334
temporal_tabular_small_mlp_warmstart_er_train,test,2024-04-30,0.13857333253846937,9344
temporal_tabular_small_mlp_warmstart_er_train,test,2024-05-31,-0.0531444042654809,9372
temporal_tabular_small_mlp_warmstart_er_train,test,2024-06-28,0.19534947072978812,9404
temporal_tabular_small_mlp_warmstart_er_train,test,2024-07-31,0.028001372244900714,9436
temporal_tabular_small_mlp_warmstart_er_train,test,2024-08-30,0.08947840031763925,9439
temporal_tabular_small_mlp_warmstart_er_train,test,2024-09-30,0.062487904122597526,9542
temporal_tabular_small_mlp_warmstart_er_train,test,2024-10-31,0.22372136207253018,9583
temporal_tabular_small_mlp_warmstart_er_train,validation,2010-12-31,0.024850790218062746,6508
temporal_tabular_small_mlp_warmstart_er_train,validation,2011-01-31,0.14273763211306986,6534
temporal_tabular_small_mlp_warmstart_er_train,validation,2011-02-28,0.0950514120853669,6533
temporal_tabular_small_mlp_warmstart_er_train,validation,2011-03-31,0.05116168143855386,6542
temporal_tabular_small_mlp_warmstart_er_train,validation,2011-04-29,-0.1287617837943621,6561
temporal_tabular_small_mlp_warmstart_er_train,validation,2011-05-31,-0.06751698167853376,6593
temporal_tabular_small_mlp_warmstart_er_train,validation,2011-06-30,-0.08591090594663159,6612
temporal_tabular_small_mlp_warmstart_er_train,validation,2011-07-29,-0.23076637481193865,6621
temporal_tabular_small_mlp_warmstart_er_train,validation,2011-08-31,-0.17381801625163884,6621
temporal_tabular_small_mlp_warmstart_er_train,validation,2011-09-30,0.3252474926026944,6627
temporal_tabular_small_mlp_warmstart_er_train,validation,2011-10-31,-0.14724152178362435,6612
temporal_tabular_small_mlp_warmstart_er_train,validation,2011-11-30,0.03495449003267432,6610
temporal_tabular_small_mlp_warmstart_er_train,validation,2011-12-30,0.20208860115186045,6604
temporal_tabular_small_mlp_warmstart_er_train,validation,2012-01-31,0.06036876349038796,6625
temporal_tabular_small_mlp_warmstart_er_train,validation,2012-02-29,0.13278540334257147,6651
temporal_tabular_small_mlp_warmstart_er_train,validation,2012-03-30,-0.12443463509295771,6663
temporal_tabular_small_mlp_warmstart_er_train,validation,2012-04-30,-0.26843514098037746,6681
temporal_tabular_small_mlp_warmstart_er_train,validation,2012-05-31,0.047621672377839125,6689
temporal_tabular_small_mlp_warmstart_er_train,validation,2012-06-29,-0.12043150623762132,6667
temporal_tabular_small_mlp_warmstart_er_train,validation,2012-07-31,0.10010749146178945,6669
temporal_tabular_small_mlp_warmstart_er_train,validation,2012-08-31,0.08397996602334849,6638
temporal_tabular_small_mlp_warmstart_er_train,validation,2012-09-28,-0.07089730438011133,6610
temporal_tabular_small_mlp_warmstart_er_train,validation,2012-10-31,0.03199489264821031,6592
temporal_tabular_small_mlp_warmstart_er_train,validation,2012-11-30,0.14406874383370397,6587
temporal_tabular_small_mlp_warmstart_er_train,validation,2012-12-31,0.16280987939417493,6581
temporal_tabular_small_mlp_warmstart_er_train,validation,2013-01-31,0.1017749366583933,6571
temporal_tabular_small_mlp_warmstart_er_train,validation,2013-02-28,0.1743354022474587,6574
temporal_tabular_small_mlp_warmstart_er_train,validation,2013-03-28,-0.07796211930242132,6551
temporal_tabular_small_mlp_warmstart_er_train,validation,2013-04-30,0.25580928835833994,6563
temporal_tabular_small_mlp_warmstart_er_train,validation,2013-05-31,0.10621362513326897,6583
temporal_tabular_small_mlp_warmstart_er_train,validation,2013-06-28,0.1894404586687747,6602
temporal_tabular_small_mlp_warmstart_er_train,validation,2013-07-31,-0.04570500073278959,6626
temporal_tabular_small_mlp_warmstart_er_train,validation,2013-08-30,0.14713856220602067,6645
temporal_tabular_small_mlp_warmstart_er_train,validation,2013-09-30,0.1644714699629718,6657
temporal_tabular_small_mlp_warmstart_er_train,validation,2013-10-31,0.17395155547532676,6688
temporal_tabular_small_mlp_warmstart_er_train,validation,2013-11-29,0.08456733312825289,6714
temporal_tabular_small_mlp_warmstart_er_train,validation,2013-12-31,-0.20852496042879304,6716
temporal_tabular_small_mlp_warmstart_er_train,validation,2014-01-31,0.08399141487904434,6746
temporal_tabular_small_mlp_warmstart_er_train,validation,2014-02-28,0.09459130002118708,6767
temporal_tabular_small_mlp_warmstart_er_train,validation,2014-03-31,0.008497829630234195,6793
temporal_tabular_small_mlp_warmstart_er_train,validation,2014-04-30,0.08711641680257563,6815
temporal_tabular_small_mlp_warmstart_er_train,validation,2014-05-30,0.07491925654506663,6849
temporal_tabular_small_mlp_warmstart_er_train,validation,2014-06-30,-0.06741968920055229,6886
temporal_tabular_small_mlp_warmstart_er_train,validation,2014-07-31,0.1731288543803283,6922
temporal_tabular_small_mlp_warmstart_er_train,validation,2014-08-29,-0.1123886777724983,6946
temporal_tabular_small_mlp_warmstart_er_train,validation,2014-09-30,0.18312231627391548,6951
temporal_tabular_small_mlp_warmstart_er_train,validation,2014-10-31,0.059766682471752874,6977
temporal_tabular_small_mlp_warmstart_er_train,validation,2014-11-28,0.1692259637896358,7001
temporal_tabular_small_mlp_warmstart_er_train,validation,2014-12-31,-0.07496933905746232,6993
temporal_tabular_small_mlp_warmstart_er_train,validation,2015-01-30,0.05694450144071847,6981
temporal_tabular_small_mlp_warmstart_er_train,validation,2015-02-27,0.11036428672441351,6995
temporal_tabular_small_mlp_warmstart_er_train,validation,2015-03-31,-0.13827874735341125,7000
temporal_tabular_small_mlp_warmstart_er_train,validation,2015-04-30,0.080304691206723,7028
temporal_tabular_small_mlp_warmstart_er_train,validation,2015-05-29,0.11240731033415517,7048
temporal_tabular_small_mlp_warmstart_er_train,validation,2015-06-30,0.11921992540287815,7085
temporal_tabular_small_mlp_warmstart_er_train,validation,2015-07-31,0.0010422439074430228,7140
temporal_tabular_small_mlp_warmstart_er_train,validation,2015-08-31,0.06422316482322298,7146
temporal_tabular_small_mlp_warmstart_er_train,validation,2015-09-30,0.09779759557682377,7146
temporal_tabular_small_mlp_warmstart_er_train,validation,2015-10-30,0.02221728615369128,7151
temporal_tabular_small_mlp_warmstart_er_train,validation,2015-11-30,-0.02994254357018205,7177
temporal_tabular_small_random_classifier,test,2015-12-31,0.32248123873200957,7175
temporal_tabular_small_random_classifier,test,2016-01-29,0.058196096962356586,7146
temporal_tabular_small_random_classifier,test,2016-02-29,-0.07409198679999697,7134
temporal_tabular_small_random_classifier,test,2016-03-31,-0.157799409106463,7115
temporal_tabular_small_random_classifier,test,2016-04-29,0.15255955223812384,7106
temporal_tabular_small_random_classifier,test,2016-05-31,0.09223525264610119,7115
temporal_tabular_small_random_classifier,test,2016-06-30,-0.028809544389589745,7119
temporal_tabular_small_random_classifier,test,2016-07-29,0.026152939391314356,7119
temporal_tabular_small_random_classifier,test,2016-08-31,-0.05680215671052232,7082
temporal_tabular_small_random_classifier,test,2016-09-30,0.25299900009726217,7090
temporal_tabular_small_random_classifier,test,2016-10-31,0.12872925986134873,7107
temporal_tabular_small_random_classifier,test,2016-11-30,0.23712267221204014,7096
temporal_tabular_small_random_classifier,test,2016-12-30,-0.08357049600135415,7108
temporal_tabular_small_random_classifier,test,2017-01-31,0.08778077584303322,7126
temporal_tabular_small_random_classifier,test,2017-02-28,0.027297299545529743,7109
temporal_tabular_small_random_classifier,test,2017-03-31,0.16129653115639048,7110
temporal_tabular_small_random_classifier,test,2017-04-28,0.10480190866448787,7129
temporal_tabular_small_random_classifier,test,2017-05-31,0.04636977679634193,7144
temporal_tabular_small_random_classifier,test,2017-06-30,0.09125188344349977,7146
temporal_tabular_small_random_classifier,test,2017-07-31,0.05228654568103178,7157
temporal_tabular_small_random_classifier,test,2017-08-31,0.03942457317676379,7132
temporal_tabular_small_random_classifier,test,2017-09-29,0.17932593497572663,7116
temporal_tabular_small_random_classifier,test,2017-10-31,0.08596568350703303,7152
temporal_tabular_small_random_classifier,test,2017-11-30,-0.016053803768391703,7206
temporal_tabular_small_random_classifier,test,2017-12-29,0.04814822122738966,7205
temporal_tabular_small_random_classifier,test,2018-01-31,-0.008777370256261791,7242
temporal_tabular_small_random_classifier,test,2018-02-28,0.10756090327610353,7264
temporal_tabular_small_random_classifier,test,2018-03-29,0.020407884150091978,7211
temporal_tabular_small_random_classifier,test,2018-04-30,0.024547585563960545,7258
temporal_tabular_small_random_classifier,test,2018-05-31,0.0802284880064555,7270
temporal_tabular_small_random_classifier,test,2018-06-29,0.16605031284585123,7322
temporal_tabular_small_random_classifier,test,2018-07-31,0.010073505475732299,7355
temporal_tabular_small_random_classifier,test,2018-08-31,0.04256192915024522,7344
temporal_tabular_small_random_classifier,test,2018-09-28,0.12075211877876,7373
temporal_tabular_small_random_classifier,test,2018-10-31,0.1629938795384721,7413
temporal_tabular_small_random_classifier,test,2018-11-30,0.16633367551948514,7412
temporal_tabular_small_random_classifier,test,2018-12-31,-0.18349901439800964,7407
temporal_tabular_small_random_classifier,test,2019-01-31,-0.01721455761964066,7408
temporal_tabular_small_random_classifier,test,2019-02-28,0.044743389798487875,7390
temporal_tabular_small_random_classifier,test,2019-03-29,0.14390941572580682,7390
temporal_tabular_small_random_classifier,test,2019-04-30,0.1618362106953918,7396
temporal_tabular_small_random_classifier,test,2019-05-31,0.11013138823934282,7458
temporal_tabular_small_random_classifier,test,2019-06-28,0.178125358258435,7471
temporal_tabular_small_random_classifier,test,2019-07-31,0.13536848047603506,7494
temporal_tabular_small_random_classifier,test,2019-08-30,0.12247054788993424,7486
temporal_tabular_small_random_classifier,test,2019-09-30,0.11129425369143124,7500
temporal_tabular_small_random_classifier,test,2019-10-31,0.015038662849435606,7504
temporal_tabular_small_random_classifier,test,2019-11-29,-0.06836810808048366,7501
temporal_tabular_small_random_classifier,test,2019-12-31,0.024005679306225203,7500
temporal_tabular_small_random_classifier,test,2020-01-31,-0.010325839105882079,7506
temporal_tabular_small_random_classifier,test,2020-02-28,0.08634916591192497,7506
temporal_tabular_small_random_classifier,test,2020-03-31,-0.18185721512568648,7475
temporal_tabular_small_random_classifier,test,2020-04-30,-0.0499411509888902,7480
temporal_tabular_small_random_classifier,test,2020-05-29,-0.1448876183698681,7473
temporal_tabular_small_random_classifier,test,2020-06-30,0.12551485264118242,7519
temporal_tabular_small_random_classifier,test,2020-07-31,0.04364111122768315,7547
temporal_tabular_small_random_classifier,test,2020-08-31,0.11917590583180837,7574
temporal_tabular_small_random_classifier,test,2020-09-30,0.12521921005304953,7628
temporal_tabular_small_random_classifier,test,2020-10-30,-0.1998909634832382,7701
temporal_tabular_small_random_classifier,test,2020-11-30,0.009139818630449338,7773
temporal_tabular_small_random_classifier,test,2020-12-31,-0.2477333754845433,7875
temporal_tabular_small_random_classifier,test,2021-01-29,0.03630988981568013,7964
temporal_tabular_small_random_classifier,test,2021-02-26,0.28271544453165426,8055
temporal_tabular_small_random_classifier,test,2021-03-31,0.24186572564338923,8212
temporal_tabular_small_random_classifier,test,2021-04-30,0.17750987457567274,8360
temporal_tabular_small_random_classifier,test,2021-05-28,-0.18338559202445212,8479
temporal_tabular_small_random_classifier,test,2021-06-30,0.3420854523850207,8587
temporal_tabular_small_random_classifier,test,2021-07-30,0.08455000817668973,8722
temporal_tabular_small_random_classifier,test,2021-08-31,0.1273988266149,8776
temporal_tabular_small_random_classifier,test,2021-09-30,0.21506740896606963,8872
temporal_tabular_small_random_classifier,test,2021-10-29,0.2814141131467834,8968
temporal_tabular_small_random_classifier,test,2021-11-30,0.4013678351332999,9068
temporal_tabular_small_random_classifier,test,2021-12-31,0.29337621366445144,9189
temporal_tabular_small_random_classifier,test,2022-01-31,0.1258994557040988,9272
temporal_tabular_small_random_classifier,test,2022-02-28,0.015859622046556842,9347
temporal_tabular_small_random_classifier,test,2022-03-31,0.3596729382530819,9382
temporal_tabular_small_random_classifier,test,2022-04-29,0.2426068023089326,9421
temporal_tabular_small_random_classifier,test,2022-05-31,0.05677516472283743,9432
temporal_tabular_small_random_classifier,test,2022-06-30,0.006163745195988587,9457
temporal_tabular_small_random_classifier,test,2022-07-29,0.023836159961023763,9458
temporal_tabular_small_random_classifier,test,2022-08-31,0.2816114255265043,9469
temporal_tabular_small_random_classifier,test,2022-09-30,0.23967797481282516,9495
temporal_tabular_small_random_classifier,test,2022-10-31,0.15507824280664476,9483
temporal_tabular_small_random_classifier,test,2022-11-30,0.1973267251663921,9465
temporal_tabular_small_random_classifier,test,2022-12-30,-0.31268143408172827,9402
temporal_tabular_small_random_classifier,test,2023-01-31,0.24609301291113858,9376
temporal_tabular_small_random_classifier,test,2023-02-28,0.15399491144409824,9352
temporal_tabular_small_random_classifier,test,2023-03-31,0.11476127418521481,9324
temporal_tabular_small_random_classifier,test,2023-04-28,-0.056537948257764335,9298
temporal_tabular_small_random_classifier,test,2023-05-31,0.14309919894891668,9304
temporal_tabular_small_random_classifier,test,2023-06-30,0.009960599346448277,9291
temporal_tabular_small_random_classifier,test,2023-07-31,0.26191493979978314,9265
temporal_tabular_small_random_classifier,test,2023-08-31,0.24153088137488252,9278
temporal_tabular_small_random_classifier,test,2023-09-29,0.26481048242007993,9318
temporal_tabular_small_random_classifier,test,2023-10-31,0.026262455904800565,9331
temporal_tabular_small_random_classifier,test,2023-11-30,-0.045968687145182756,9327
temporal_tabular_small_random_classifier,test,2023-12-29,0.16447479723349293,9309
temporal_tabular_small_random_classifier,test,2024-01-31,-0.0008280744447169763,9367
temporal_tabular_small_random_classifier,test,2024-02-29,0.20346197396489543,9327
temporal_tabular_small_random_classifier,test,2024-03-28,0.15104576510410098,9334
temporal_tabular_small_random_classifier,test,2024-04-30,0.10350529337173477,9344
temporal_tabular_small_random_classifier,test,2024-05-31,0.1428014004987699,9372
temporal_tabular_small_random_classifier,test,2024-06-28,0.15416447796765856,9404
temporal_tabular_small_random_classifier,test,2024-07-31,0.18151403378863107,9436
temporal_tabular_small_random_classifier,test,2024-08-30,0.07039018968850139,9439
temporal_tabular_small_random_classifier,test,2024-09-30,0.07408785709436189,9542
temporal_tabular_small_random_classifier,test,2024-10-31,0.1759604961582422,9583
temporal_tabular_small_random_classifier,validation,2010-12-31,0.01212384648214439,6508
temporal_tabular_small_random_classifier,validation,2011-01-31,0.07673626087088829,6534
temporal_tabular_small_random_classifier,validation,2011-02-28,0.1530463684927436,6533
temporal_tabular_small_random_classifier,validation,2011-03-31,0.13479971334128482,6542
temporal_tabular_small_random_classifier,validation,2011-04-29,0.1430449350616468,6561
temporal_tabular_small_random_classifier,validation,2011-05-31,0.194942971408905,6593
temporal_tabular_small_random_classifier,validation,2011-06-30,0.002832053613329034,6612
temporal_tabular_small_random_classifier,validation,2011-07-29,0.22033956362586363,6621
temporal_tabular_small_random_classifier,validation,2011-08-31,0.2201302442584734,6621
temporal_tabular_small_random_classifier,validation,2011-09-30,-0.022339647914802783,6627
temporal_tabular_small_random_classifier,validation,2011-10-31,0.2752643637116096,6612
temporal_tabular_small_random_classifier,validation,2011-11-30,0.19688199072064627,6610
temporal_tabular_small_random_classifier,validation,2011-12-30,-0.2591616744031509,6604
temporal_tabular_small_random_classifier,validation,2012-01-31,-0.028057130373461473,6625
temporal_tabular_small_random_classifier,validation,2012-02-29,0.0995852747459148,6651
temporal_tabular_small_random_classifier,validation,2012-03-30,0.18169486231014295,6663
temporal_tabular_small_random_classifier,validation,2012-04-30,0.1715814798018431,6681
temporal_tabular_small_random_classifier,validation,2012-05-31,0.05005281694398823,6689
temporal_tabular_small_random_classifier,validation,2012-06-29,0.14881834481491982,6667
temporal_tabular_small_random_classifier,validation,2012-07-31,0.01539153230342115,6669
temporal_tabular_small_random_classifier,validation,2012-08-31,-0.004931264027814153,6638
temporal_tabular_small_random_classifier,validation,2012-09-28,0.16755413912088613,6610
temporal_tabular_small_random_classifier,validation,2012-10-31,0.09292791412494492,6592
temporal_tabular_small_random_classifier,validation,2012-11-30,0.02744653631429749,6587
temporal_tabular_small_random_classifier,validation,2012-12-31,0.03809061981677457,6581
temporal_tabular_small_random_classifier,validation,2013-01-31,0.15303299536170256,6571
temporal_tabular_small_random_classifier,validation,2013-02-28,0.12094886650333224,6574
temporal_tabular_small_random_classifier,validation,2013-03-28,0.07128710518519646,6551
temporal_tabular_small_random_classifier,validation,2013-04-30,-0.0019039821836090234,6563
temporal_tabular_small_random_classifier,validation,2013-05-31,0.13417714391858368,6583
temporal_tabular_small_random_classifier,validation,2013-06-28,0.016283375304339546,6602
temporal_tabular_small_random_classifier,validation,2013-07-31,-0.0692846484004706,6626
temporal_tabular_small_random_classifier,validation,2013-08-30,0.059083840223877825,6645
temporal_tabular_small_random_classifier,validation,2013-09-30,0.17665412207627712,6657
temporal_tabular_small_random_classifier,validation,2013-10-31,0.10268592362435232,6688
temporal_tabular_small_random_classifier,validation,2013-11-29,0.023803119414101695,6714
temporal_tabular_small_random_classifier,validation,2013-12-31,-0.18136688523884514,6716
temporal_tabular_small_random_classifier,validation,2014-01-31,-0.011864509723605102,6746
temporal_tabular_small_random_classifier,validation,2014-02-28,0.1791871256702075,6767
temporal_tabular_small_random_classifier,validation,2014-03-31,0.230617847322288,6793
temporal_tabular_small_random_classifier,validation,2014-04-30,0.13086410664022258,6815
temporal_tabular_small_random_classifier,validation,2014-05-30,-0.036851154285739596,6849
temporal_tabular_small_random_classifier,validation,2014-06-30,0.10919617260345273,6886
temporal_tabular_small_random_classifier,validation,2014-07-31,0.11357509779952844,6922
temporal_tabular_small_random_classifier,validation,2014-08-29,0.11986190717472142,6946
temporal_tabular_small_random_classifier,validation,2014-09-30,0.23922575284183972,6951
temporal_tabular_small_random_classifier,validation,2014-10-31,0.14934560622234877,6977
temporal_tabular_small_random_classifier,validation,2014-11-28,0.15778093066979462,7001
temporal_tabular_small_random_classifier,validation,2014-12-31,0.03944828306177528,6993
temporal_tabular_small_random_classifier,validation,2015-01-30,-0.05293771134664214,6981
temporal_tabular_small_random_classifier,validation,2015-02-27,0.21581031680528456,6995
temporal_tabular_small_random_classifier,validation,2015-03-31,-0.14905147189855839,7000
temporal_tabular_small_random_classifier,validation,2015-04-30,0.10424617754293058,7028
temporal_tabular_small_random_classifier,validation,2015-05-29,0.13597281066351044,7048
temporal_tabular_small_random_classifier,validation,2015-06-30,0.27672106209298697,7085
temporal_tabular_small_random_classifier,validation,2015-07-31,0.10460860314534573,7140
temporal_tabular_small_random_classifier,validation,2015-08-31,0.3138790854480857,7146
temporal_tabular_small_random_classifier,validation,2015-09-30,0.014277349552440498,7146
temporal_tabular_small_random_classifier,validation,2015-10-30,0.12430069941006004,7151
temporal_tabular_small_random_classifier,validation,2015-11-30,0.16552407466488853,7177
temporal_tabular_small_random_er_train,test,2015-12-31,0.1966595234827592,7175
temporal_tabular_small_random_er_train,test,2016-01-29,0.049638528786171025,7146
temporal_tabular_small_random_er_train,test,2016-02-29,-0.014980120492883426,7134
temporal_tabular_small_random_er_train,test,2016-03-31,-0.06482892121105589,7115
temporal_tabular_small_random_er_train,test,2016-04-29,0.06273589668064657,7106
temporal_tabular_small_random_er_train,test,2016-05-31,0.03752123437095046,7115
temporal_tabular_small_random_er_train,test,2016-06-30,0.05740182883142784,7119
temporal_tabular_small_random_er_train,test,2016-07-29,0.029121196677904134,7119
temporal_tabular_small_random_er_train,test,2016-08-31,-0.003262423339904667,7082
temporal_tabular_small_random_er_train,test,2016-09-30,0.09178225358652886,7090
temporal_tabular_small_random_er_train,test,2016-10-31,0.2406739697622592,7107
temporal_tabular_small_random_er_train,test,2016-11-30,0.18459882214096343,7096
temporal_tabular_small_random_er_train,test,2016-12-30,-0.10381464431342506,7108
temporal_tabular_small_random_er_train,test,2017-01-31,0.01623068793635837,7126
temporal_tabular_small_random_er_train,test,2017-02-28,-0.007999144009641725,7109
temporal_tabular_small_random_er_train,test,2017-03-31,0.10237618576115293,7110
temporal_tabular_small_random_er_train,test,2017-04-28,-0.021106838885443433,7129
temporal_tabular_small_random_er_train,test,2017-05-31,0.09525647805746058,7144
temporal_tabular_small_random_er_train,test,2017-06-30,0.031397917690671615,7146
temporal_tabular_small_random_er_train,test,2017-07-31,-0.004182168786124561,7157
temporal_tabular_small_random_er_train,test,2017-08-31,0.13903047065090407,7132
temporal_tabular_small_random_er_train,test,2017-09-29,0.11952029645177072,7116
temporal_tabular_small_random_er_train,test,2017-10-31,0.08963523630407362,7152
temporal_tabular_small_random_er_train,test,2017-11-30,-0.0366706408344501,7206
temporal_tabular_small_random_er_train,test,2017-12-29,0.03999769499812958,7205
temporal_tabular_small_random_er_train,test,2018-01-31,-0.05354194592598927,7242
temporal_tabular_small_random_er_train,test,2018-02-28,0.10852437189583455,7264
temporal_tabular_small_random_er_train,test,2018-03-29,0.03489313026995293,7211
temporal_tabular_small_random_er_train,test,2018-04-30,0.10275144480734912,7258
temporal_tabular_small_random_er_train,test,2018-05-31,0.07683337535856936,7270
temporal_tabular_small_random_er_train,test,2018-06-29,0.10979166619347967,7322
temporal_tabular_small_random_er_train,test,2018-07-31,0.031467420376644725,7355
temporal_tabular_small_random_er_train,test,2018-08-31,-0.027292711834767978,7344
temporal_tabular_small_random_er_train,test,2018-09-28,-0.008403142370106347,7373
temporal_tabular_small_random_er_train,test,2018-10-31,0.08549012064425857,7413
temporal_tabular_small_random_er_train,test,2018-11-30,-0.020105356374609487,7412
temporal_tabular_small_random_er_train,test,2018-12-31,-0.022421102313302587,7407
temporal_tabular_small_random_er_train,test,2019-01-31,0.04884086850826427,7408
temporal_tabular_small_random_er_train,test,2019-02-28,-0.08275553252583953,7390
temporal_tabular_small_random_er_train,test,2019-03-29,0.09472813913406637,7390
temporal_tabular_small_random_er_train,test,2019-04-30,-0.015056422202268811,7396
temporal_tabular_small_random_er_train,test,2019-05-31,0.11658766383049954,7458
temporal_tabular_small_random_er_train,test,2019-06-28,0.09763756867025512,7471
temporal_tabular_small_random_er_train,test,2019-07-31,-0.059655074308185445,7494
temporal_tabular_small_random_er_train,test,2019-08-30,0.1179024765441525,7486
temporal_tabular_small_random_er_train,test,2019-09-30,0.05314203179864676,7500
temporal_tabular_small_random_er_train,test,2019-10-31,0.05887673718713204,7504
temporal_tabular_small_random_er_train,test,2019-11-29,-0.025749961240578073,7501
temporal_tabular_small_random_er_train,test,2019-12-31,-0.08507619556925278,7500
temporal_tabular_small_random_er_train,test,2020-01-31,-0.10894765905981976,7506
temporal_tabular_small_random_er_train,test,2020-02-28,-0.106592263281456,7506
temporal_tabular_small_random_er_train,test,2020-03-31,0.05240572679278142,7475
temporal_tabular_small_random_er_train,test,2020-04-30,-0.011428198127172953,7480
temporal_tabular_small_random_er_train,test,2020-05-29,0.009595281537938292,7473
temporal_tabular_small_random_er_train,test,2020-06-30,-0.0021635688940021005,7519
temporal_tabular_small_random_er_train,test,2020-07-31,0.037563639445346804,7547
temporal_tabular_small_random_er_train,test,2020-08-31,-0.024104948480622775,7574
temporal_tabular_small_random_er_train,test,2020-09-30,0.10976800878498069,7628
temporal_tabular_small_random_er_train,test,2020-10-30,0.017489059203927876,7701
temporal_tabular_small_random_er_train,test,2020-11-30,0.08977509980953713,7773
temporal_tabular_small_random_er_train,test,2020-12-31,-0.10182969934641906,7875
temporal_tabular_small_random_er_train,test,2021-01-29,0.15966786644292902,7964
temporal_tabular_small_random_er_train,test,2021-02-26,0.1795852767711562,8055
temporal_tabular_small_random_er_train,test,2021-03-31,0.19853644261867207,8212
temporal_tabular_small_random_er_train,test,2021-04-30,0.1368709586059943,8360
temporal_tabular_small_random_er_train,test,2021-05-28,-0.17365573244625956,8479
temporal_tabular_small_random_er_train,test,2021-06-30,0.10185353554439712,8587
temporal_tabular_small_random_er_train,test,2021-07-30,0.026414317932370947,8722
temporal_tabular_small_random_er_train,test,2021-08-31,0.08566115052062513,8776
temporal_tabular_small_random_er_train,test,2021-09-30,0.12053522484317669,8872
temporal_tabular_small_random_er_train,test,2021-10-29,0.07958960323993672,8968
temporal_tabular_small_random_er_train,test,2021-11-30,0.22634204141312486,9068
temporal_tabular_small_random_er_train,test,2021-12-31,0.11721716880203066,9189
temporal_tabular_small_random_er_train,test,2022-01-31,0.13746813626757998,9272
temporal_tabular_small_random_er_train,test,2022-02-28,-0.0027812812912700736,9347
temporal_tabular_small_random_er_train,test,2022-03-31,0.10729111392458857,9382
temporal_tabular_small_random_er_train,test,2022-04-29,0.07801404218652748,9421
temporal_tabular_small_random_er_train,test,2022-05-31,-0.0657306547832282,9432
temporal_tabular_small_random_er_train,test,2022-06-30,0.07259178216237563,9457
temporal_tabular_small_random_er_train,test,2022-07-29,0.05744673385581212,9458
temporal_tabular_small_random_er_train,test,2022-08-31,0.034569336258440844,9469
temporal_tabular_small_random_er_train,test,2022-09-30,0.2225851371462179,9495
temporal_tabular_small_random_er_train,test,2022-10-31,-0.0008276762237167761,9483
temporal_tabular_small_random_er_train,test,2022-11-30,0.02651867553222107,9465
temporal_tabular_small_random_er_train,test,2022-12-30,-0.05899232721526273,9402
temporal_tabular_small_random_er_train,test,2023-01-31,0.12150022474617453,9376
temporal_tabular_small_random_er_train,test,2023-02-28,-0.019531746672548752,9352
temporal_tabular_small_random_er_train,test,2023-03-31,-0.053948430414896685,9324
temporal_tabular_small_random_er_train,test,2023-04-28,-0.07617518739307244,9298
temporal_tabular_small_random_er_train,test,2023-05-31,0.18990561551251925,9304
temporal_tabular_small_random_er_train,test,2023-06-30,0.10527390983972934,9291
temporal_tabular_small_random_er_train,test,2023-07-31,0.0238515093591478,9265
temporal_tabular_small_random_er_train,test,2023-08-31,0.06432302597646411,9278
temporal_tabular_small_random_er_train,test,2023-09-29,0.03419675836720525,9318
temporal_tabular_small_random_er_train,test,2023-10-31,0.04776524917939694,9331
temporal_tabular_small_random_er_train,test,2023-11-30,0.11954258797458972,9327
temporal_tabular_small_random_er_train,test,2023-12-29,-0.03939314045687297,9309
temporal_tabular_small_random_er_train,test,2024-01-31,-0.01146332616460664,9367
temporal_tabular_small_random_er_train,test,2024-02-29,0.1615320625740433,9327
temporal_tabular_small_random_er_train,test,2024-03-28,-0.001425703342944591,9334
temporal_tabular_small_random_er_train,test,2024-04-30,0.0832281504745293,9344
temporal_tabular_small_random_er_train,test,2024-05-31,-0.027870095928058263,9372
temporal_tabular_small_random_er_train,test,2024-06-28,0.21737864909472385,9404
temporal_tabular_small_random_er_train,test,2024-07-31,-0.01217244861319967,9436
temporal_tabular_small_random_er_train,test,2024-08-30,0.05440769582261706,9439
temporal_tabular_small_random_er_train,test,2024-09-30,0.06780975021680206,9542
temporal_tabular_small_random_er_train,test,2024-10-31,0.19667403093715802,9583
temporal_tabular_small_random_er_train,validation,2010-12-31,-0.0015864364839561045,6508
temporal_tabular_small_random_er_train,validation,2011-01-31,0.11273833388830332,6534
temporal_tabular_small_random_er_train,validation,2011-02-28,0.12318555290963337,6533
temporal_tabular_small_random_er_train,validation,2011-03-31,0.05427530689956841,6542
temporal_tabular_small_random_er_train,validation,2011-04-29,-0.009423874878841157,6561
temporal_tabular_small_random_er_train,validation,2011-05-31,0.0829267773125143,6593
temporal_tabular_small_random_er_train,validation,2011-06-30,-0.03429180865721101,6612
temporal_tabular_small_random_er_train,validation,2011-07-29,-0.0014259899107274862,6621
temporal_tabular_small_random_er_train,validation,2011-08-31,0.025805857056568186,6621
temporal_tabular_small_random_er_train,validation,2011-09-30,0.10757405777194756,6627
temporal_tabular_small_random_er_train,validation,2011-10-31,0.18431812069902875,6612
temporal_tabular_small_random_er_train,validation,2011-11-30,0.06197651044858235,6610
temporal_tabular_small_random_er_train,validation,2011-12-30,-0.03228324977378564,6604
temporal_tabular_small_random_er_train,validation,2012-01-31,0.013698645836296396,6625
temporal_tabular_small_random_er_train,validation,2012-02-29,0.1244545364359805,6651
temporal_tabular_small_random_er_train,validation,2012-03-30,-0.006215133662809527,6663
temporal_tabular_small_random_er_train,validation,2012-04-30,-0.08445703656332591,6681
temporal_tabular_small_random_er_train,validation,2012-05-31,0.02901978269891999,6689
temporal_tabular_small_random_er_train,validation,2012-06-29,-0.04910252002488823,6667
temporal_tabular_small_random_er_train,validation,2012-07-31,0.06936927303164912,6669
temporal_tabular_small_random_er_train,validation,2012-08-31,0.043302688704334444,6638
temporal_tabular_small_random_er_train,validation,2012-09-28,-0.005974212354182152,6610
temporal_tabular_small_random_er_train,validation,2012-10-31,0.020285242041131243,6592
temporal_tabular_small_random_er_train,validation,2012-11-30,0.10076185533709744,6587
temporal_tabular_small_random_er_train,validation,2012-12-31,0.11016395085734726,6581
temporal_tabular_small_random_er_train,validation,2013-01-31,0.0833345094502822,6571
temporal_tabular_small_random_er_train,validation,2013-02-28,0.14559085740992492,6574
temporal_tabular_small_random_er_train,validation,2013-03-28,-0.06892920137921411,6551
temporal_tabular_small_random_er_train,validation,2013-04-30,0.21199773384920886,6563
temporal_tabular_small_random_er_train,validation,2013-05-31,0.15708458647946777,6583
temporal_tabular_small_random_er_train,validation,2013-06-28,0.13902144614193787,6602
temporal_tabular_small_random_er_train,validation,2013-07-31,-0.02501717559905043,6626
temporal_tabular_small_random_er_train,validation,2013-08-30,0.10536687276277457,6645
temporal_tabular_small_random_er_train,validation,2013-09-30,0.11132574386182836,6657
temporal_tabular_small_random_er_train,validation,2013-10-31,0.17297746858635513,6688
temporal_tabular_small_random_er_train,validation,2013-11-29,0.03280194258508177,6714
temporal_tabular_small_random_er_train,validation,2013-12-31,-0.1992678748351539,6716
temporal_tabular_small_random_er_train,validation,2014-01-31,0.0010867044976021786,6746
temporal_tabular_small_random_er_train,validation,2014-02-28,0.1255711220921708,6767
temporal_tabular_small_random_er_train,validation,2014-03-31,0.08602113474412147,6793
temporal_tabular_small_random_er_train,validation,2014-04-30,0.05942197723429166,6815
temporal_tabular_small_random_er_train,validation,2014-05-30,0.03332090814118909,6849
temporal_tabular_small_random_er_train,validation,2014-06-30,-0.029622219138459797,6886
temporal_tabular_small_random_er_train,validation,2014-07-31,0.12791002665106768,6922
temporal_tabular_small_random_er_train,validation,2014-08-29,-0.016708759052410135,6946
temporal_tabular_small_random_er_train,validation,2014-09-30,0.17592676103377397,6951
temporal_tabular_small_random_er_train,validation,2014-10-31,0.05714902058334332,6977
temporal_tabular_small_random_er_train,validation,2014-11-28,0.18924939878260205,7001
temporal_tabular_small_random_er_train,validation,2014-12-31,-0.06332699478482517,6993
temporal_tabular_small_random_er_train,validation,2015-01-30,0.012384973957266173,6981
temporal_tabular_small_random_er_train,validation,2015-02-27,0.19387411163125431,6995
temporal_tabular_small_random_er_train,validation,2015-03-31,-0.16979007417648126,7000
temporal_tabular_small_random_er_train,validation,2015-04-30,0.10021021632246495,7028
temporal_tabular_small_random_er_train,validation,2015-05-29,0.14777860341801619,7048
temporal_tabular_small_random_er_train,validation,2015-06-30,0.12226333443052292,7085
temporal_tabular_small_random_er_train,validation,2015-07-31,0.05692202805194961,7140
temporal_tabular_small_random_er_train,validation,2015-08-31,0.18445270596433558,7146
temporal_tabular_small_random_er_train,validation,2015-09-30,0.040016567590201634,7146
temporal_tabular_small_random_er_train,validation,2015-10-30,0.13980994101884836,7151
temporal_tabular_small_random_er_train,validation,2015-11-30,0.019031236187114844,7177
temporal_tabular_tiny_random_classifier,test,2015-12-31,0.27179365067986666,7175
temporal_tabular_tiny_random_classifier,test,2016-01-29,0.05693281681807161,7146
temporal_tabular_tiny_random_classifier,test,2016-02-29,-0.028059734968501723,7134
temporal_tabular_tiny_random_classifier,test,2016-03-31,-0.13771887685218964,7115
temporal_tabular_tiny_random_classifier,test,2016-04-29,0.16080177280300625,7106
temporal_tabular_tiny_random_classifier,test,2016-05-31,0.08155989992620742,7115
temporal_tabular_tiny_random_classifier,test,2016-06-30,-0.0069941412190569294,7119
temporal_tabular_tiny_random_classifier,test,2016-07-29,0.03139143552784477,7119
temporal_tabular_tiny_random_classifier,test,2016-08-31,-0.06656182211829136,7082
temporal_tabular_tiny_random_classifier,test,2016-09-30,0.26579256484033903,7090
temporal_tabular_tiny_random_classifier,test,2016-10-31,0.08329383788770044,7107
temporal_tabular_tiny_random_classifier,test,2016-11-30,0.23222874965552226,7096
temporal_tabular_tiny_random_classifier,test,2016-12-30,-0.04743793690732065,7108
temporal_tabular_tiny_random_classifier,test,2017-01-31,0.12450637577280478,7126
temporal_tabular_tiny_random_classifier,test,2017-02-28,0.03893091836454327,7109
temporal_tabular_tiny_random_classifier,test,2017-03-31,0.1792886721295747,7110
temporal_tabular_tiny_random_classifier,test,2017-04-28,0.12525797014083315,7129
temporal_tabular_tiny_random_classifier,test,2017-05-31,0.03893670177283229,7144
temporal_tabular_tiny_random_classifier,test,2017-06-30,0.11821565913385947,7146
temporal_tabular_tiny_random_classifier,test,2017-07-31,0.07143895987316543,7157
temporal_tabular_tiny_random_classifier,test,2017-08-31,0.051190503790680436,7132
temporal_tabular_tiny_random_classifier,test,2017-09-29,0.20739096739331678,7116
temporal_tabular_tiny_random_classifier,test,2017-10-31,0.09276512540285353,7152
temporal_tabular_tiny_random_classifier,test,2017-11-30,-0.011231221914011734,7206
temporal_tabular_tiny_random_classifier,test,2017-12-29,0.09405753725033555,7205
temporal_tabular_tiny_random_classifier,test,2018-01-31,0.005132394804459214,7242
temporal_tabular_tiny_random_classifier,test,2018-02-28,0.0897640859963535,7264
temporal_tabular_tiny_random_classifier,test,2018-03-29,0.004428336872795824,7211
temporal_tabular_tiny_random_classifier,test,2018-04-30,-7.378504989133932e-05,7258
temporal_tabular_tiny_random_classifier,test,2018-05-31,0.08329243297125714,7270
temporal_tabular_tiny_random_classifier,test,2018-06-29,0.17550726925165547,7322
temporal_tabular_tiny_random_classifier,test,2018-07-31,0.032952652526372285,7355
temporal_tabular_tiny_random_classifier,test,2018-08-31,0.05694322202388031,7344
temporal_tabular_tiny_random_classifier,test,2018-09-28,0.1281296360317762,7373
temporal_tabular_tiny_random_classifier,test,2018-10-31,0.17779283541789162,7413
temporal_tabular_tiny_random_classifier,test,2018-11-30,0.13158878578633404,7412
temporal_tabular_tiny_random_classifier,test,2018-12-31,-0.142206328312117,7407
temporal_tabular_tiny_random_classifier,test,2019-01-31,0.011602533439269638,7408
temporal_tabular_tiny_random_classifier,test,2019-02-28,0.0363348208118692,7390
temporal_tabular_tiny_random_classifier,test,2019-03-29,0.17874907728925668,7390
temporal_tabular_tiny_random_classifier,test,2019-04-30,0.14684710282455976,7396
temporal_tabular_tiny_random_classifier,test,2019-05-31,0.14130486488540245,7458
temporal_tabular_tiny_random_classifier,test,2019-06-28,0.19472939111592732,7471
temporal_tabular_tiny_random_classifier,test,2019-07-31,0.12083853176164379,7494
temporal_tabular_tiny_random_classifier,test,2019-08-30,0.16744413459953605,7486
temporal_tabular_tiny_random_classifier,test,2019-09-30,0.142257497411478,7500
temporal_tabular_tiny_random_classifier,test,2019-10-31,0.04852127777537275,7504
temporal_tabular_tiny_random_classifier,test,2019-11-29,-0.03628395082257003,7501
temporal_tabular_tiny_random_classifier,test,2019-12-31,0.024400472038540046,7500
temporal_tabular_tiny_random_classifier,test,2020-01-31,-0.036123892062474815,7506
temporal_tabular_tiny_random_classifier,test,2020-02-28,0.06153028639008712,7506
temporal_tabular_tiny_random_classifier,test,2020-03-31,-0.161136444348059,7475
temporal_tabular_tiny_random_classifier,test,2020-04-30,-0.050561524326073484,7480
temporal_tabular_tiny_random_classifier,test,2020-05-29,-0.1146678245821371,7473
temporal_tabular_tiny_random_classifier,test,2020-06-30,0.07344666414283911,7519
temporal_tabular_tiny_random_classifier,test,2020-07-31,0.11410229098347324,7547
temporal_tabular_tiny_random_classifier,test,2020-08-31,0.08358985845112818,7574
temporal_tabular_tiny_random_classifier,test,2020-09-30,0.12829395777748168,7628
temporal_tabular_tiny_random_classifier,test,2020-10-30,-0.1609845776006134,7701
temporal_tabular_tiny_random_classifier,test,2020-11-30,0.03130311527831123,7773
temporal_tabular_tiny_random_classifier,test,2020-12-31,-0.2543405518852772,7875
temporal_tabular_tiny_random_classifier,test,2021-01-29,0.05825495157752134,7964
temporal_tabular_tiny_random_classifier,test,2021-02-26,0.32536552894290877,8055
temporal_tabular_tiny_random_classifier,test,2021-03-31,0.2849778446495778,8212
temporal_tabular_tiny_random_classifier,test,2021-04-30,0.19197049239022348,8360
temporal_tabular_tiny_random_classifier,test,2021-05-28,-0.1858029147422325,8479
temporal_tabular_tiny_random_classifier,test,2021-06-30,0.3778858673683226,8587
temporal_tabular_tiny_random_classifier,test,2021-07-30,0.11234862602549316,8722
temporal_tabular_tiny_random_classifier,test,2021-08-31,0.12593575953686476,8776
temporal_tabular_tiny_random_classifier,test,2021-09-30,0.267884958402442,8872
temporal_tabular_tiny_random_classifier,test,2021-10-29,0.2661503097059713,8968
temporal_tabular_tiny_random_classifier,test,2021-11-30,0.42862213454390985,9068
temporal_tabular_tiny_random_classifier,test,2021-12-31,0.2805180151178159,9189
temporal_tabular_tiny_random_classifier,test,2022-01-31,0.0998077359457591,9272
temporal_tabular_tiny_random_classifier,test,2022-02-28,0.05843749525518145,9347
temporal_tabular_tiny_random_classifier,test,2022-03-31,0.3624674452952971,9382
temporal_tabular_tiny_random_classifier,test,2022-04-29,0.25131811217535077,9421
temporal_tabular_tiny_random_classifier,test,2022-05-31,0.06383729119793399,9432
temporal_tabular_tiny_random_classifier,test,2022-06-30,0.0472898440719352,9457
temporal_tabular_tiny_random_classifier,test,2022-07-29,-0.019151789048335872,9458
temporal_tabular_tiny_random_classifier,test,2022-08-31,0.2676911887847524,9469
temporal_tabular_tiny_random_classifier,test,2022-09-30,0.27661465041554245,9495
temporal_tabular_tiny_random_classifier,test,2022-10-31,0.24686656403160437,9483
temporal_tabular_tiny_random_classifier,test,2022-11-30,0.19456299460996324,9465
temporal_tabular_tiny_random_classifier,test,2022-12-30,-0.2685585812511772,9402
temporal_tabular_tiny_random_classifier,test,2023-01-31,0.2002368227653022,9376
temporal_tabular_tiny_random_classifier,test,2023-02-28,0.206436656211837,9352
temporal_tabular_tiny_random_classifier,test,2023-03-31,0.1523197131199833,9324
temporal_tabular_tiny_random_classifier,test,2023-04-28,-0.07344791732404247,9298
temporal_tabular_tiny_random_classifier,test,2023-05-31,0.19167176385428578,9304
temporal_tabular_tiny_random_classifier,test,2023-06-30,0.07834279364372264,9291
temporal_tabular_tiny_random_classifier,test,2023-07-31,0.23070938239233144,9265
temporal_tabular_tiny_random_classifier,test,2023-08-31,0.19031451930370033,9278
temporal_tabular_tiny_random_classifier,test,2023-09-29,0.20690826545854332,9318
temporal_tabular_tiny_random_classifier,test,2023-10-31,0.10956648648247838,9331
temporal_tabular_tiny_random_classifier,test,2023-11-30,0.03358792552262207,9327
temporal_tabular_tiny_random_classifier,test,2023-12-29,0.17023650648730682,9309
temporal_tabular_tiny_random_classifier,test,2024-01-31,0.045691277858408354,9367
temporal_tabular_tiny_random_classifier,test,2024-02-29,0.2409322771608399,9327
temporal_tabular_tiny_random_classifier,test,2024-03-28,0.12707335371785317,9334
temporal_tabular_tiny_random_classifier,test,2024-04-30,0.1533030452690713,9344
temporal_tabular_tiny_random_classifier,test,2024-05-31,0.2057160060815188,9372
temporal_tabular_tiny_random_classifier,test,2024-06-28,0.14352895291097775,9404
temporal_tabular_tiny_random_classifier,test,2024-07-31,0.25665666180936375,9436
temporal_tabular_tiny_random_classifier,test,2024-08-30,0.10852122504843333,9439
temporal_tabular_tiny_random_classifier,test,2024-09-30,0.06279944017982801,9542
temporal_tabular_tiny_random_classifier,test,2024-10-31,0.1833245717270837,9583
temporal_tabular_tiny_random_classifier,validation,2010-12-31,0.038659385988367274,6508
temporal_tabular_tiny_random_classifier,validation,2011-01-31,0.08852980334263683,6534
temporal_tabular_tiny_random_classifier,validation,2011-02-28,0.16240160037977672,6533
temporal_tabular_tiny_random_classifier,validation,2011-03-31,0.15573592488156995,6542
temporal_tabular_tiny_random_classifier,validation,2011-04-29,0.13685797642928124,6561
temporal_tabular_tiny_random_classifier,validation,2011-05-31,0.19946452628133474,6593
temporal_tabular_tiny_random_classifier,validation,2011-06-30,-0.003722575083960821,6612
temporal_tabular_tiny_random_classifier,validation,2011-07-29,0.19975705433807342,6621
temporal_tabular_tiny_random_classifier,validation,2011-08-31,0.19278697270192793,6621
temporal_tabular_tiny_random_classifier,validation,2011-09-30,0.007449286524586937,6627
temporal_tabular_tiny_random_classifier,validation,2011-10-31,0.2610461941834569,6612
temporal_tabular_tiny_random_classifier,validation,2011-11-30,0.18015431169709953,6610
temporal_tabular_tiny_random_classifier,validation,2011-12-30,-0.20495195067044714,6604
temporal_tabular_tiny_random_classifier,validation,2012-01-31,0.018591083814339486,6625
temporal_tabular_tiny_random_classifier,validation,2012-02-29,0.11782724895091008,6651
temporal_tabular_tiny_random_classifier,validation,2012-03-30,0.18957780422082982,6663
temporal_tabular_tiny_random_classifier,validation,2012-04-30,0.13800794734303232,6681
temporal_tabular_tiny_random_classifier,validation,2012-05-31,0.07446421755182808,6689
temporal_tabular_tiny_random_classifier,validation,2012-06-29,0.1447107904502633,6667
temporal_tabular_tiny_random_classifier,validation,2012-07-31,0.03679656346834645,6669
temporal_tabular_tiny_random_classifier,validation,2012-08-31,0.009680860289878811,6638
temporal_tabular_tiny_random_classifier,validation,2012-09-28,0.180144271028554,6610
temporal_tabular_tiny_random_classifier,validation,2012-10-31,0.09570611729823726,6592
temporal_tabular_tiny_random_classifier,validation,2012-11-30,0.07188672989751888,6587
temporal_tabular_tiny_random_classifier,validation,2012-12-31,0.05807483213280551,6581
temporal_tabular_tiny_random_classifier,validation,2013-01-31,0.15806513167064737,6571
temporal_tabular_tiny_random_classifier,validation,2013-02-28,0.13127059956498732,6574
temporal_tabular_tiny_random_classifier,validation,2013-03-28,0.059569528903495914,6551
temporal_tabular_tiny_random_classifier,validation,2013-04-30,0.0008710224066365323,6563
temporal_tabular_tiny_random_classifier,validation,2013-05-31,0.1478139510051114,6583
temporal_tabular_tiny_random_classifier,validation,2013-06-28,0.047156870162995,6602
temporal_tabular_tiny_random_classifier,validation,2013-07-31,-0.07540344588865353,6626
temporal_tabular_tiny_random_classifier,validation,2013-08-30,0.06361680192104255,6645
temporal_tabular_tiny_random_classifier,validation,2013-09-30,0.1961820897224575,6657
temporal_tabular_tiny_random_classifier,validation,2013-10-31,0.09951382106681629,6688
temporal_tabular_tiny_random_classifier,validation,2013-11-29,0.044319322449243755,6714
temporal_tabular_tiny_random_classifier,validation,2013-12-31,-0.20781662537807216,6716
temporal_tabular_tiny_random_classifier,validation,2014-01-31,0.026442553854512434,6746
temporal_tabular_tiny_random_classifier,validation,2014-02-28,0.1647640016155675,6767
temporal_tabular_tiny_random_classifier,validation,2014-03-31,0.23023852918285045,6793
temporal_tabular_tiny_random_classifier,validation,2014-04-30,0.14647242872800156,6815
temporal_tabular_tiny_random_classifier,validation,2014-05-30,-0.03650500587937816,6849
temporal_tabular_tiny_random_classifier,validation,2014-06-30,0.1274879485901821,6886
temporal_tabular_tiny_random_classifier,validation,2014-07-31,0.10961458917492652,6922
temporal_tabular_tiny_random_classifier,validation,2014-08-29,0.12041140521435777,6946
temporal_tabular_tiny_random_classifier,validation,2014-09-30,0.21167593920604053,6951
temporal_tabular_tiny_random_classifier,validation,2014-10-31,0.14958116305068786,6977
temporal_tabular_tiny_random_classifier,validation,2014-11-28,0.13090035677737522,7001
temporal_tabular_tiny_random_classifier,validation,2014-12-31,0.03234180931916298,6993
temporal_tabular_tiny_random_classifier,validation,2015-01-30,-0.03000060547610917,6981
temporal_tabular_tiny_random_classifier,validation,2015-02-27,0.20375318971005754,6995
temporal_tabular_tiny_random_classifier,validation,2015-03-31,-0.11864829122074703,7000
temporal_tabular_tiny_random_classifier,validation,2015-04-30,0.12754089192686113,7028
temporal_tabular_tiny_random_classifier,validation,2015-05-29,0.13741386802336683,7048
temporal_tabular_tiny_random_classifier,validation,2015-06-30,0.25554000721361625,7085
temporal_tabular_tiny_random_classifier,validation,2015-07-31,0.07952675800614573,7140
temporal_tabular_tiny_random_classifier,validation,2015-08-31,0.2761273232640911,7146
temporal_tabular_tiny_random_classifier,validation,2015-09-30,0.041912725921943284,7146
temporal_tabular_tiny_random_classifier,validation,2015-10-30,0.1032500779528304,7151
temporal_tabular_tiny_random_classifier,validation,2015-11-30,0.1483043341019104,7177
temporal_tabular_tiny_random_er_train,test,2015-12-31,0.1609602172400513,7175
temporal_tabular_tiny_random_er_train,test,2016-01-29,0.0628492666213811,7146
temporal_tabular_tiny_random_er_train,test,2016-02-29,0.023526863840958537,7134
temporal_tabular_tiny_random_er_train,test,2016-03-31,-0.08953873441288152,7115
temporal_tabular_tiny_random_er_train,test,2016-04-29,0.11327613179772478,7106
temporal_tabular_tiny_random_er_train,test,2016-05-31,0.023988277913881383,7115
temporal_tabular_tiny_random_er_train,test,2016-06-30,0.07178947924780685,7119
temporal_tabular_tiny_random_er_train,test,2016-07-29,0.05377837203426663,7119
temporal_tabular_tiny_random_er_train,test,2016-08-31,-0.02392405783829327,7082
temporal_tabular_tiny_random_er_train,test,2016-09-30,0.19287568488001486,7090
temporal_tabular_tiny_random_er_train,test,2016-10-31,0.19633898012404738,7107
temporal_tabular_tiny_random_er_train,test,2016-11-30,0.18792466034499644,7096
temporal_tabular_tiny_random_er_train,test,2016-12-30,-0.07213958833656892,7108
temporal_tabular_tiny_random_er_train,test,2017-01-31,0.05760215768133306,7126
temporal_tabular_tiny_random_er_train,test,2017-02-28,0.02254006723069229,7109
temporal_tabular_tiny_random_er_train,test,2017-03-31,0.1381646769347865,7110
temporal_tabular_tiny_random_er_train,test,2017-04-28,0.03855776855726257,7129
temporal_tabular_tiny_random_er_train,test,2017-05-31,0.08150805943431248,7144
temporal_tabular_tiny_random_er_train,test,2017-06-30,0.06712891212423151,7146
temporal_tabular_tiny_random_er_train,test,2017-07-31,0.013879478506029067,7157
temporal_tabular_tiny_random_er_train,test,2017-08-31,0.14393499125889436,7132
temporal_tabular_tiny_random_er_train,test,2017-09-29,0.15980037407835637,7116
temporal_tabular_tiny_random_er_train,test,2017-10-31,0.09788723676661203,7152
temporal_tabular_tiny_random_er_train,test,2017-11-30,-0.02238602450023954,7206
temporal_tabular_tiny_random_er_train,test,2017-12-29,0.0811341946259655,7205
temporal_tabular_tiny_random_er_train,test,2018-01-31,-0.02095929780869451,7242
temporal_tabular_tiny_random_er_train,test,2018-02-28,0.10717593480621272,7264
temporal_tabular_tiny_random_er_train,test,2018-03-29,0.013810006141392196,7211
temporal_tabular_tiny_random_er_train,test,2018-04-30,0.068652007162886,7258
temporal_tabular_tiny_random_er_train,test,2018-05-31,0.09468647360879312,7270
temporal_tabular_tiny_random_er_train,test,2018-06-29,0.10832735674481735,7322
temporal_tabular_tiny_random_er_train,test,2018-07-31,0.04580928548856418,7355
temporal_tabular_tiny_random_er_train,test,2018-08-31,0.012642446649113698,7344
temporal_tabular_tiny_random_er_train,test,2018-09-28,0.02172808144659737,7373
temporal_tabular_tiny_random_er_train,test,2018-10-31,0.10867845581107598,7413
temporal_tabular_tiny_random_er_train,test,2018-11-30,-0.029957536594106993,7412
temporal_tabular_tiny_random_er_train,test,2018-12-31,-0.01969361154204304,7407
temporal_tabular_tiny_random_er_train,test,2019-01-31,0.04219551117609878,7408
temporal_tabular_tiny_random_er_train,test,2019-02-28,-0.06316175615334374,7390
temporal_tabular_tiny_random_er_train,test,2019-03-29,0.18098530369039495,7390
temporal_tabular_tiny_random_er_train,test,2019-04-30,0.01874719041117784,7396
temporal_tabular_tiny_random_er_train,test,2019-05-31,0.17553166852115643,7458
temporal_tabular_tiny_random_er_train,test,2019-06-28,0.15506684491525702,7471
temporal_tabular_tiny_random_er_train,test,2019-07-31,-0.01356323975640103,7494
temporal_tabular_tiny_random_er_train,test,2019-08-30,0.1980219436957111,7486
temporal_tabular_tiny_random_er_train,test,2019-09-30,0.1217255327890773,7500
temporal_tabular_tiny_random_er_train,test,2019-10-31,0.08550715551289825,7504
temporal_tabular_tiny_random_er_train,test,2019-11-29,-0.012893899068291614,7501
temporal_tabular_tiny_random_er_train,test,2019-12-31,-0.06056158079014724,7500
temporal_tabular_tiny_random_er_train,test,2020-01-31,-0.10860969511008889,7506
temporal_tabular_tiny_random_er_train,test,2020-02-28,-0.06881923740348436,7506
temporal_tabular_tiny_random_er_train,test,2020-03-31,-0.023814504771941615,7475
temporal_tabular_tiny_random_er_train,test,2020-04-30,-0.05294919196100141,7480
temporal_tabular_tiny_random_er_train,test,2020-05-29,-0.04344895575798583,7473
temporal_tabular_tiny_random_er_train,test,2020-06-30,0.02209165210501661,7519
temporal_tabular_tiny_random_er_train,test,2020-07-31,0.135536168838898,7547
temporal_tabular_tiny_random_er_train,test,2020-08-31,-0.002295102798846166,7574
temporal_tabular_tiny_random_er_train,test,2020-09-30,0.17631068615946396,7628
temporal_tabular_tiny_random_er_train,test,2020-10-30,-0.02088322150923883,7701
temporal_tabular_tiny_random_er_train,test,2020-11-30,0.10357086875284416,7773
temporal_tabular_tiny_random_er_train,test,2020-12-31,-0.15187107911109002,7875
temporal_tabular_tiny_random_er_train,test,2021-01-29,0.19472757010736066,7964
temporal_tabular_tiny_random_er_train,test,2021-02-26,0.24034240046455546,8055
temporal_tabular_tiny_random_er_train,test,2021-03-31,0.21513129066084305,8212
temporal_tabular_tiny_random_er_train,test,2021-04-30,0.17530693912877168,8360
temporal_tabular_tiny_random_er_train,test,2021-05-28,-0.18171130110002873,8479
temporal_tabular_tiny_random_er_train,test,2021-06-30,0.19005918575461025,8587
temporal_tabular_tiny_random_er_train,test,2021-07-30,0.06230556374186681,8722
temporal_tabular_tiny_random_er_train,test,2021-08-31,0.11508925880912792,8776
temporal_tabular_tiny_random_er_train,test,2021-09-30,0.21936643819682772,8872
temporal_tabular_tiny_random_er_train,test,2021-10-29,0.12733697056938187,8968
temporal_tabular_tiny_random_er_train,test,2021-11-30,0.35324259233796607,9068
temporal_tabular_tiny_random_er_train,test,2021-12-31,0.20531717573586225,9189
temporal_tabular_tiny_random_er_train,test,2022-01-31,0.14226646862203238,9272
temporal_tabular_tiny_random_er_train,test,2022-02-28,0.042413040934265143,9347
temporal_tabular_tiny_random_er_train,test,2022-03-31,0.28291604449424756,9382
temporal_tabular_tiny_random_er_train,test,2022-04-29,0.18761815932559459,9421
temporal_tabular_tiny_random_er_train,test,2022-05-31,-0.03151680665317759,9432
temporal_tabular_tiny_random_er_train,test,2022-06-30,0.08989505556553598,9457
temporal_tabular_tiny_random_er_train,test,2022-07-29,0.0032606319422421605,9458
temporal_tabular_tiny_random_er_train,test,2022-08-31,0.1819240994159982,9469
temporal_tabular_tiny_random_er_train,test,2022-09-30,0.29629967152195397,9495
temporal_tabular_tiny_random_er_train,test,2022-10-31,0.21085541963404586,9483
temporal_tabular_tiny_random_er_train,test,2022-11-30,0.1492210171812973,9465
temporal_tabular_tiny_random_er_train,test,2022-12-30,-0.15589632622509117,9402
temporal_tabular_tiny_random_er_train,test,2023-01-31,0.18373048093103272,9376
temporal_tabular_tiny_random_er_train,test,2023-02-28,0.12467597930075885,9352
temporal_tabular_tiny_random_er_train,test,2023-03-31,0.05276810647309275,9324
temporal_tabular_tiny_random_er_train,test,2023-04-28,-0.09511239322665997,9298
temporal_tabular_tiny_random_er_train,test,2023-05-31,0.2538353016059088,9304
temporal_tabular_tiny_random_er_train,test,2023-06-30,0.15620596692957608,9291
temporal_tabular_tiny_random_er_train,test,2023-07-31,0.1233850429541535,9265
temporal_tabular_tiny_random_er_train,test,2023-08-31,0.10398919594677729,9278
temporal_tabular_tiny_random_er_train,test,2023-09-29,0.07797549027688384,9318
temporal_tabular_tiny_random_er_train,test,2023-10-31,0.13317588768704539,9331
temporal_tabular_tiny_random_er_train,test,2023-11-30,0.14151055337719773,9327
temporal_tabular_tiny_random_er_train,test,2023-12-29,0.04581745372181413,9309
temporal_tabular_tiny_random_er_train,test,2024-01-31,0.03416300381244861,9367
temporal_tabular_tiny_random_er_train,test,2024-02-29,0.23442760663048745,9327
temporal_tabular_tiny_random_er_train,test,2024-03-28,0.032379965618101594,9334
temporal_tabular_tiny_random_er_train,test,2024-04-30,0.15688948640072878,9344
temporal_tabular_tiny_random_er_train,test,2024-05-31,0.09706874355106006,9372
temporal_tabular_tiny_random_er_train,test,2024-06-28,0.19599533412986705,9404
temporal_tabular_tiny_random_er_train,test,2024-07-31,0.14411179922920012,9436
temporal_tabular_tiny_random_er_train,test,2024-08-30,0.09207729519863378,9439
temporal_tabular_tiny_random_er_train,test,2024-09-30,0.06606023410940269,9542
temporal_tabular_tiny_random_er_train,test,2024-10-31,0.22169874897060216,9583
temporal_tabular_tiny_random_er_train,validation,2010-12-31,0.039059293315799264,6508
temporal_tabular_tiny_random_er_train,validation,2011-01-31,0.11844750553414463,6534
temporal_tabular_tiny_random_er_train,validation,2011-02-28,0.16587110144275294,6533
temporal_tabular_tiny_random_er_train,validation,2011-03-31,0.10381864597896309,6542
temporal_tabular_tiny_random_er_train,validation,2011-04-29,0.026160018862301272,6561
temporal_tabular_tiny_random_er_train,validation,2011-05-31,0.1346905000061594,6593
temporal_tabular_tiny_random_er_train,validation,2011-06-30,-0.03494966490184867,6612
temporal_tabular_tiny_random_er_train,validation,2011-07-29,0.0005406741386010288,6621
temporal_tabular_tiny_random_er_train,validation,2011-08-31,0.04400418169647003,6621
temporal_tabular_tiny_random_er_train,validation,2011-09-30,0.14061112194692846,6627
temporal_tabular_tiny_random_er_train,validation,2011-10-31,0.19550926957311918,6612
temporal_tabular_tiny_random_er_train,validation,2011-11-30,0.09700713890407407,6610
temporal_tabular_tiny_random_er_train,validation,2011-12-30,-0.07749757468865133,6604
temporal_tabular_tiny_random_er_train,validation,2012-01-31,0.05088825452919045,6625
temporal_tabular_tiny_random_er_train,validation,2012-02-29,0.15291293746058238,6651
temporal_tabular_tiny_random_er_train,validation,2012-03-30,0.08729849227282747,6663
temporal_tabular_tiny_random_er_train,validation,2012-04-30,-0.01613560739753387,6681
temporal_tabular_tiny_random_er_train,validation,2012-05-31,0.07067368095674345,6689
temporal_tabular_tiny_random_er_train,validation,2012-06-29,0.017670660876252665,6667
temporal_tabular_tiny_random_er_train,validation,2012-07-31,0.08340458116218487,6669
temporal_tabular_tiny_random_er_train,validation,2012-08-31,0.04494294599711498,6638
temporal_tabular_tiny_random_er_train,validation,2012-09-28,0.10983767019271833,6610
temporal_tabular_tiny_random_er_train,validation,2012-10-31,0.09068649930908067,6592
temporal_tabular_tiny_random_er_train,validation,2012-11-30,0.14499867530921048,6587
temporal_tabular_tiny_random_er_train,validation,2012-12-31,0.11342633403724303,6581
temporal_tabular_tiny_random_er_train,validation,2013-01-31,0.13935965248673732,6571
temporal_tabular_tiny_random_er_train,validation,2013-02-28,0.16186397834972485,6574
temporal_tabular_tiny_random_er_train,validation,2013-03-28,-0.03802349345336463,6551
temporal_tabular_tiny_random_er_train,validation,2013-04-30,0.16167495977417712,6563
temporal_tabular_tiny_random_er_train,validation,2013-05-31,0.17547707233359047,6583
temporal_tabular_tiny_random_er_train,validation,2013-06-28,0.1315819789649387,6602
temporal_tabular_tiny_random_er_train,validation,2013-07-31,-0.05514102962671514,6626
temporal_tabular_tiny_random_er_train,validation,2013-08-30,0.11938511309517078,6645
temporal_tabular_tiny_random_er_train,validation,2013-09-30,0.17103588298814482,6657
temporal_tabular_tiny_random_er_train,validation,2013-10-31,0.14657578185840017,6688
temporal_tabular_tiny_random_er_train,validation,2013-11-29,0.057517907826433956,6714
temporal_tabular_tiny_random_er_train,validation,2013-12-31,-0.223848394162935,6716
temporal_tabular_tiny_random_er_train,validation,2014-01-31,0.03503444600420528,6746
temporal_tabular_tiny_random_er_train,validation,2014-02-28,0.13199241517946517,6767
temporal_tabular_tiny_random_er_train,validation,2014-03-31,0.12054167313359687,6793
temporal_tabular_tiny_random_er_train,validation,2014-04-30,0.09508944929807849,6815
temporal_tabular_tiny_random_er_train,validation,2014-05-30,0.021281583086435452,6849
temporal_tabular_tiny_random_er_train,validation,2014-06-30,0.037687869140747815,6886
temporal_tabular_tiny_random_er_train,validation,2014-07-31,0.1395923216963812,6922
temporal_tabular_tiny_random_er_train,validation,2014-08-29,0.016503502350101975,6946
temporal_tabular_tiny_random_er_train,validation,2014-09-30,0.21436064936013774,6951
temporal_tabular_tiny_random_er_train,validation,2014-10-31,0.08707447419848394,6977
temporal_tabular_tiny_random_er_train,validation,2014-11-28,0.1631974829938327,7001
temporal_tabular_tiny_random_er_train,validation,2014-12-31,-0.05620243366016718,6993
temporal_tabular_tiny_random_er_train,validation,2015-01-30,0.03994646140331677,6981
temporal_tabular_tiny_random_er_train,validation,2015-02-27,0.19145991225141232,6995
temporal_tabular_tiny_random_er_train,validation,2015-03-31,-0.12420363964454086,7000
temporal_tabular_tiny_random_er_train,validation,2015-04-30,0.12128374902733163,7028
temporal_tabular_tiny_random_er_train,validation,2015-05-29,0.14420992804159005,7048
temporal_tabular_tiny_random_er_train,validation,2015-06-30,0.11201360426935995,7085
temporal_tabular_tiny_random_er_train,validation,2015-07-31,0.03767429370035199,7140
temporal_tabular_tiny_random_er_train,validation,2015-08-31,0.14391572273845216,7146
temporal_tabular_tiny_random_er_train,validation,2015-09-30,0.06785801259249731,7146
temporal_tabular_tiny_random_er_train,validation,2015-10-30,0.1079584058717669,7151
temporal_tabular_tiny_random_er_train,validation,2015-11-30,0.04084802950895194,7177
temporal_tabular_transformer_seed362559_classifier,test,2015-12-31,0.2719468167333054,7175
temporal_tabular_transformer_seed362559_classifier,test,2016-01-29,0.04794039808126571,7146
temporal_tabular_transformer_seed362559_classifier,test,2016-02-29,-0.06566309943434398,7134
temporal_tabular_transformer_seed362559_classifier,test,2016-03-31,-0.16913713568589542,7115
temporal_tabular_transformer_seed362559_classifier,test,2016-04-29,0.11215122717268523,7106
temporal_tabular_transformer_seed362559_classifier,test,2016-05-31,0.12139622388663683,7115
temporal_tabular_transformer_seed362559_classifier,test,2016-06-30,0.00683563411464951,7119
temporal_tabular_transformer_seed362559_classifier,test,2016-07-29,-0.012179313738126436,7119
temporal_tabular_transformer_seed362559_classifier,test,2016-08-31,0.02180769726704939,7082
temporal_tabular_transformer_seed362559_classifier,test,2016-09-30,0.16169420869618498,7090
temporal_tabular_transformer_seed362559_classifier,test,2016-10-31,0.05774387406831652,7107
temporal_tabular_transformer_seed362559_classifier,test,2016-11-30,0.16573541359503904,7096
temporal_tabular_transformer_seed362559_classifier,test,2016-12-30,-0.027541278520295278,7108
temporal_tabular_transformer_seed362559_classifier,test,2017-01-31,0.11405514455978587,7126
temporal_tabular_transformer_seed362559_classifier,test,2017-02-28,0.07092504542938022,7109
temporal_tabular_transformer_seed362559_classifier,test,2017-03-31,0.19950091726389071,7110
temporal_tabular_transformer_seed362559_classifier,test,2017-04-28,0.18919281317938888,7129
temporal_tabular_transformer_seed362559_classifier,test,2017-05-31,0.023609558214203272,7144
temporal_tabular_transformer_seed362559_classifier,test,2017-06-30,0.1736045683264155,7146
temporal_tabular_transformer_seed362559_classifier,test,2017-07-31,0.10393903959339922,7157
temporal_tabular_transformer_seed362559_classifier,test,2017-08-31,-0.024716512654078565,7132
temporal_tabular_transformer_seed362559_classifier,test,2017-09-29,0.25586701158895087,7116
temporal_tabular_transformer_seed362559_classifier,test,2017-10-31,0.0799883560263309,7152
temporal_tabular_transformer_seed362559_classifier,test,2017-11-30,0.009284164691918395,7206
temporal_tabular_transformer_seed362559_classifier,test,2017-12-29,0.12031100388867082,7205
temporal_tabular_transformer_seed362559_classifier,test,2018-01-31,-0.006907666354053835,7242
temporal_tabular_transformer_seed362559_classifier,test,2018-02-28,0.03596692704267185,7264
temporal_tabular_transformer_seed362559_classifier,test,2018-03-29,-0.010475863714656112,7211
temporal_tabular_transformer_seed362559_classifier,test,2018-04-30,-0.023827341050186315,7258
temporal_tabular_transformer_seed362559_classifier,test,2018-05-31,0.04725835068400537,7270
temporal_tabular_transformer_seed362559_classifier,test,2018-06-29,0.19990896415026677,7322
temporal_tabular_transformer_seed362559_classifier,test,2018-07-31,0.0681085739876424,7355
temporal_tabular_transformer_seed362559_classifier,test,2018-08-31,0.0662056238056763,7344
temporal_tabular_transformer_seed362559_classifier,test,2018-09-28,0.1406679566891068,7373
temporal_tabular_transformer_seed362559_classifier,test,2018-10-31,0.18068018514613032,7413
temporal_tabular_transformer_seed362559_classifier,test,2018-11-30,0.22077759290658228,7412
temporal_tabular_transformer_seed362559_classifier,test,2018-12-31,-0.16466120896181669,7407
temporal_tabular_transformer_seed362559_classifier,test,2019-01-31,-0.02896135431758604,7408
temporal_tabular_transformer_seed362559_classifier,test,2019-02-28,0.10809794722840313,7390
temporal_tabular_transformer_seed362559_classifier,test,2019-03-29,0.18093171477759062,7390
temporal_tabular_transformer_seed362559_classifier,test,2019-04-30,0.13977364560057393,7396
temporal_tabular_transformer_seed362559_classifier,test,2019-05-31,0.1895266350952018,7458
temporal_tabular_transformer_seed362559_classifier,test,2019-06-28,0.18449847779899742,7471
temporal_tabular_transformer_seed362559_classifier,test,2019-07-31,0.0615647984470937,7494
temporal_tabular_transformer_seed362559_classifier,test,2019-08-30,0.1385720328071404,7486
temporal_tabular_transformer_seed362559_classifier,test,2019-09-30,0.15047832812199494,7500
temporal_tabular_transformer_seed362559_classifier,test,2019-10-31,0.09698346077482885,7504
temporal_tabular_transformer_seed362559_classifier,test,2019-11-29,0.04171728844582888,7501
temporal_tabular_transformer_seed362559_classifier,test,2019-12-31,-0.05570849960591918,7500
temporal_tabular_transformer_seed362559_classifier,test,2020-01-31,-0.06837452546030315,7506
temporal_tabular_transformer_seed362559_classifier,test,2020-02-28,0.09194275518993197,7506
temporal_tabular_transformer_seed362559_classifier,test,2020-03-31,0.044476476498196076,7475
temporal_tabular_transformer_seed362559_classifier,test,2020-04-30,0.014684765621794967,7480
temporal_tabular_transformer_seed362559_classifier,test,2020-05-29,-0.013385307284135237,7473
temporal_tabular_transformer_seed362559_classifier,test,2020-06-30,0.1759908961570431,7519
temporal_tabular_transformer_seed362559_classifier,test,2020-07-31,0.16636551312020695,7547
temporal_tabular_transformer_seed362559_classifier,test,2020-08-31,0.033973491795220086,7574
temporal_tabular_transformer_seed362559_classifier,test,2020-09-30,0.09189930075346638,7628
temporal_tabular_transformer_seed362559_classifier,test,2020-10-30,-0.15010068723786296,7701
temporal_tabular_transformer_seed362559_classifier,test,2020-11-30,0.03907868271956205,7773
temporal_tabular_transformer_seed362559_classifier,test,2020-12-31,-0.22913360118820478,7875
temporal_tabular_transformer_seed362559_classifier,test,2021-01-29,0.06080671823658951,7964
temporal_tabular_transformer_seed362559_classifier,test,2021-02-26,0.3008423757295073,8055
temporal_tabular_transformer_seed362559_classifier,test,2021-03-31,0.2946090897157348,8212
temporal_tabular_transformer_seed362559_classifier,test,2021-04-30,0.25058529610128255,8360
temporal_tabular_transformer_seed362559_classifier,test,2021-05-28,-0.1619432338916791,8479
temporal_tabular_transformer_seed362559_classifier,test,2021-06-30,0.3575790159852662,8587
temporal_tabular_transformer_seed362559_classifier,test,2021-07-30,0.1275404680085125,8722
temporal_tabular_transformer_seed362559_classifier,test,2021-08-31,0.1152651147880044,8776
temporal_tabular_transformer_seed362559_classifier,test,2021-09-30,0.2794212637559385,8872
temporal_tabular_transformer_seed362559_classifier,test,2021-10-29,0.2847599666071889,8968
temporal_tabular_transformer_seed362559_classifier,test,2021-11-30,0.44497152612967034,9068
temporal_tabular_transformer_seed362559_classifier,test,2021-12-31,0.2578488186087201,9189
temporal_tabular_transformer_seed362559_classifier,test,2022-01-31,0.1067076092024398,9272
temporal_tabular_transformer_seed362559_classifier,test,2022-02-28,0.06583481735047512,9347
temporal_tabular_transformer_seed362559_classifier,test,2022-03-31,0.34323067973044613,9382
temporal_tabular_transformer_seed362559_classifier,test,2022-04-29,0.2519872252971469,9421
temporal_tabular_transformer_seed362559_classifier,test,2022-05-31,-0.00582293646113968,9432
temporal_tabular_transformer_seed362559_classifier,test,2022-06-30,0.10531284658748628,9457
temporal_tabular_transformer_seed362559_classifier,test,2022-07-29,-0.0532236600195541,9458
temporal_tabular_transformer_seed362559_classifier,test,2022-08-31,0.1402202361420092,9469
temporal_tabular_transformer_seed362559_classifier,test,2022-09-30,0.3284449254246607,9495
temporal_tabular_transformer_seed362559_classifier,test,2022-10-31,0.24793218173471088,9483
temporal_tabular_transformer_seed362559_classifier,test,2022-11-30,0.0573870417733917,9465
temporal_tabular_transformer_seed362559_classifier,test,2022-12-30,-0.1597703870593983,9402
temporal_tabular_transformer_seed362559_classifier,test,2023-01-31,0.13962397291604806,9376
temporal_tabular_transformer_seed362559_classifier,test,2023-02-28,0.22147393126510026,9352
temporal_tabular_transformer_seed362559_classifier,test,2023-03-31,0.07930376510611327,9324
temporal_tabular_transformer_seed362559_classifier,test,2023-04-28,-0.011764305505794454,9298
temporal_tabular_transformer_seed362559_classifier,test,2023-05-31,0.15860449705565022,9304
temporal_tabular_transformer_seed362559_classifier,test,2023-06-30,0.034911163679847194,9291
temporal_tabular_transformer_seed362559_classifier,test,2023-07-31,0.18373039452715056,9265
temporal_tabular_transformer_seed362559_classifier,test,2023-08-31,0.10982905096114157,9278
temporal_tabular_transformer_seed362559_classifier,test,2023-09-29,0.17880308772283715,9318
temporal_tabular_transformer_seed362559_classifier,test,2023-10-31,0.09459953533407191,9331
temporal_tabular_transformer_seed362559_classifier,test,2023-11-30,-0.05693076453953817,9327
temporal_tabular_transformer_seed362559_classifier,test,2023-12-29,0.16015258852208594,9309
temporal_tabular_transformer_seed362559_classifier,test,2024-01-31,0.09944501628631892,9367
temporal_tabular_transformer_seed362559_classifier,test,2024-02-29,0.19878900020620058,9327
temporal_tabular_transformer_seed362559_classifier,test,2024-03-28,0.08537306469161772,9334
temporal_tabular_transformer_seed362559_classifier,test,2024-04-30,0.145747889241275,9344
temporal_tabular_transformer_seed362559_classifier,test,2024-05-31,0.15631106376483545,9372
temporal_tabular_transformer_seed362559_classifier,test,2024-06-28,0.12384651881820326,9404
temporal_tabular_transformer_seed362559_classifier,test,2024-07-31,0.2540861500369634,9436
temporal_tabular_transformer_seed362559_classifier,test,2024-08-30,0.08851865951227593,9439
temporal_tabular_transformer_seed362559_classifier,test,2024-09-30,0.05453295813009053,9542
temporal_tabular_transformer_seed362559_classifier,test,2024-10-31,0.17982386458095173,9583
temporal_tabular_transformer_seed362559_classifier,validation,2010-12-31,0.04408199449541043,6508
temporal_tabular_transformer_seed362559_classifier,validation,2011-01-31,0.13296610246102855,6534
temporal_tabular_transformer_seed362559_classifier,validation,2011-02-28,0.1685327483551998,6533
temporal_tabular_transformer_seed362559_classifier,validation,2011-03-31,0.16948961400591817,6542
temporal_tabular_transformer_seed362559_classifier,validation,2011-04-29,0.07470933132277512,6561
temporal_tabular_transformer_seed362559_classifier,validation,2011-05-31,0.13305009410729005,6593
temporal_tabular_transformer_seed362559_classifier,validation,2011-06-30,-0.06895267789057181,6612
temporal_tabular_transformer_seed362559_classifier,validation,2011-07-29,0.14762690127017347,6621
temporal_tabular_transformer_seed362559_classifier,validation,2011-08-31,0.11988406441901688,6621
temporal_tabular_transformer_seed362559_classifier,validation,2011-09-30,0.15154700909052568,6627
temporal_tabular_transformer_seed362559_classifier,validation,2011-10-31,0.09175577611556075,6612
temporal_tabular_transformer_seed362559_classifier,validation,2011-11-30,0.12150180023177166,6610
temporal_tabular_transformer_seed362559_classifier,validation,2011-12-30,0.003656539639957415,6604
temporal_tabular_transformer_seed362559_classifier,validation,2012-01-31,0.029731335914393538,6625
temporal_tabular_transformer_seed362559_classifier,validation,2012-02-29,0.06316689605540383,6651
temporal_tabular_transformer_seed362559_classifier,validation,2012-03-30,0.018305505700486748,6663
temporal_tabular_transformer_seed362559_classifier,validation,2012-04-30,-0.2245625301927802,6681
temporal_tabular_transformer_seed362559_classifier,validation,2012-05-31,0.08014618822856147,6689
temporal_tabular_transformer_seed362559_classifier,validation,2012-06-29,0.1446885024700903,6667
temporal_tabular_transformer_seed362559_classifier,validation,2012-07-31,0.11464811557491922,6669
temporal_tabular_transformer_seed362559_classifier,validation,2012-08-31,0.038191357649107,6638
temporal_tabular_transformer_seed362559_classifier,validation,2012-09-28,0.1372928578689654,6610
temporal_tabular_transformer_seed362559_classifier,validation,2012-10-31,0.14720285606100586,6592
temporal_tabular_transformer_seed362559_classifier,validation,2012-11-30,0.04752316618305548,6587
temporal_tabular_transformer_seed362559_classifier,validation,2012-12-31,0.06998415146002979,6581
temporal_tabular_transformer_seed362559_classifier,validation,2013-01-31,0.1110462189256913,6571
temporal_tabular_transformer_seed362559_classifier,validation,2013-02-28,0.12025976951765274,6574
temporal_tabular_transformer_seed362559_classifier,validation,2013-03-28,0.08457433717632051,6551
temporal_tabular_transformer_seed362559_classifier,validation,2013-04-30,0.043261118560299294,6563
temporal_tabular_transformer_seed362559_classifier,validation,2013-05-31,0.05916129132100905,6583
temporal_tabular_transformer_seed362559_classifier,validation,2013-06-28,0.11655615367100323,6602
temporal_tabular_transformer_seed362559_classifier,validation,2013-07-31,-0.07948960546730736,6626
temporal_tabular_transformer_seed362559_classifier,validation,2013-08-30,0.09911215272867294,6645
temporal_tabular_transformer_seed362559_classifier,validation,2013-09-30,0.20468329171953195,6657
temporal_tabular_transformer_seed362559_classifier,validation,2013-10-31,0.13045456586488585,6688
temporal_tabular_transformer_seed362559_classifier,validation,2013-11-29,0.0600391633486728,6714
temporal_tabular_transformer_seed362559_classifier,validation,2013-12-31,-0.24411388399600495,6716
temporal_tabular_transformer_seed362559_classifier,validation,2014-01-31,0.039332816369296454,6746
temporal_tabular_transformer_seed362559_classifier,validation,2014-02-28,0.16356069344614851,6767
temporal_tabular_transformer_seed362559_classifier,validation,2014-03-31,0.23026621099074043,6793
temporal_tabular_transformer_seed362559_classifier,validation,2014-04-30,0.1673984377596343,6815
temporal_tabular_transformer_seed362559_classifier,validation,2014-05-30,-0.04509249191102954,6849
temporal_tabular_transformer_seed362559_classifier,validation,2014-06-30,0.11182913285289205,6886
temporal_tabular_transformer_seed362559_classifier,validation,2014-07-31,0.14688866341054302,6922
temporal_tabular_transformer_seed362559_classifier,validation,2014-08-29,0.1167098321845914,6946
temporal_tabular_transformer_seed362559_classifier,validation,2014-09-30,0.22221017401963572,6951
temporal_tabular_transformer_seed362559_classifier,validation,2014-10-31,0.1889601236151595,6977
temporal_tabular_transformer_seed362559_classifier,validation,2014-11-28,0.1544512323827506,7001
temporal_tabular_transformer_seed362559_classifier,validation,2014-12-31,0.07585755779104422,6993
temporal_tabular_transformer_seed362559_classifier,validation,2015-01-30,-0.044005988506221796,6981
temporal_tabular_transformer_seed362559_classifier,validation,2015-02-27,0.2055868957958028,6995
temporal_tabular_transformer_seed362559_classifier,validation,2015-03-31,-0.12227004737049672,7000
temporal_tabular_transformer_seed362559_classifier,validation,2015-04-30,0.10949134569183178,7028
temporal_tabular_transformer_seed362559_classifier,validation,2015-05-29,0.09112854346240139,7048
temporal_tabular_transformer_seed362559_classifier,validation,2015-06-30,0.2873369754565879,7085
temporal_tabular_transformer_seed362559_classifier,validation,2015-07-31,0.05742662581072333,7140
temporal_tabular_transformer_seed362559_classifier,validation,2015-08-31,0.266523348936228,7146
temporal_tabular_transformer_seed362559_classifier,validation,2015-09-30,0.013464075843663407,7146
temporal_tabular_transformer_seed362559_classifier,validation,2015-10-30,0.0945406467509225,7151
temporal_tabular_transformer_seed362559_classifier,validation,2015-11-30,0.11784099178916328,7177
temporal_tabular_transformer_seed362559_er_train,test,2015-12-31,0.14425179373054864,7175
temporal_tabular_transformer_seed362559_er_train,test,2016-01-29,0.04470965836937694,7146
temporal_tabular_transformer_seed362559_er_train,test,2016-02-29,0.07135153648419133,7134
temporal_tabular_transformer_seed362559_er_train,test,2016-03-31,0.05296968631809316,7115
temporal_tabular_transformer_seed362559_er_train,test,2016-04-29,0.002180818651800092,7106
temporal_tabular_transformer_seed362559_er_train,test,2016-05-31,0.030844081417633243,7115
temporal_tabular_transformer_seed362559_er_train,test,2016-06-30,0.12197107847726092,7119
temporal_tabular_transformer_seed362559_er_train,test,2016-07-29,0.02928964510331554,7119
temporal_tabular_transformer_seed362559_er_train,test,2016-08-31,0.07873652198805575,7082
temporal_tabular_transformer_seed362559_er_train,test,2016-09-30,-0.054625150507201764,7090
temporal_tabular_transformer_seed362559_er_train,test,2016-10-31,0.21102066479839574,7107
temporal_tabular_transformer_seed362559_er_train,test,2016-11-30,0.12513328996071688,7096
temporal_tabular_transformer_seed362559_er_train,test,2016-12-30,-0.024731794247107277,7108
temporal_tabular_transformer_seed362559_er_train,test,2017-01-31,0.044194698304301276,7126
temporal_tabular_transformer_seed362559_er_train,test,2017-02-28,0.03420276292557662,7109
temporal_tabular_transformer_seed362559_er_train,test,2017-03-31,0.1268870064172342,7110
temporal_tabular_transformer_seed362559_er_train,test,2017-04-28,0.022949874446368906,7129
temporal_tabular_transformer_seed362559_er_train,test,2017-05-31,0.08621619207678065,7144
temporal_tabular_transformer_seed362559_er_train,test,2017-06-30,0.10037666429361972,7146
temporal_tabular_transformer_seed362559_er_train,test,2017-07-31,0.07239882853880508,7157
temporal_tabular_transformer_seed362559_er_train,test,2017-08-31,0.051108154549371385,7132
temporal_tabular_transformer_seed362559_er_train,test,2017-09-29,0.17351934503955216,7116
temporal_tabular_transformer_seed362559_er_train,test,2017-10-31,0.09071714118871776,7152
temporal_tabular_transformer_seed362559_er_train,test,2017-11-30,-0.011292200281407221,7206
temporal_tabular_transformer_seed362559_er_train,test,2017-12-29,0.114305641382621,7205
temporal_tabular_transformer_seed362559_er_train,test,2018-01-31,-0.044551188113106543,7242
temporal_tabular_transformer_seed362559_er_train,test,2018-02-28,0.059616323509693495,7264
temporal_tabular_transformer_seed362559_er_train,test,2018-03-29,0.004568987481242055,7211
temporal_tabular_transformer_seed362559_er_train,test,2018-04-30,0.053779051933626115,7258
temporal_tabular_transformer_seed362559_er_train,test,2018-05-31,0.06983144613078138,7270
temporal_tabular_transformer_seed362559_er_train,test,2018-06-29,0.1575793170087559,7322
temporal_tabular_transformer_seed362559_er_train,test,2018-07-31,0.08753314706449188,7355
temporal_tabular_transformer_seed362559_er_train,test,2018-08-31,0.02929219452568897,7344
temporal_tabular_transformer_seed362559_er_train,test,2018-09-28,0.04450022978980658,7373
temporal_tabular_transformer_seed362559_er_train,test,2018-10-31,0.12581545356373752,7413
temporal_tabular_transformer_seed362559_er_train,test,2018-11-30,0.06926223353131458,7412
temporal_tabular_transformer_seed362559_er_train,test,2018-12-31,0.06402452069193158,7407
temporal_tabular_transformer_seed362559_er_train,test,2019-01-31,0.0781260011951338,7408
temporal_tabular_transformer_seed362559_er_train,test,2019-02-28,-0.037287371862762715,7390
temporal_tabular_transformer_seed362559_er_train,test,2019-03-29,0.09114186484743536,7390
temporal_tabular_transformer_seed362559_er_train,test,2019-04-30,-0.10128231812086703,7396
temporal_tabular_transformer_seed362559_er_train,test,2019-05-31,0.18482062144993258,7458
temporal_tabular_transformer_seed362559_er_train,test,2019-06-28,0.08949067995808581,7471
temporal_tabular_transformer_seed362559_er_train,test,2019-07-31,-0.17156285296863208,7494
temporal_tabular_transformer_seed362559_er_train,test,2019-08-30,0.11117399922267512,7486
temporal_tabular_transformer_seed362559_er_train,test,2019-09-30,0.014105517980359644,7500
temporal_tabular_transformer_seed362559_er_train,test,2019-10-31,0.08845394850759139,7504
temporal_tabular_transformer_seed362559_er_train,test,2019-11-29,0.05686806103973051,7501
temporal_tabular_transformer_seed362559_er_train,test,2019-12-31,-0.17071214033392298,7500
temporal_tabular_transformer_seed362559_er_train,test,2020-01-31,-0.16472169872440323,7506
temporal_tabular_transformer_seed362559_er_train,test,2020-02-28,-0.10125017036343519,7506
temporal_tabular_transformer_seed362559_er_train,test,2020-03-31,0.25078316028358744,7475
temporal_tabular_transformer_seed362559_er_train,test,2020-04-30,-0.0011218491617464876,7480
temporal_tabular_transformer_seed362559_er_train,test,2020-05-29,0.09771454273528822,7473
temporal_tabular_transformer_seed362559_er_train,test,2020-06-30,-0.0003910966867746113,7519
temporal_tabular_transformer_seed362559_er_train,test,2020-07-31,0.043596605436297876,7547
temporal_tabular_transformer_seed362559_er_train,test,2020-08-31,-0.11614116528231908,7574
temporal_tabular_transformer_seed362559_er_train,test,2020-09-30,0.08955922827800868,7628
temporal_tabular_transformer_seed362559_er_train,test,2020-10-30,0.09511139597734446,7701
temporal_tabular_transformer_seed362559_er_train,test,2020-11-30,0.12262379994911292,7773
temporal_tabular_transformer_seed362559_er_train,test,2020-12-31,-0.09683232414630213,7875
temporal_tabular_transformer_seed362559_er_train,test,2021-01-29,0.19266295559700444,7964
temporal_tabular_transformer_seed362559_er_train,test,2021-02-26,0.2475137841869221,8055
temporal_tabular_transformer_seed362559_er_train,test,2021-03-31,0.21558958099634415,8212
temporal_tabular_transformer_seed362559_er_train,test,2021-04-30,0.20816508140616669,8360
temporal_tabular_transformer_seed362559_er_train,test,2021-05-28,-0.1345216040313772,8479
temporal_tabular_transformer_seed362559_er_train,test,2021-06-30,0.18185448680278365,8587
temporal_tabular_transformer_seed362559_er_train,test,2021-07-30,0.06818527167691528,8722
temporal_tabular_transformer_seed362559_er_train,test,2021-08-31,0.11041757783275542,8776
temporal_tabular_transformer_seed362559_er_train,test,2021-09-30,0.2479790810956019,8872
temporal_tabular_transformer_seed362559_er_train,test,2021-10-29,0.23377344680286546,8968
temporal_tabular_transformer_seed362559_er_train,test,2021-11-30,0.3547787824833082,9068
temporal_tabular_transformer_seed362559_er_train,test,2021-12-31,0.1506780313853537,9189
temporal_tabular_transformer_seed362559_er_train,test,2022-01-31,0.14360574759538502,9272
temporal_tabular_transformer_seed362559_er_train,test,2022-02-28,0.04963235850774726,9347
temporal_tabular_transformer_seed362559_er_train,test,2022-03-31,0.16643050519814567,9382
temporal_tabular_transformer_seed362559_er_train,test,2022-04-29,0.16250026617326166,9421
temporal_tabular_transformer_seed362559_er_train,test,2022-05-31,-0.13469642773513635,9432
temporal_tabular_transformer_seed362559_er_train,test,2022-06-30,0.12976943741548133,9457
temporal_tabular_transformer_seed362559_er_train,test,2022-07-29,0.013439532136952733,9458
temporal_tabular_transformer_seed362559_er_train,test,2022-08-31,-0.11527157095496149,9469
temporal_tabular_transformer_seed362559_er_train,test,2022-09-30,0.27626632460649364,9495
temporal_tabular_transformer_seed362559_er_train,test,2022-10-31,-0.05331239168144256,9483
temporal_tabular_transformer_seed362559_er_train,test,2022-11-30,-0.10496806297895618,9465
temporal_tabular_transformer_seed362559_er_train,test,2022-12-30,0.13054650850033292,9402
temporal_tabular_transformer_seed362559_er_train,test,2023-01-31,-0.052109447789837345,9376
temporal_tabular_transformer_seed362559_er_train,test,2023-02-28,-0.08076145630601275,9352
temporal_tabular_transformer_seed362559_er_train,test,2023-03-31,-0.15230962866781358,9324
temporal_tabular_transformer_seed362559_er_train,test,2023-04-28,-0.05248338109284811,9298
temporal_tabular_transformer_seed362559_er_train,test,2023-05-31,0.21431227945352024,9304
temporal_tabular_transformer_seed362559_er_train,test,2023-06-30,0.1326512555475539,9291
temporal_tabular_transformer_seed362559_er_train,test,2023-07-31,-0.08336142749648516,9265
temporal_tabular_transformer_seed362559_er_train,test,2023-08-31,-0.07047978584189363,9278
temporal_tabular_transformer_seed362559_er_train,test,2023-09-29,-0.08583252091875167,9318
temporal_tabular_transformer_seed362559_er_train,test,2023-10-31,0.10731494761783937,9331
temporal_tabular_transformer_seed362559_er_train,test,2023-11-30,0.14781325969001952,9327
temporal_tabular_transformer_seed362559_er_train,test,2023-12-29,-0.13042432042719365,9309
temporal_tabular_transformer_seed362559_er_train,test,2024-01-31,0.03738182616014967,9367
temporal_tabular_transformer_seed362559_er_train,test,2024-02-29,0.14396457519677702,9327
temporal_tabular_transformer_seed362559_er_train,test,2024-03-28,-0.09324585444067572,9334
temporal_tabular_transformer_seed362559_er_train,test,2024-04-30,0.12846886350920186,9344
temporal_tabular_transformer_seed362559_er_train,test,2024-05-31,-0.03547485141919846,9372
temporal_tabular_transformer_seed362559_er_train,test,2024-06-28,0.20608439897904668,9404
temporal_tabular_transformer_seed362559_er_train,test,2024-07-31,0.013779514986768007,9436
temporal_tabular_transformer_seed362559_er_train,test,2024-08-30,0.07270129525396402,9439
temporal_tabular_transformer_seed362559_er_train,test,2024-09-30,0.04936858779997347,9542
temporal_tabular_transformer_seed362559_er_train,test,2024-10-31,0.21616042614329117,9583
temporal_tabular_transformer_seed362559_er_train,validation,2010-12-31,0.01997026686029277,6508
temporal_tabular_transformer_seed362559_er_train,validation,2011-01-31,0.15907711782460845,6534
temporal_tabular_transformer_seed362559_er_train,validation,2011-02-28,0.1582249845362493,6533
temporal_tabular_transformer_seed362559_er_train,validation,2011-03-31,0.10007715290457429,6542
temporal_tabular_transformer_seed362559_er_train,validation,2011-04-29,-0.0704286589985456,6561
temporal_tabular_transformer_seed362559_er_train,validation,2011-05-31,-0.02243657893246287,6593
temporal_tabular_transformer_seed362559_er_train,validation,2011-06-30,-0.0997397721248486,6612
temporal_tabular_transformer_seed362559_er_train,validation,2011-07-29,-0.10176081714792112,6621
temporal_tabular_transformer_seed362559_er_train,validation,2011-08-31,-0.049210840985962054,6621
temporal_tabular_transformer_seed362559_er_train,validation,2011-09-30,0.269777652990904,6627
temporal_tabular_transformer_seed362559_er_train,validation,2011-10-31,-0.12178511953326338,6612
temporal_tabular_transformer_seed362559_er_train,validation,2011-11-30,-0.045761362645046835,6610
temporal_tabular_transformer_seed362559_er_train,validation,2011-12-30,0.22115162331530827,6604
temporal_tabular_transformer_seed362559_er_train,validation,2012-01-31,0.05282522909089584,6625
temporal_tabular_transformer_seed362559_er_train,validation,2012-02-29,0.04389541836440348,6651
temporal_tabular_transformer_seed362559_er_train,validation,2012-03-30,-0.14903007855506617,6663
temporal_tabular_transformer_seed362559_er_train,validation,2012-04-30,-0.33281503070979324,6681
temporal_tabular_transformer_seed362559_er_train,validation,2012-05-31,0.032551485042482016,6689
temporal_tabular_transformer_seed362559_er_train,validation,2012-06-29,-0.13476273833413493,6667
temporal_tabular_transformer_seed362559_er_train,validation,2012-07-31,0.10917518344345833,6669
temporal_tabular_transformer_seed362559_er_train,validation,2012-08-31,0.0852054808351965,6638
temporal_tabular_transformer_seed362559_er_train,validation,2012-09-28,-0.03388546194669203,6610
temporal_tabular_transformer_seed362559_er_train,validation,2012-10-31,0.10845904838709505,6592
temporal_tabular_transformer_seed362559_er_train,validation,2012-11-30,0.1242889551734877,6587
temporal_tabular_transformer_seed362559_er_train,validation,2012-12-31,0.15362469032112147,6581
temporal_tabular_transformer_seed362559_er_train,validation,2013-01-31,0.06384188568835543,6571
temporal_tabular_transformer_seed362559_er_train,validation,2013-02-28,0.13650766607775602,6574
temporal_tabular_transformer_seed362559_er_train,validation,2013-03-28,-0.04320546707170124,6551
temporal_tabular_transformer_seed362559_er_train,validation,2013-04-30,0.22911029152764636,6563
temporal_tabular_transformer_seed362559_er_train,validation,2013-05-31,0.08162423936026753,6583
temporal_tabular_transformer_seed362559_er_train,validation,2013-06-28,0.20178925657909438,6602
temporal_tabular_transformer_seed362559_er_train,validation,2013-07-31,-0.06380742740245612,6626
temporal_tabular_transformer_seed362559_er_train,validation,2013-08-30,0.14856773578311339,6645
temporal_tabular_transformer_seed362559_er_train,validation,2013-09-30,0.18193496292710148,6657
temporal_tabular_transformer_seed362559_er_train,validation,2013-10-31,0.17343528824361076,6688
temporal_tabular_transformer_seed362559_er_train,validation,2013-11-29,0.07096380053138135,6714
temporal_tabular_transformer_seed362559_er_train,validation,2013-12-31,-0.2595121035785875,6716
temporal_tabular_transformer_seed362559_er_train,validation,2014-01-31,0.04861979182276455,6746
temporal_tabular_transformer_seed362559_er_train,validation,2014-02-28,0.1502314649362459,6767
temporal_tabular_transformer_seed362559_er_train,validation,2014-03-31,0.1238391369652075,6793
temporal_tabular_transformer_seed362559_er_train,validation,2014-04-30,0.14428575464329707,6815
temporal_tabular_transformer_seed362559_er_train,validation,2014-05-30,0.008152298891498332,6849
temporal_tabular_transformer_seed362559_er_train,validation,2014-06-30,0.01532204715674627,6886
temporal_tabular_transformer_seed362559_er_train,validation,2014-07-31,0.18302803206670912,6922
temporal_tabular_transformer_seed362559_er_train,validation,2014-08-29,0.01348540550480075,6946
temporal_tabular_transformer_seed362559_er_train,validation,2014-09-30,0.24250077178759408,6951
temporal_tabular_transformer_seed362559_er_train,validation,2014-10-31,0.11784148978713216,6977
temporal_tabular_transformer_seed362559_er_train,validation,2014-11-28,0.18416274322974224,7001
temporal_tabular_transformer_seed362559_er_train,validation,2014-12-31,-0.049299039859297414,6993
temporal_tabular_transformer_seed362559_er_train,validation,2015-01-30,0.03513003512272322,6981
temporal_tabular_transformer_seed362559_er_train,validation,2015-02-27,0.20197376278725357,6995
temporal_tabular_transformer_seed362559_er_train,validation,2015-03-31,-0.13939875994282422,7000
temporal_tabular_transformer_seed362559_er_train,validation,2015-04-30,0.11629702900582797,7028
temporal_tabular_transformer_seed362559_er_train,validation,2015-05-29,0.12060882477215969,7048
temporal_tabular_transformer_seed362559_er_train,validation,2015-06-30,0.15838062509148101,7085
temporal_tabular_transformer_seed362559_er_train,validation,2015-07-31,0.0007669766418953081,7140
temporal_tabular_transformer_seed362559_er_train,validation,2015-08-31,0.11474588803567552,7146
temporal_tabular_transformer_seed362559_er_train,validation,2015-09-30,0.04936940544014118,7146
temporal_tabular_transformer_seed362559_er_train,validation,2015-10-30,0.08756449874886217,7151
temporal_tabular_transformer_seed362559_er_train,validation,2015-11-30,-0.1161914450555341,7177
