model,split,MthCalDt,spread_t,num_top,num_bottom
mlp_classifier,test,2015-12-31,0.08081097,1435,1435
mlp_classifier,test,2016-01-29,0.0063459794,1430,1429
mlp_classifier,test,2016-02-29,-0.03252145,1427,1426
mlp_classifier,test,2016-03-31,-0.08344209,1423,1423
mlp_classifier,test,2016-04-29,0.03284437,1422,1421
mlp_classifier,test,2016-05-31,0.005178783,1423,1423
mlp_classifier,test,2016-06-30,-0.03661954,1424,1423
mlp_classifier,test,2016-07-29,-0.018486306,1424,1423
mlp_classifier,test,2016-08-31,-0.028466877,1417,1416
mlp_classifier,test,2016-09-30,0.06783266,1418,1418
mlp_classifier,test,2016-10-31,0.0064818896,1422,1421
mlp_classifier,test,2016-11-30,0.04700966,1420,1419
mlp_classifier,test,2016-12-30,-0.038437508,1422,1421
mlp_classifier,test,2017-01-31,0.007932919,1426,1425
mlp_classifier,test,2017-02-28,0.0028231407,1422,1421
mlp_classifier,test,2017-03-31,0.04853425,1422,1422
mlp_classifier,test,2017-04-28,0.041655455,1426,1425
mlp_classifier,test,2017-05-31,-0.026369032,1429,1428
mlp_classifier,test,2017-06-30,0.041226275,1430,1429
mlp_classifier,test,2017-07-31,0.021961361,1432,1431
mlp_classifier,test,2017-08-31,-0.041971218,1427,1426
mlp_classifier,test,2017-09-29,0.04488878,1424,1423
mlp_classifier,test,2017-10-31,-0.006768806,1431,1430
mlp_classifier,test,2017-11-30,-0.020508707,1442,1441
mlp_classifier,test,2017-12-29,-0.0019434765,1441,1441
mlp_classifier,test,2018-01-31,-0.0022883378,1449,1448
mlp_classifier,test,2018-02-28,-0.0027370255,1453,1452
mlp_classifier,test,2018-03-29,-0.00768133,1443,1442
mlp_classifier,test,2018-04-30,-0.041145228,1452,1451
mlp_classifier,test,2018-05-31,0.006405676,1454,1454
mlp_classifier,test,2018-06-29,0.052118316,1465,1464
mlp_classifier,test,2018-07-31,-0.00085716695,1471,1471
mlp_classifier,test,2018-08-31,0.0040375763,1469,1468
mlp_classifier,test,2018-09-28,0.033915736,1475,1474
mlp_classifier,test,2018-10-31,0.041235965,1483,1482
mlp_classifier,test,2018-11-30,0.082157,1483,1482
mlp_classifier,test,2018-12-31,-0.11071156,1482,1481
mlp_classifier,test,2019-01-31,-0.017980948,1482,1481
mlp_classifier,test,2019-02-28,-0.004316448,1478,1478
mlp_classifier,test,2019-03-29,0.03274475,1478,1478
mlp_classifier,test,2019-04-30,0.021682233,1480,1479
mlp_classifier,test,2019-05-31,0.04571392,1492,1491
mlp_classifier,test,2019-06-28,0.053062,1495,1494
mlp_classifier,test,2019-07-31,0.0363903,1499,1498
mlp_classifier,test,2019-08-30,0.009826144,1498,1497
mlp_classifier,test,2019-09-30,0.031844407,1500,1500
mlp_classifier,test,2019-10-31,-0.0008947849,1501,1500
mlp_classifier,test,2019-11-29,-0.03083817,1501,1500
mlp_classifier,test,2019-12-31,-0.040300086,1500,1500
mlp_classifier,test,2020-01-31,-0.045315795,1502,1501
mlp_classifier,test,2020-02-28,0.034332022,1502,1501
mlp_classifier,test,2020-03-31,-0.09920412,1495,1495
mlp_classifier,test,2020-04-30,-0.0017781407,1496,1496
mlp_classifier,test,2020-05-29,-0.09847473,1495,1494
mlp_classifier,test,2020-06-30,0.022605421,1504,1503
mlp_classifier,test,2020-07-31,0.02169332,1510,1509
mlp_classifier,test,2020-08-31,0.010192215,1515,1514
mlp_classifier,test,2020-09-30,0.0028065222,1526,1525
mlp_classifier,test,2020-10-30,-0.14361754,1541,1540
mlp_classifier,test,2020-11-30,-0.041578002,1555,1554
mlp_classifier,test,2020-12-31,-0.22524117,1575,1575
mlp_classifier,test,2021-01-29,-0.04127951,1593,1592
mlp_classifier,test,2021-02-26,0.061543252,1611,1611
mlp_classifier,test,2021-03-31,0.05960848,1643,1642
mlp_classifier,test,2021-04-30,0.029331043,1672,1672
mlp_classifier,test,2021-05-28,-0.06902129,1696,1695
mlp_classifier,test,2021-06-30,0.11837912,1718,1717
mlp_classifier,test,2021-07-30,-0.0036484804,1745,1744
mlp_classifier,test,2021-08-31,0.020667465,1756,1755
mlp_classifier,test,2021-09-30,0.059989817,1775,1774
mlp_classifier,test,2021-10-29,0.09431468,1794,1793
mlp_classifier,test,2021-11-30,0.15053523,1814,1813
mlp_classifier,test,2021-12-31,0.08534984,1838,1837
mlp_classifier,test,2022-01-31,0.01997158,1855,1854
mlp_classifier,test,2022-02-28,-0.00043851696,1870,1869
mlp_classifier,test,2022-03-31,0.12786187,1877,1876
mlp_classifier,test,2022-04-29,0.089363046,1885,1884
mlp_classifier,test,2022-05-31,-0.012236945,1887,1886
mlp_classifier,test,2022-06-30,-0.026347376,1892,1891
mlp_classifier,test,2022-07-29,-0.028758194,1892,1891
mlp_classifier,test,2022-08-31,0.10757199,1894,1893
mlp_classifier,test,2022-09-30,0.08359348,1899,1899
mlp_classifier,test,2022-10-31,0.06950314,1897,1896
mlp_classifier,test,2022-11-30,0.055583198,1893,1893
mlp_classifier,test,2022-12-30,-0.19109082,1881,1880
mlp_classifier,test,2023-01-31,0.05107502,1876,1875
mlp_classifier,test,2023-02-28,0.07013798,1871,1870
mlp_classifier,test,2023-03-31,0.019736249,1865,1864
mlp_classifier,test,2023-04-28,-0.034912813,1860,1859
mlp_classifier,test,2023-05-31,0.039756343,1861,1860
mlp_classifier,test,2023-06-30,-0.009540785,1859,1858
mlp_classifier,test,2023-07-31,0.087901436,1853,1853
mlp_classifier,test,2023-08-31,0.06563281,1856,1855
mlp_classifier,test,2023-09-29,0.088611394,1864,1863
mlp_classifier,test,2023-10-31,0.0074596778,1867,1866
mlp_classifier,test,2023-11-30,-0.06957616,1866,1865
mlp_classifier,test,2023-12-29,0.04017447,1862,1861
mlp_classifier,test,2024-01-31,-0.034505744,1874,1873
mlp_classifier,test,2024-02-29,0.03205716,1866,1865
mlp_classifier,test,2024-03-28,0.045887236,1867,1866
mlp_classifier,test,2024-04-30,-0.0036795698,1869,1868
mlp_classifier,test,2024-05-31,0.055786364,1875,1874
mlp_classifier,test,2024-06-28,0.020079877,1881,1880
mlp_classifier,test,2024-07-31,0.075251974,1888,1887
mlp_classifier,test,2024-08-30,0.010001797,1888,1887
mlp_classifier,test,2024-09-30,-0.027016751,1909,1908
mlp_classifier,test,2024-10-31,-0.027767487,1917,1916
mlp_classifier,validation,2010-12-31,-0.017053505,1302,1301
mlp_classifier,validation,2011-01-31,0.011489965,1307,1306
mlp_classifier,validation,2011-02-28,0.02714135,1307,1306
mlp_classifier,validation,2011-03-31,0.026750343,1309,1308
mlp_classifier,validation,2011-04-29,0.018434111,1313,1312
mlp_classifier,validation,2011-05-31,0.035033297,1319,1318
mlp_classifier,validation,2011-06-30,-0.019602496,1323,1322
mlp_classifier,validation,2011-07-29,0.041007593,1325,1324
mlp_classifier,validation,2011-08-31,0.026739836,1325,1324
mlp_classifier,validation,2011-09-30,0.06997741,1326,1325
mlp_classifier,validation,2011-10-31,-0.004309606,1323,1322
mlp_classifier,validation,2011-11-30,0.03501833,1322,1322
mlp_classifier,validation,2011-12-30,-0.036509104,1321,1320
mlp_classifier,validation,2012-01-31,-0.007381849,1325,1325
mlp_classifier,validation,2012-02-29,0.009119445,1331,1330
mlp_classifier,validation,2012-03-30,-0.014628768,1333,1332
mlp_classifier,validation,2012-04-30,-0.056889158,1337,1336
mlp_classifier,validation,2012-05-31,0.016198128,1338,1337
mlp_classifier,validation,2012-06-29,0.01043102,1334,1333
mlp_classifier,validation,2012-07-31,0.02026002,1334,1333
mlp_classifier,validation,2012-08-31,-0.00013674423,1328,1327
mlp_classifier,validation,2012-09-28,0.016504765,1322,1322
mlp_classifier,validation,2012-10-31,0.022086296,1319,1318
mlp_classifier,validation,2012-11-30,0.004489431,1318,1317
mlp_classifier,validation,2012-12-31,-0.0020893812,1317,1316
mlp_classifier,validation,2013-01-31,0.017260402,1315,1314
mlp_classifier,validation,2013-02-28,0.007544242,1315,1314
mlp_classifier,validation,2013-03-28,0.021583661,1311,1310
mlp_classifier,validation,2013-04-30,-0.02412492,1313,1312
mlp_classifier,validation,2013-05-31,0.005838936,1317,1316
mlp_classifier,validation,2013-06-28,-0.024094336,1321,1320
mlp_classifier,validation,2013-07-31,-0.024982037,1326,1325
mlp_classifier,validation,2013-08-30,-0.005855765,1329,1329
mlp_classifier,validation,2013-09-30,0.038296007,1332,1331
mlp_classifier,validation,2013-10-31,-0.0015010741,1338,1337
mlp_classifier,validation,2013-11-29,-0.019075412,1343,1342
mlp_classifier,validation,2013-12-31,-0.096955165,1344,1343
mlp_classifier,validation,2014-01-31,-0.004149586,1350,1349
mlp_classifier,validation,2014-02-28,0.03318982,1354,1353
mlp_classifier,validation,2014-03-31,0.07080401,1359,1358
mlp_classifier,validation,2014-04-30,0.042998232,1363,1363
mlp_classifier,validation,2014-05-30,-0.031273957,1370,1369
mlp_classifier,validation,2014-06-30,0.02101934,1378,1377
mlp_classifier,validation,2014-07-31,0.01479833,1385,1384
mlp_classifier,validation,2014-08-29,0.007504467,1390,1389
mlp_classifier,validation,2014-09-30,0.061303265,1391,1390
mlp_classifier,validation,2014-10-31,0.02427831,1396,1395
mlp_classifier,validation,2014-11-28,0.015681611,1401,1400
mlp_classifier,validation,2014-12-31,0.008523512,1399,1398
mlp_classifier,validation,2015-01-30,-0.045458354,1397,1396
mlp_classifier,validation,2015-02-27,0.030522205,1399,1399
mlp_classifier,validation,2015-03-31,-0.042405628,1400,1400
mlp_classifier,validation,2015-04-30,0.004459352,1406,1405
mlp_classifier,validation,2015-05-29,0.0168811,1410,1409
mlp_classifier,validation,2015-06-30,0.08448323,1417,1417
mlp_classifier,validation,2015-07-31,-0.00081556663,1428,1428
mlp_classifier,validation,2015-08-31,0.06868333,1430,1429
mlp_classifier,validation,2015-09-30,0.0069121085,1430,1429
mlp_classifier,validation,2015-10-30,-0.021093043,1431,1430
mlp_classifier,validation,2015-11-30,0.051206455,1436,1435
mlp_er_train,test,2015-12-31,0.054632448,1435,1435
mlp_er_train,test,2016-01-29,0.008200738,1430,1429
mlp_er_train,test,2016-02-29,0.019982032,1427,1426
mlp_er_train,test,2016-03-31,-0.007892832,1423,1423
mlp_er_train,test,2016-04-29,0.012457499,1422,1421
mlp_er_train,test,2016-05-31,0.005186199,1423,1423
mlp_er_train,test,2016-06-30,-0.005335152,1424,1423
mlp_er_train,test,2016-07-29,0.0071065314,1424,1423
mlp_er_train,test,2016-08-31,-0.0005690437,1417,1416
mlp_er_train,test,2016-09-30,0.017893728,1418,1418
mlp_er_train,test,2016-10-31,0.06594564,1422,1421
mlp_er_train,test,2016-11-30,0.041238338,1420,1419
mlp_er_train,test,2016-12-30,-0.038521416,1422,1421
mlp_er_train,test,2017-01-31,0.0063240705,1426,1425
mlp_er_train,test,2017-02-28,0.0028277158,1422,1421
mlp_er_train,test,2017-03-31,0.032612883,1422,1422
mlp_er_train,test,2017-04-28,0.016771581,1426,1425
mlp_er_train,test,2017-05-31,-0.0074795466,1429,1428
mlp_er_train,test,2017-06-30,0.0194127,1430,1429
mlp_er_train,test,2017-07-31,0.023632232,1432,1431
mlp_er_train,test,2017-08-31,-0.033680476,1427,1426
mlp_er_train,test,2017-09-29,0.03759332,1424,1423
mlp_er_train,test,2017-10-31,-0.007938251,1431,1430
mlp_er_train,test,2017-11-30,-0.017751869,1442,1441
mlp_er_train,test,2017-12-29,0.006879555,1441,1441
mlp_er_train,test,2018-01-31,-0.013535738,1449,1448
mlp_er_train,test,2018-02-28,-0.0022943222,1453,1452
mlp_er_train,test,2018-03-29,0.0001476095,1443,1442
mlp_er_train,test,2018-04-30,-0.031877346,1452,1451
mlp_er_train,test,2018-05-31,0.0021829486,1454,1454
mlp_er_train,test,2018-06-29,0.048061486,1465,1464
mlp_er_train,test,2018-07-31,0.017899327,1471,1471
mlp_er_train,test,2018-08-31,-0.004163826,1469,1468
mlp_er_train,test,2018-09-28,-0.012517072,1475,1474
mlp_er_train,test,2018-10-31,0.015539954,1483,1482
mlp_er_train,test,2018-11-30,0.028400265,1483,1482
mlp_er_train,test,2018-12-31,-0.039711326,1482,1481
mlp_er_train,test,2019-01-31,0.018637408,1482,1481
mlp_er_train,test,2019-02-28,-0.0060599577,1478,1478
mlp_er_train,test,2019-03-29,0.02296229,1478,1478
mlp_er_train,test,2019-04-30,-0.050123423,1480,1479
mlp_er_train,test,2019-05-31,0.056704976,1492,1491
mlp_er_train,test,2019-06-28,0.037370227,1495,1494
mlp_er_train,test,2019-07-31,-0.020203205,1499,1498
mlp_er_train,test,2019-08-30,0.014341822,1498,1497
mlp_er_train,test,2019-09-30,0.012769558,1500,1500
mlp_er_train,test,2019-10-31,0.020269388,1501,1500
mlp_er_train,test,2019-11-29,0.022614352,1501,1500
mlp_er_train,test,2019-12-31,-0.0485316,1500,1500
mlp_er_train,test,2020-01-31,-0.059404716,1502,1501
mlp_er_train,test,2020-02-28,-0.029347539,1502,1501
mlp_er_train,test,2020-03-31,0.09959018,1495,1495
mlp_er_train,test,2020-04-30,0.030337457,1496,1496
mlp_er_train,test,2020-05-29,-0.07650228,1495,1494
mlp_er_train,test,2020-06-30,0.05768418,1504,1503
mlp_er_train,test,2020-07-31,0.046361536,1510,1509
mlp_er_train,test,2020-08-31,0.0031367205,1515,1514
mlp_er_train,test,2020-09-30,0.0019709668,1526,1525
mlp_er_train,test,2020-10-30,-0.074306205,1541,1540
mlp_er_train,test,2020-11-30,-0.0399352,1555,1554
mlp_er_train,test,2020-12-31,-0.22048064,1575,1575
mlp_er_train,test,2021-01-29,-0.03874445,1593,1592
mlp_er_train,test,2021-02-26,0.060353152,1611,1611
mlp_er_train,test,2021-03-31,0.06099761,1643,1642
mlp_er_train,test,2021-04-30,0.03127453,1672,1672
mlp_er_train,test,2021-05-28,-0.069710456,1696,1695
mlp_er_train,test,2021-06-30,0.117566,1718,1717
mlp_er_train,test,2021-07-30,-0.0022371933,1745,1744
mlp_er_train,test,2021-08-31,0.015479732,1756,1755
mlp_er_train,test,2021-09-30,0.060304977,1775,1774
mlp_er_train,test,2021-10-29,0.092733465,1794,1793
mlp_er_train,test,2021-11-30,0.14749295,1814,1813
mlp_er_train,test,2021-12-31,0.043909036,1838,1837
mlp_er_train,test,2022-01-31,0.017144443,1855,1854
mlp_er_train,test,2022-02-28,-0.0024981555,1870,1869
mlp_er_train,test,2022-03-31,0.076618955,1877,1876
mlp_er_train,test,2022-04-29,0.07226017,1885,1884
mlp_er_train,test,2022-05-31,-0.04879001,1887,1886
mlp_er_train,test,2022-06-30,-0.010133218,1892,1891
mlp_er_train,test,2022-07-29,-0.033307202,1892,1891
mlp_er_train,test,2022-08-31,0.09121195,1894,1893
mlp_er_train,test,2022-09-30,0.08157366,1899,1899
mlp_er_train,test,2022-10-31,0.06329887,1897,1896
mlp_er_train,test,2022-11-30,0.035965208,1893,1893
mlp_er_train,test,2022-12-30,-0.07570282,1881,1880
mlp_er_train,test,2023-01-31,0.017452035,1876,1875
mlp_er_train,test,2023-02-28,0.06724197,1871,1870
mlp_er_train,test,2023-03-31,0.01457366,1865,1864
mlp_er_train,test,2023-04-28,-0.02703057,1860,1859
mlp_er_train,test,2023-05-31,0.041076347,1861,1860
mlp_er_train,test,2023-06-30,-0.002704557,1859,1858
mlp_er_train,test,2023-07-31,0.082372054,1853,1853
mlp_er_train,test,2023-08-31,0.0633738,1856,1855
mlp_er_train,test,2023-09-29,0.060980972,1864,1863
mlp_er_train,test,2023-10-31,0.02112367,1867,1866
mlp_er_train,test,2023-11-30,-0.031771056,1866,1865
mlp_er_train,test,2023-12-29,0.038467865,1862,1861
mlp_er_train,test,2024-01-31,-0.02814075,1874,1873
mlp_er_train,test,2024-02-29,0.033110816,1866,1865
mlp_er_train,test,2024-03-28,0.03501061,1867,1866
mlp_er_train,test,2024-04-30,0.031400435,1869,1868
mlp_er_train,test,2024-05-31,0.013408953,1875,1874
mlp_er_train,test,2024-06-28,0.027730674,1881,1880
mlp_er_train,test,2024-07-31,0.01891757,1888,1887
mlp_er_train,test,2024-08-30,0.008109368,1888,1887
mlp_er_train,test,2024-09-30,-0.030022606,1909,1908
mlp_er_train,test,2024-10-31,-0.014777064,1917,1916
mlp_er_train,validation,2010-12-31,-0.0018023215,1302,1301
mlp_er_train,validation,2011-01-31,0.016249651,1307,1306
mlp_er_train,validation,2011-02-28,0.01678202,1307,1306
mlp_er_train,validation,2011-03-31,0.022270415,1309,1308
mlp_er_train,validation,2011-04-29,-0.017167546,1313,1312
mlp_er_train,validation,2011-05-31,0.0019055698,1319,1318
mlp_er_train,validation,2011-06-30,-0.014379585,1323,1322
mlp_er_train,validation,2011-07-29,-0.033676505,1325,1324
mlp_er_train,validation,2011-08-31,-0.03372161,1325,1324
mlp_er_train,validation,2011-09-30,0.13030417,1326,1325
mlp_er_train,validation,2011-10-31,-0.041767847,1323,1322
mlp_er_train,validation,2011-11-30,0.032294165,1322,1322
mlp_er_train,validation,2011-12-30,0.051634584,1321,1320
mlp_er_train,validation,2012-01-31,0.019022893,1325,1325
mlp_er_train,validation,2012-02-29,0.019424066,1331,1330
mlp_er_train,validation,2012-03-30,-0.027836794,1333,1332
mlp_er_train,validation,2012-04-30,-0.09895094,1337,1336
mlp_er_train,validation,2012-05-31,0.012973066,1338,1337
mlp_er_train,validation,2012-06-29,-0.022222249,1334,1333
mlp_er_train,validation,2012-07-31,0.028254833,1334,1333
mlp_er_train,validation,2012-08-31,0.024998618,1328,1327
mlp_er_train,validation,2012-09-28,-0.016344279,1322,1322
mlp_er_train,validation,2012-10-31,0.009354776,1319,1318
mlp_er_train,validation,2012-11-30,0.014256693,1318,1317
mlp_er_train,validation,2012-12-31,0.03879883,1317,1316
mlp_er_train,validation,2013-01-31,0.013229683,1315,1314
mlp_er_train,validation,2013-02-28,0.032696996,1315,1314
mlp_er_train,validation,2013-03-28,0.002505485,1311,1310
mlp_er_train,validation,2013-04-30,0.03789788,1313,1312
mlp_er_train,validation,2013-05-31,0.016197203,1317,1316
mlp_er_train,validation,2013-06-28,0.010338526,1321,1320
mlp_er_train,validation,2013-07-31,-0.01984016,1326,1325
mlp_er_train,validation,2013-08-30,0.009767633,1329,1329
mlp_er_train,validation,2013-09-30,0.037939407,1332,1331
mlp_er_train,validation,2013-10-31,0.013404302,1338,1337
mlp_er_train,validation,2013-11-29,0.001927428,1343,1342
mlp_er_train,validation,2013-12-31,-0.094500735,1344,1343
mlp_er_train,validation,2014-01-31,0.025730843,1350,1349
mlp_er_train,validation,2014-02-28,0.022248218,1354,1353
mlp_er_train,validation,2014-03-31,0.023381172,1359,1358
mlp_er_train,validation,2014-04-30,0.036909178,1363,1363
mlp_er_train,validation,2014-05-30,-0.004346393,1370,1369
mlp_er_train,validation,2014-06-30,-0.0035489947,1378,1377
mlp_er_train,validation,2014-07-31,0.024602076,1385,1384
mlp_er_train,validation,2014-08-29,-0.023130354,1390,1389
mlp_er_train,validation,2014-09-30,0.043761104,1391,1390
mlp_er_train,validation,2014-10-31,0.011149372,1396,1395
mlp_er_train,validation,2014-11-28,0.01459364,1401,1400
mlp_er_train,validation,2014-12-31,-0.018034015,1399,1398
mlp_er_train,validation,2015-01-30,-0.01629018,1397,1396
mlp_er_train,validation,2015-02-27,0.019444719,1399,1399
mlp_er_train,validation,2015-03-31,-0.041226402,1400,1400
mlp_er_train,validation,2015-04-30,0.006723918,1406,1405
mlp_er_train,validation,2015-05-29,0.017546289,1410,1409
mlp_er_train,validation,2015-06-30,0.078501575,1417,1417
mlp_er_train,validation,2015-07-31,-0.00451041,1428,1428
mlp_er_train,validation,2015-08-31,0.053760752,1430,1429
mlp_er_train,validation,2015-09-30,0.014241394,1430,1429
mlp_er_train,validation,2015-10-30,-0.022864645,1431,1430
mlp_er_train,validation,2015-11-30,0.01720918,1436,1435
xgb_classifier,test,2015-12-31,0.12001209,1435,1435
xgb_classifier,test,2016-01-29,-0.00060538546,1430,1429
xgb_classifier,test,2016-02-29,-0.07128939,1427,1426
xgb_classifier,test,2016-03-31,-0.08422022,1423,1423
xgb_classifier,test,2016-04-29,0.026546428,1422,1421
xgb_classifier,test,2016-05-31,0.0202718,1423,1423
xgb_classifier,test,2016-06-30,-0.034074288,1424,1423
xgb_classifier,test,2016-07-29,-0.022132417,1424,1423
xgb_classifier,test,2016-08-31,-0.02350216,1417,1416
xgb_classifier,test,2016-09-30,0.070312224,1418,1418
xgb_classifier,test,2016-10-31,0.0015407987,1422,1421
xgb_classifier,test,2016-11-30,0.034198042,1420,1419
xgb_classifier,test,2016-12-30,-0.032405633,1422,1421
xgb_classifier,test,2017-01-31,-0.0019281274,1426,1425
xgb_classifier,test,2017-02-28,-0.0027363098,1422,1421
xgb_classifier,test,2017-03-31,0.0428241,1422,1422
xgb_classifier,test,2017-04-28,0.0417706,1426,1425
xgb_classifier,test,2017-05-31,-0.02589686,1429,1428
xgb_classifier,test,2017-06-30,0.03699951,1430,1429
xgb_classifier,test,2017-07-31,0.01929616,1432,1431
xgb_classifier,test,2017-08-31,-0.043049935,1427,1426
xgb_classifier,test,2017-09-29,0.046888307,1424,1423
xgb_classifier,test,2017-10-31,-0.015070217,1431,1430
xgb_classifier,test,2017-11-30,-0.025731796,1442,1441
xgb_classifier,test,2017-12-29,0.00023117289,1441,1441
xgb_classifier,test,2018-01-31,0.009487182,1449,1448
xgb_classifier,test,2018-02-28,0.010326121,1453,1452
xgb_classifier,test,2018-03-29,-0.00967408,1443,1442
xgb_classifier,test,2018-04-30,-0.033083078,1452,1451
xgb_classifier,test,2018-05-31,-0.0017410096,1454,1454
xgb_classifier,test,2018-06-29,0.04000588,1465,1464
xgb_classifier,test,2018-07-31,-0.012997432,1471,1471
xgb_classifier,test,2018-08-31,-0.0010605082,1469,1468
xgb_classifier,test,2018-09-28,0.04524477,1475,1474
xgb_classifier,test,2018-10-31,0.029744523,1483,1482
xgb_classifier,test,2018-11-30,0.092450574,1483,1482
xgb_classifier,test,2018-12-31,-0.111845255,1482,1481
xgb_classifier,test,2019-01-31,-0.01875709,1482,1481
xgb_classifier,test,2019-02-28,0.0013023966,1478,1478
xgb_classifier,test,2019-03-29,0.027656527,1478,1478
xgb_classifier,test,2019-04-30,0.07339169,1480,1479
xgb_classifier,test,2019-05-31,0.032918714,1492,1491
xgb_classifier,test,2019-06-28,0.0458925,1495,1494
xgb_classifier,test,2019-07-31,-0.0025696307,1499,1498
xgb_classifier,test,2019-08-30,0.019741468,1498,1497
xgb_classifier,test,2019-09-30,0.022778373,1500,1500
xgb_classifier,test,2019-10-31,-0.021894373,1501,1500
xgb_classifier,test,2019-11-29,-0.025106065,1501,1500
xgb_classifier,test,2019-12-31,-0.019878676,1500,1500
xgb_classifier,test,2020-01-31,0.00729556,1502,1501
xgb_classifier,test,2020-02-28,0.08854617,1502,1501
xgb_classifier,test,2020-03-31,-0.070092544,1495,1495
xgb_classifier,test,2020-04-30,-0.045671087,1496,1496
xgb_classifier,test,2020-05-29,-0.088447876,1495,1494
xgb_classifier,test,2020-06-30,0.002392374,1504,1503
xgb_classifier,test,2020-07-31,0.0019044839,1510,1509
xgb_classifier,test,2020-08-31,0.0096663255,1515,1514
xgb_classifier,test,2020-09-30,0.004779876,1526,1525
xgb_classifier,test,2020-10-30,-0.13984263,1541,1540
xgb_classifier,test,2020-11-30,-0.048214395,1555,1554
xgb_classifier,test,2020-12-31,-0.1838742,1575,1575
xgb_classifier,test,2021-01-29,-0.0448942,1593,1592
xgb_classifier,test,2021-02-26,0.069201306,1611,1611
xgb_classifier,test,2021-03-31,0.07047355,1643,1642
xgb_classifier,test,2021-04-30,0.050295748,1672,1672
xgb_classifier,test,2021-05-28,-0.052217185,1696,1695
xgb_classifier,test,2021-06-30,0.106921285,1718,1717
xgb_classifier,test,2021-07-30,-0.0057548303,1745,1744
xgb_classifier,test,2021-08-31,0.03996945,1756,1755
xgb_classifier,test,2021-09-30,0.051557023,1775,1774
xgb_classifier,test,2021-10-29,0.08029116,1794,1793
xgb_classifier,test,2021-11-30,0.12740237,1814,1813
xgb_classifier,test,2021-12-31,0.113947876,1838,1837
xgb_classifier,test,2022-01-31,0.02941939,1855,1854
xgb_classifier,test,2022-02-28,-0.009905,1870,1869
xgb_classifier,test,2022-03-31,0.13551228,1877,1876
xgb_classifier,test,2022-04-29,0.090155214,1885,1884
xgb_classifier,test,2022-05-31,0.020990774,1887,1886
xgb_classifier,test,2022-06-30,-0.012998961,1892,1891
xgb_classifier,test,2022-07-29,-0.035727143,1892,1891
xgb_classifier,test,2022-08-31,0.07791495,1894,1893
xgb_classifier,test,2022-09-30,0.08741081,1899,1899
xgb_classifier,test,2022-10-31,0.03558612,1897,1896
xgb_classifier,test,2022-11-30,0.05366775,1893,1893
xgb_classifier,test,2022-12-30,-0.21124896,1881,1880
xgb_classifier,test,2023-01-31,0.03679936,1876,1875
xgb_classifier,test,2023-02-28,0.07928827,1871,1870
xgb_classifier,test,2023-03-31,0.016465908,1865,1864
xgb_classifier,test,2023-04-28,-0.023049178,1860,1859
xgb_classifier,test,2023-05-31,0.030309761,1861,1860
xgb_classifier,test,2023-06-30,-0.0084786005,1859,1858
xgb_classifier,test,2023-07-31,0.073122464,1853,1853
xgb_classifier,test,2023-08-31,0.062101245,1856,1855
xgb_classifier,test,2023-09-29,0.0859662,1864,1863
xgb_classifier,test,2023-10-31,0.008880869,1867,1866
xgb_classifier,test,2023-11-30,-0.055127405,1866,1865
xgb_classifier,test,2023-12-29,0.036331967,1862,1861
xgb_classifier,test,2024-01-31,-0.028249841,1874,1873
xgb_classifier,test,2024-02-29,0.029904244,1866,1865
xgb_classifier,test,2024-03-28,0.04334459,1867,1866
xgb_classifier,test,2024-04-30,-0.0015271418,1869,1868
xgb_classifier,test,2024-05-31,0.060410228,1875,1874
xgb_classifier,test,2024-06-28,0.0018034466,1881,1880
xgb_classifier,test,2024-07-31,0.082670175,1888,1887
xgb_classifier,test,2024-08-30,0.008484744,1888,1887
xgb_classifier,test,2024-09-30,-0.003824357,1909,1908
xgb_classifier,test,2024-10-31,-0.012540974,1917,1916
xgb_classifier,validation,2010-12-31,-0.0058482885,1302,1301
xgb_classifier,validation,2011-01-31,0.017333006,1307,1306
xgb_classifier,validation,2011-02-28,0.03274416,1307,1306
xgb_classifier,validation,2011-03-31,0.01959194,1309,1308
xgb_classifier,validation,2011-04-29,0.011377569,1313,1312
xgb_classifier,validation,2011-05-31,0.0408296,1319,1318
xgb_classifier,validation,2011-06-30,-0.008513497,1323,1322
xgb_classifier,validation,2011-07-29,0.03809873,1325,1324
xgb_classifier,validation,2011-08-31,0.023017265,1325,1324
xgb_classifier,validation,2011-09-30,0.035109766,1326,1325
xgb_classifier,validation,2011-10-31,0.05368682,1323,1322
xgb_classifier,validation,2011-11-30,0.03872925,1322,1322
xgb_classifier,validation,2011-12-30,-0.06339786,1321,1320
xgb_classifier,validation,2012-01-31,-0.0064928085,1325,1325
xgb_classifier,validation,2012-02-29,0.005386779,1331,1330
xgb_classifier,validation,2012-03-30,0.0056884643,1333,1332
xgb_classifier,validation,2012-04-30,-0.007710874,1337,1336
xgb_classifier,validation,2012-05-31,0.0063666273,1338,1337
xgb_classifier,validation,2012-06-29,0.022421379,1334,1333
xgb_classifier,validation,2012-07-31,0.011909086,1334,1333
xgb_classifier,validation,2012-08-31,-0.019513031,1328,1327
xgb_classifier,validation,2012-09-28,0.027202312,1322,1322
xgb_classifier,validation,2012-10-31,0.017340096,1319,1318
xgb_classifier,validation,2012-11-30,0.015226185,1318,1317
xgb_classifier,validation,2012-12-31,-0.0046655387,1317,1316
xgb_classifier,validation,2013-01-31,0.01646408,1315,1314
xgb_classifier,validation,2013-02-28,0.011347657,1315,1314
xgb_classifier,validation,2013-03-28,0.023344211,1311,1310
xgb_classifier,validation,2013-04-30,-0.011153087,1313,1312
xgb_classifier,validation,2013-05-31,0.005334004,1317,1316
xgb_classifier,validation,2013-06-28,-0.012694836,1321,1320
xgb_classifier,validation,2013-07-31,-0.012932694,1326,1325
xgb_classifier,validation,2013-08-30,0.004764233,1329,1329
xgb_classifier,validation,2013-09-30,0.03957134,1332,1331
xgb_classifier,validation,2013-10-31,0.008844316,1338,1337
xgb_classifier,validation,2013-11-29,-0.026959023,1343,1342
xgb_classifier,validation,2013-12-31,-0.07012234,1344,1343
xgb_classifier,validation,2014-01-31,-0.022221766,1350,1349
xgb_classifier,validation,2014-02-28,0.028948601,1354,1353
xgb_classifier,validation,2014-03-31,0.07861334,1359,1358
xgb_classifier,validation,2014-04-30,0.040273953,1363,1363
xgb_classifier,validation,2014-05-30,-0.051143773,1370,1369
xgb_classifier,validation,2014-06-30,0.029727835,1378,1377
xgb_classifier,validation,2014-07-31,0.00097481906,1385,1384
xgb_classifier,validation,2014-08-29,0.013279635,1390,1389
xgb_classifier,validation,2014-09-30,0.037412874,1391,1390
xgb_classifier,validation,2014-10-31,0.00654592,1396,1395
xgb_classifier,validation,2014-11-28,0.0029513927,1401,1400
xgb_classifier,validation,2014-12-31,-0.0008141119,1399,1398
xgb_classifier,validation,2015-01-30,-0.070579946,1397,1396
xgb_classifier,validation,2015-02-27,0.038627654,1399,1399
xgb_classifier,validation,2015-03-31,-0.048663706,1400,1400
xgb_classifier,validation,2015-04-30,-0.0039019403,1406,1405
xgb_classifier,validation,2015-05-29,0.019124366,1410,1409
xgb_classifier,validation,2015-06-30,0.09680438,1417,1417
xgb_classifier,validation,2015-07-31,0.012714755,1428,1428
xgb_classifier,validation,2015-08-31,0.09444808,1430,1429
xgb_classifier,validation,2015-09-30,0.0077372976,1430,1429
xgb_classifier,validation,2015-10-30,-0.017237375,1431,1430
xgb_classifier,validation,2015-11-30,0.043933943,1436,1435
xgb_er_train,test,2015-12-31,0.009723552,1435,1435
xgb_er_train,test,2016-01-29,0.012592267,1430,1429
xgb_er_train,test,2016-02-29,-0.038638756,1427,1426
xgb_er_train,test,2016-03-31,0.043937325,1423,1423
xgb_er_train,test,2016-04-29,-0.016128974,1422,1421
xgb_er_train,test,2016-05-31,0.041136876,1423,1423
xgb_er_train,test,2016-06-30,0.03609222,1424,1423
xgb_er_train,test,2016-07-29,0.014234277,1424,1423
xgb_er_train,test,2016-08-31,0.03741835,1417,1416
xgb_er_train,test,2016-09-30,-0.028435921,1418,1418
xgb_er_train,test,2016-10-31,0.007816441,1422,1421
xgb_er_train,test,2016-11-30,0.028785573,1420,1419
xgb_er_train,test,2016-12-30,-0.017806787,1422,1421
xgb_er_train,test,2017-01-31,-0.0072107613,1426,1425
xgb_er_train,test,2017-02-28,-0.004636256,1422,1421
xgb_er_train,test,2017-03-31,0.022595916,1422,1422
xgb_er_train,test,2017-04-28,-0.017818253,1426,1425
xgb_er_train,test,2017-05-31,0.0054960735,1429,1428
xgb_er_train,test,2017-06-30,0.0065276567,1430,1429
xgb_er_train,test,2017-07-31,0.014590079,1432,1431
xgb_er_train,test,2017-08-31,-0.04283692,1427,1426
xgb_er_train,test,2017-09-29,0.030088672,1424,1423
xgb_er_train,test,2017-10-31,-0.02744199,1431,1430
xgb_er_train,test,2017-11-30,-0.0074077845,1442,1441
xgb_er_train,test,2017-12-29,0.020322299,1441,1441
xgb_er_train,test,2018-01-31,0.0009819642,1449,1448
xgb_er_train,test,2018-02-28,-0.012799103,1453,1452
xgb_er_train,test,2018-03-29,-0.00884759,1443,1442
xgb_er_train,test,2018-04-30,-0.018592771,1452,1451
xgb_er_train,test,2018-05-31,-0.006368924,1454,1454
xgb_er_train,test,2018-06-29,0.040921874,1465,1464
xgb_er_train,test,2018-07-31,0.018242817,1471,1471
xgb_er_train,test,2018-08-31,-0.0010908972,1469,1468
xgb_er_train,test,2018-09-28,0.043497674,1475,1474
xgb_er_train,test,2018-10-31,0.029188395,1483,1482
xgb_er_train,test,2018-11-30,0.05552338,1483,1482
xgb_er_train,test,2018-12-31,0.024525344,1482,1481
xgb_er_train,test,2019-01-31,0.015415601,1482,1481
xgb_er_train,test,2019-02-28,0.021578271,1478,1478
xgb_er_train,test,2019-03-29,-0.027453566,1478,1478
xgb_er_train,test,2019-04-30,-0.067395195,1480,1479
xgb_er_train,test,2019-05-31,-0.01297887,1492,1491
xgb_er_train,test,2019-06-28,0.019213906,1495,1494
xgb_er_train,test,2019-07-31,-0.050114684,1499,1498
xgb_er_train,test,2019-08-30,-0.022724973,1498,1497
xgb_er_train,test,2019-09-30,-0.023592614,1500,1500
xgb_er_train,test,2019-10-31,0.016979057,1501,1500
xgb_er_train,test,2019-11-29,0.061758325,1501,1500
xgb_er_train,test,2019-12-31,0.013448734,1500,1500
xgb_er_train,test,2020-01-31,-0.017168656,1502,1501
xgb_er_train,test,2020-02-28,-0.03530197,1502,1501
xgb_er_train,test,2020-03-31,0.16861813,1495,1495
xgb_er_train,test,2020-04-30,0.063536264,1496,1496
xgb_er_train,test,2020-05-29,0.05723294,1495,1494
xgb_er_train,test,2020-06-30,0.04510803,1504,1503
xgb_er_train,test,2020-07-31,-0.014116259,1510,1509
xgb_er_train,test,2020-08-31,-0.0074419603,1515,1514
xgb_er_train,test,2020-09-30,-0.004309039,1526,1525
xgb_er_train,test,2020-10-30,0.1574524,1541,1540
xgb_er_train,test,2020-11-30,0.049623564,1555,1554
xgb_er_train,test,2020-12-31,-0.14586271,1575,1575
xgb_er_train,test,2021-01-29,-0.03125185,1593,1592
xgb_er_train,test,2021-02-26,0.060646728,1611,1611
xgb_er_train,test,2021-03-31,0.062832475,1643,1642
xgb_er_train,test,2021-04-30,0.044637173,1672,1672
xgb_er_train,test,2021-05-28,0.041092493,1696,1695
xgb_er_train,test,2021-06-30,0.060332432,1718,1717
xgb_er_train,test,2021-07-30,0.0193821,1745,1744
xgb_er_train,test,2021-08-31,0.018921733,1756,1755
xgb_er_train,test,2021-09-30,0.03433065,1775,1774
xgb_er_train,test,2021-10-29,0.044187345,1794,1793
xgb_er_train,test,2021-11-30,0.00881272,1814,1813
xgb_er_train,test,2021-12-31,0.0029500872,1838,1837
xgb_er_train,test,2022-01-31,0.011772603,1855,1854
xgb_er_train,test,2022-02-28,0.0012769606,1870,1869
xgb_er_train,test,2022-03-31,0.030241877,1877,1876
xgb_er_train,test,2022-04-29,0.034311503,1885,1884
xgb_er_train,test,2022-05-31,0.02188716,1887,1886
xgb_er_train,test,2022-06-30,-0.037190795,1892,1891
xgb_er_train,test,2022-07-29,0.040341735,1892,1891
xgb_er_train,test,2022-08-31,-0.0129136965,1894,1893
xgb_er_train,test,2022-09-30,0.036536712,1899,1899
xgb_er_train,test,2022-10-31,-0.08405954,1897,1896
xgb_er_train,test,2022-11-30,-0.018801615,1893,1893
xgb_er_train,test,2022-12-30,0.11425699,1881,1880
xgb_er_train,test,2023-01-31,-0.05414383,1876,1875
xgb_er_train,test,2023-02-28,0.018169984,1871,1870
xgb_er_train,test,2023-03-31,-0.005879041,1865,1864
xgb_er_train,test,2023-04-28,0.015069601,1860,1859
xgb_er_train,test,2023-05-31,-0.012863077,1861,1860
xgb_er_train,test,2023-06-30,0.012303129,1859,1858
xgb_er_train,test,2023-07-31,-0.07043646,1853,1853
xgb_er_train,test,2023-08-31,-0.0043624267,1856,1855
xgb_er_train,test,2023-09-29,-0.054940037,1864,1863
xgb_er_train,test,2023-10-31,-0.01506111,1867,1866
xgb_er_train,test,2023-11-30,-0.031000353,1866,1865
xgb_er_train,test,2023-12-29,-0.020028103,1862,1861
xgb_er_train,test,2024-01-31,0.019917026,1874,1873
xgb_er_train,test,2024-02-29,-0.018976346,1866,1865
xgb_er_train,test,2024-03-28,-0.053213812,1867,1866
xgb_er_train,test,2024-04-30,0.001367338,1869,1868
xgb_er_train,test,2024-05-31,0.04921017,1875,1874
xgb_er_train,test,2024-06-28,-0.022367097,1881,1880
xgb_er_train,test,2024-07-31,-0.064516425,1888,1887
xgb_er_train,test,2024-08-30,0.00413319,1888,1887
xgb_er_train,test,2024-09-30,0.019460812,1909,1908
xgb_er_train,test,2024-10-31,0.024674546,1917,1916
xgb_er_train,validation,2010-12-31,0.029735075,1302,1301
xgb_er_train,validation,2011-01-31,0.0213016,1307,1306
xgb_er_train,validation,2011-02-28,-0.0019197429,1307,1306
xgb_er_train,validation,2011-03-31,0.009894184,1309,1308
xgb_er_train,validation,2011-04-29,-0.038406543,1313,1312
xgb_er_train,validation,2011-05-31,-0.010924455,1319,1318
xgb_er_train,validation,2011-06-30,-0.0035985876,1323,1322
xgb_er_train,validation,2011-07-29,-0.04006739,1325,1324
xgb_er_train,validation,2011-08-31,-0.017294496,1325,1324
xgb_er_train,validation,2011-09-30,0.039069153,1326,1325
xgb_er_train,validation,2011-10-31,-0.028543482,1323,1322
xgb_er_train,validation,2011-11-30,-0.00084220245,1322,1322
xgb_er_train,validation,2011-12-30,0.10719591,1321,1320
xgb_er_train,validation,2012-01-31,0.021260278,1325,1325
xgb_er_train,validation,2012-02-29,0.008635305,1331,1330
xgb_er_train,validation,2012-03-30,0.011195142,1333,1332
xgb_er_train,validation,2012-04-30,-0.0663781,1337,1336
xgb_er_train,validation,2012-05-31,-0.0040836837,1338,1337
xgb_er_train,validation,2012-06-29,0.016258914,1334,1333
xgb_er_train,validation,2012-07-31,0.0073767453,1334,1333
xgb_er_train,validation,2012-08-31,0.021045208,1328,1327
xgb_er_train,validation,2012-09-28,-0.00804117,1322,1322
xgb_er_train,validation,2012-10-31,0.006615889,1319,1318
xgb_er_train,validation,2012-11-30,-0.016576773,1318,1317
xgb_er_train,validation,2012-12-31,0.037736915,1317,1316
xgb_er_train,validation,2013-01-31,-0.004805442,1315,1314
xgb_er_train,validation,2013-02-28,0.013060022,1315,1314
xgb_er_train,validation,2013-03-28,0.008824326,1311,1310
xgb_er_train,validation,2013-04-30,0.033191614,1313,1312
xgb_er_train,validation,2013-05-31,-0.01733009,1317,1316
xgb_er_train,validation,2013-06-28,-0.010606989,1321,1320
xgb_er_train,validation,2013-07-31,0.01449753,1326,1325
xgb_er_train,validation,2013-08-30,0.003933698,1329,1329
xgb_er_train,validation,2013-09-30,0.004253149,1332,1331
xgb_er_train,validation,2013-10-31,0.033176005,1338,1337
xgb_er_train,validation,2013-11-29,-0.0053071547,1343,1342
xgb_er_train,validation,2013-12-31,-0.0640143,1344,1343
xgb_er_train,validation,2014-01-31,-0.011247326,1350,1349
xgb_er_train,validation,2014-02-28,-0.007054982,1354,1353
xgb_er_train,validation,2014-03-31,0.051008664,1359,1358
xgb_er_train,validation,2014-04-30,0.028993677,1363,1363
xgb_er_train,validation,2014-05-30,-0.03808945,1370,1369
xgb_er_train,validation,2014-06-30,0.019315917,1378,1377
xgb_er_train,validation,2014-07-31,0.0053233206,1385,1384
xgb_er_train,validation,2014-08-29,0.0031940714,1390,1389
xgb_er_train,validation,2014-09-30,0.018790442,1391,1390
xgb_er_train,validation,2014-10-31,0.019386029,1396,1395
xgb_er_train,validation,2014-11-28,-0.016602233,1401,1400
xgb_er_train,validation,2014-12-31,0.0031822585,1399,1398
xgb_er_train,validation,2015-01-30,-0.0485382,1397,1396
xgb_er_train,validation,2015-02-27,0.016826099,1399,1399
xgb_er_train,validation,2015-03-31,0.0055530295,1400,1400
xgb_er_train,validation,2015-04-30,0.00014762953,1406,1405
xgb_er_train,validation,2015-05-29,0.024793038,1410,1409
xgb_er_train,validation,2015-06-30,0.080423884,1417,1417
xgb_er_train,validation,2015-07-31,0.014078997,1428,1428
xgb_er_train,validation,2015-08-31,0.06638664,1430,1429
xgb_er_train,validation,2015-09-30,0.00017573684,1430,1429
xgb_er_train,validation,2015-10-30,0.014901482,1431,1430
xgb_er_train,validation,2015-11-30,0.036418173,1436,1435
ft_base_seed362559_classifier,test,2015-12-31,0.08968297,1435,1435
ft_base_seed362559_classifier,test,2016-01-29,0.008124138,1430,1429
ft_base_seed362559_classifier,test,2016-02-29,-0.06368523,1427,1426
ft_base_seed362559_classifier,test,2016-03-31,-0.09816904,1423,1423
ft_base_seed362559_classifier,test,2016-04-29,0.03233661,1422,1421
ft_base_seed362559_classifier,test,2016-05-31,0.00447753,1423,1423
ft_base_seed362559_classifier,test,2016-06-30,-0.041496336,1424,1423
ft_base_seed362559_classifier,test,2016-07-29,-0.02308861,1424,1423
ft_base_seed362559_classifier,test,2016-08-31,-0.029683001,1417,1416
ft_base_seed362559_classifier,test,2016-09-30,0.06914622,1418,1418
ft_base_seed362559_classifier,test,2016-10-31,0.008527841,1422,1421
ft_base_seed362559_classifier,test,2016-11-30,0.038642045,1420,1419
ft_base_seed362559_classifier,test,2016-12-30,-0.028341865,1422,1421
ft_base_seed362559_classifier,test,2017-01-31,0.002307265,1426,1425
ft_base_seed362559_classifier,test,2017-02-28,0.0044033546,1422,1421
ft_base_seed362559_classifier,test,2017-03-31,0.044200383,1422,1422
ft_base_seed362559_classifier,test,2017-04-28,0.042378437,1426,1425
ft_base_seed362559_classifier,test,2017-05-31,-0.03119409,1429,1428
ft_base_seed362559_classifier,test,2017-06-30,0.033917367,1430,1429
ft_base_seed362559_classifier,test,2017-07-31,0.022982905,1432,1431
ft_base_seed362559_classifier,test,2017-08-31,-0.049170457,1427,1426
ft_base_seed362559_classifier,test,2017-09-29,0.04831557,1424,1423
ft_base_seed362559_classifier,test,2017-10-31,-0.016182557,1431,1430
ft_base_seed362559_classifier,test,2017-11-30,-0.020180676,1442,1441
ft_base_seed362559_classifier,test,2017-12-29,0.0022559986,1441,1441
ft_base_seed362559_classifier,test,2018-01-31,0.0058670826,1449,1448
ft_base_seed362559_classifier,test,2018-02-28,-0.0004766495,1453,1452
ft_base_seed362559_classifier,test,2018-03-29,-0.011248192,1443,1442
ft_base_seed362559_classifier,test,2018-04-30,-0.04731322,1452,1451
ft_base_seed362559_classifier,test,2018-05-31,-0.0008251266,1454,1454
ft_base_seed362559_classifier,test,2018-06-29,0.0493392,1465,1464
ft_base_seed362559_classifier,test,2018-07-31,-0.011206973,1471,1471
ft_base_seed362559_classifier,test,2018-08-31,0.0114824865,1469,1468
ft_base_seed362559_classifier,test,2018-09-28,0.048301302,1475,1474
ft_base_seed362559_classifier,test,2018-10-31,0.04208745,1483,1482
ft_base_seed362559_classifier,test,2018-11-30,0.09562842,1483,1482
ft_base_seed362559_classifier,test,2018-12-31,-0.12284897,1482,1481
ft_base_seed362559_classifier,test,2019-01-31,-0.032944776,1482,1481
ft_base_seed362559_classifier,test,2019-02-28,0.0033258037,1478,1478
ft_base_seed362559_classifier,test,2019-03-29,0.027597668,1478,1478
ft_base_seed362559_classifier,test,2019-04-30,0.051297896,1480,1479
ft_base_seed362559_classifier,test,2019-05-31,0.05004858,1492,1491
ft_base_seed362559_classifier,test,2019-06-28,0.051549148,1495,1494
ft_base_seed362559_classifier,test,2019-07-31,0.025060914,1499,1498
ft_base_seed362559_classifier,test,2019-08-30,0.021011895,1498,1497
ft_base_seed362559_classifier,test,2019-09-30,0.033064842,1500,1500
ft_base_seed362559_classifier,test,2019-10-31,-0.009876272,1501,1500
ft_base_seed362559_classifier,test,2019-11-29,-0.04950043,1501,1500
ft_base_seed362559_classifier,test,2019-12-31,-0.03486915,1500,1500
ft_base_seed362559_classifier,test,2020-01-31,-0.03335137,1502,1501
ft_base_seed362559_classifier,test,2020-02-28,0.06940502,1502,1501
ft_base_seed362559_classifier,test,2020-03-31,-0.10659096,1495,1495
ft_base_seed362559_classifier,test,2020-04-30,-0.06717816,1496,1496
ft_base_seed362559_classifier,test,2020-05-29,-0.10264209,1495,1494
ft_base_seed362559_classifier,test,2020-06-30,0.016672172,1504,1503
ft_base_seed362559_classifier,test,2020-07-31,0.011586754,1510,1509
ft_base_seed362559_classifier,test,2020-08-31,0.016791195,1515,1514
ft_base_seed362559_classifier,test,2020-09-30,0.00017555949,1526,1525
ft_base_seed362559_classifier,test,2020-10-30,-0.1537945,1541,1540
ft_base_seed362559_classifier,test,2020-11-30,-0.0528182,1555,1554
ft_base_seed362559_classifier,test,2020-12-31,-0.16604264,1575,1575
ft_base_seed362559_classifier,test,2021-01-29,-0.05296849,1593,1592
ft_base_seed362559_classifier,test,2021-02-26,0.050140083,1611,1611
ft_base_seed362559_classifier,test,2021-03-31,0.077270046,1643,1642
ft_base_seed362559_classifier,test,2021-04-30,0.044109702,1672,1672
ft_base_seed362559_classifier,test,2021-05-28,-0.07125182,1696,1695
ft_base_seed362559_classifier,test,2021-06-30,0.103480436,1718,1717
ft_base_seed362559_classifier,test,2021-07-30,-0.0020224433,1745,1744
ft_base_seed362559_classifier,test,2021-08-31,0.030239161,1756,1755
ft_base_seed362559_classifier,test,2021-09-30,0.06284068,1775,1774
ft_base_seed362559_classifier,test,2021-10-29,0.0854026,1794,1793
ft_base_seed362559_classifier,test,2021-11-30,0.14148965,1814,1813
ft_base_seed362559_classifier,test,2021-12-31,0.09511958,1838,1837
ft_base_seed362559_classifier,test,2022-01-31,0.03112916,1855,1854
ft_base_seed362559_classifier,test,2022-02-28,-0.0019480828,1870,1869
ft_base_seed362559_classifier,test,2022-03-31,0.14115743,1877,1876
ft_base_seed362559_classifier,test,2022-04-29,0.09496499,1885,1884
ft_base_seed362559_classifier,test,2022-05-31,-0.027260233,1887,1886
ft_base_seed362559_classifier,test,2022-06-30,-0.0128794685,1892,1891
ft_base_seed362559_classifier,test,2022-07-29,-0.04022633,1892,1891
ft_base_seed362559_classifier,test,2022-08-31,0.09929916,1894,1893
ft_base_seed362559_classifier,test,2022-09-30,0.06731707,1899,1899
ft_base_seed362559_classifier,test,2022-10-31,0.08414781,1897,1896
ft_base_seed362559_classifier,test,2022-11-30,0.04917244,1893,1893
ft_base_seed362559_classifier,test,2022-12-30,-0.21932614,1881,1880
ft_base_seed362559_classifier,test,2023-01-31,0.055984125,1876,1875
ft_base_seed362559_classifier,test,2023-02-28,0.09874453,1871,1870
ft_base_seed362559_classifier,test,2023-03-31,0.02130403,1865,1864
ft_base_seed362559_classifier,test,2023-04-28,-0.048072,1860,1859
ft_base_seed362559_classifier,test,2023-05-31,0.041744657,1861,1860
ft_base_seed362559_classifier,test,2023-06-30,-0.012704466,1859,1858
ft_base_seed362559_classifier,test,2023-07-31,0.068086796,1853,1853
ft_base_seed362559_classifier,test,2023-08-31,0.057047665,1856,1855
ft_base_seed362559_classifier,test,2023-09-29,0.07535455,1864,1863
ft_base_seed362559_classifier,test,2023-10-31,0.010930903,1867,1866
ft_base_seed362559_classifier,test,2023-11-30,-0.0628624,1866,1865
ft_base_seed362559_classifier,test,2023-12-29,0.031490017,1862,1861
ft_base_seed362559_classifier,test,2024-01-31,-0.000665389,1874,1873
ft_base_seed362559_classifier,test,2024-02-29,0.035850767,1866,1865
ft_base_seed362559_classifier,test,2024-03-28,0.04414961,1867,1866
ft_base_seed362559_classifier,test,2024-04-30,-0.004007332,1869,1868
ft_base_seed362559_classifier,test,2024-05-31,0.05345909,1875,1874
ft_base_seed362559_classifier,test,2024-06-28,-0.008856244,1881,1880
ft_base_seed362559_classifier,test,2024-07-31,0.08066869,1888,1887
ft_base_seed362559_classifier,test,2024-08-30,0.015585421,1888,1887
ft_base_seed362559_classifier,test,2024-09-30,-0.02667031,1909,1908
ft_base_seed362559_classifier,test,2024-10-31,-0.037132837,1917,1916
ft_base_seed362559_classifier,validation,2010-12-31,-0.023728468,1302,1301
ft_base_seed362559_classifier,validation,2011-01-31,0.010995699,1307,1306
ft_base_seed362559_classifier,validation,2011-02-28,0.033002548,1307,1306
ft_base_seed362559_classifier,validation,2011-03-31,0.029495684,1309,1308
ft_base_seed362559_classifier,validation,2011-04-29,0.02026248,1313,1312
ft_base_seed362559_classifier,validation,2011-05-31,0.043251783,1319,1318
ft_base_seed362559_classifier,validation,2011-06-30,-0.017236046,1323,1322
ft_base_seed362559_classifier,validation,2011-07-29,0.061759967,1325,1324
ft_base_seed362559_classifier,validation,2011-08-31,0.044569984,1325,1324
ft_base_seed362559_classifier,validation,2011-09-30,-0.004959099,1326,1325
ft_base_seed362559_classifier,validation,2011-10-31,0.06589962,1323,1322
ft_base_seed362559_classifier,validation,2011-11-30,0.034786645,1322,1322
ft_base_seed362559_classifier,validation,2011-12-30,-0.10792783,1321,1320
ft_base_seed362559_classifier,validation,2012-01-31,-0.025987277,1325,1325
ft_base_seed362559_classifier,validation,2012-02-29,0.0056729484,1331,1330
ft_base_seed362559_classifier,validation,2012-03-30,0.009249389,1333,1332
ft_base_seed362559_classifier,validation,2012-04-30,-0.014805295,1337,1336
ft_base_seed362559_classifier,validation,2012-05-31,0.012030456,1338,1337
ft_base_seed362559_classifier,validation,2012-06-29,0.031597514,1334,1333
ft_base_seed362559_classifier,validation,2012-07-31,0.016764972,1334,1333
ft_base_seed362559_classifier,validation,2012-08-31,-0.019864231,1328,1327
ft_base_seed362559_classifier,validation,2012-09-28,0.028535375,1322,1322
ft_base_seed362559_classifier,validation,2012-10-31,0.031364933,1319,1318
ft_base_seed362559_classifier,validation,2012-11-30,0.0060918517,1318,1317
ft_base_seed362559_classifier,validation,2012-12-31,-0.015704371,1317,1316
ft_base_seed362559_classifier,validation,2013-01-31,0.0141621865,1315,1314
ft_base_seed362559_classifier,validation,2013-02-28,0.0046257637,1315,1314
ft_base_seed362559_classifier,validation,2013-03-28,0.023117317,1311,1310
ft_base_seed362559_classifier,validation,2013-04-30,-0.026913755,1313,1312
ft_base_seed362559_classifier,validation,2013-05-31,0.007888767,1317,1316
ft_base_seed362559_classifier,validation,2013-06-28,-0.027593233,1321,1320
ft_base_seed362559_classifier,validation,2013-07-31,-0.027753344,1326,1325
ft_base_seed362559_classifier,validation,2013-08-30,-0.010899268,1329,1329
ft_base_seed362559_classifier,validation,2013-09-30,0.03944057,1332,1331
ft_base_seed362559_classifier,validation,2013-10-31,-0.010685805,1338,1337
ft_base_seed362559_classifier,validation,2013-11-29,-0.020775417,1343,1342
ft_base_seed362559_classifier,validation,2013-12-31,-0.09547565,1344,1343
ft_base_seed362559_classifier,validation,2014-01-31,-0.013917066,1350,1349
ft_base_seed362559_classifier,validation,2014-02-28,0.028801,1354,1353
ft_base_seed362559_classifier,validation,2014-03-31,0.0710529,1359,1358
ft_base_seed362559_classifier,validation,2014-04-30,0.04343285,1363,1363
ft_base_seed362559_classifier,validation,2014-05-30,-0.036160257,1370,1369
ft_base_seed362559_classifier,validation,2014-06-30,0.028960275,1378,1377
ft_base_seed362559_classifier,validation,2014-07-31,0.01157527,1385,1384
ft_base_seed362559_classifier,validation,2014-08-29,0.016656607,1390,1389
ft_base_seed362559_classifier,validation,2014-09-30,0.049718007,1391,1390
ft_base_seed362559_classifier,validation,2014-10-31,0.02982651,1396,1395
ft_base_seed362559_classifier,validation,2014-11-28,0.0098512815,1401,1400
ft_base_seed362559_classifier,validation,2014-12-31,0.015461991,1399,1398
ft_base_seed362559_classifier,validation,2015-01-30,-0.04468646,1397,1396
ft_base_seed362559_classifier,validation,2015-02-27,0.04154513,1399,1399
ft_base_seed362559_classifier,validation,2015-03-31,-0.050739877,1400,1400
ft_base_seed362559_classifier,validation,2015-04-30,0.011227973,1406,1405
ft_base_seed362559_classifier,validation,2015-05-29,0.018211946,1410,1409
ft_base_seed362559_classifier,validation,2015-06-30,0.091226116,1417,1417
ft_base_seed362559_classifier,validation,2015-07-31,-0.006497465,1428,1428
ft_base_seed362559_classifier,validation,2015-08-31,0.07840462,1430,1429
ft_base_seed362559_classifier,validation,2015-09-30,0.008461319,1430,1429
ft_base_seed362559_classifier,validation,2015-10-30,-0.013883033,1431,1430
ft_base_seed362559_classifier,validation,2015-11-30,0.04856451,1436,1435
ft_base_seed362559_er_train,test,2015-12-31,0.03241065,1435,1435
ft_base_seed362559_er_train,test,2016-01-29,0.018013556,1430,1429
ft_base_seed362559_er_train,test,2016-02-29,-0.04144319,1427,1426
ft_base_seed362559_er_train,test,2016-03-31,-0.0068795793,1423,1423
ft_base_seed362559_er_train,test,2016-04-29,0.0012867404,1422,1421
ft_base_seed362559_er_train,test,2016-05-31,0.009472454,1423,1423
ft_base_seed362559_er_train,test,2016-06-30,-0.012060665,1424,1423
ft_base_seed362559_er_train,test,2016-07-29,-0.017389694,1424,1423
ft_base_seed362559_er_train,test,2016-08-31,0.0017499048,1417,1416
ft_base_seed362559_er_train,test,2016-09-30,0.022260867,1418,1418
ft_base_seed362559_er_train,test,2016-10-31,0.057005517,1422,1421
ft_base_seed362559_er_train,test,2016-11-30,0.03445047,1420,1419
ft_base_seed362559_er_train,test,2016-12-30,-0.019137131,1422,1421
ft_base_seed362559_er_train,test,2017-01-31,-0.008574693,1426,1425
ft_base_seed362559_er_train,test,2017-02-28,-0.0032827896,1422,1421
ft_base_seed362559_er_train,test,2017-03-31,0.02323018,1422,1422
ft_base_seed362559_er_train,test,2017-04-28,0.0029746564,1426,1425
ft_base_seed362559_er_train,test,2017-05-31,-0.00423502,1429,1428
ft_base_seed362559_er_train,test,2017-06-30,0.027730685,1430,1429
ft_base_seed362559_er_train,test,2017-07-31,0.025138274,1432,1431
ft_base_seed362559_er_train,test,2017-08-31,-0.031179585,1427,1426
ft_base_seed362559_er_train,test,2017-09-29,0.034058385,1424,1423
ft_base_seed362559_er_train,test,2017-10-31,-0.011703122,1431,1430
ft_base_seed362559_er_train,test,2017-11-30,-0.013913696,1442,1441
ft_base_seed362559_er_train,test,2017-12-29,0.013583448,1441,1441
ft_base_seed362559_er_train,test,2018-01-31,-0.004339557,1449,1448
ft_base_seed362559_er_train,test,2018-02-28,0.009494339,1453,1452
ft_base_seed362559_er_train,test,2018-03-29,0.008926963,1443,1442
ft_base_seed362559_er_train,test,2018-04-30,-0.018313333,1452,1451
ft_base_seed362559_er_train,test,2018-05-31,0.0020969629,1454,1454
ft_base_seed362559_er_train,test,2018-06-29,0.041820005,1465,1464
ft_base_seed362559_er_train,test,2018-07-31,0.005182132,1471,1471
ft_base_seed362559_er_train,test,2018-08-31,0.0022192565,1469,1468
ft_base_seed362559_er_train,test,2018-09-28,0.031380855,1475,1474
ft_base_seed362559_er_train,test,2018-10-31,0.01889506,1483,1482
ft_base_seed362559_er_train,test,2018-11-30,0.06372006,1483,1482
ft_base_seed362559_er_train,test,2018-12-31,-0.05846008,1482,1481
ft_base_seed362559_er_train,test,2019-01-31,-0.014300089,1482,1481
ft_base_seed362559_er_train,test,2019-02-28,-0.021630052,1478,1478
ft_base_seed362559_er_train,test,2019-03-29,0.008342726,1478,1478
ft_base_seed362559_er_train,test,2019-04-30,0.0015539601,1480,1479
ft_base_seed362559_er_train,test,2019-05-31,0.03649756,1492,1491
ft_base_seed362559_er_train,test,2019-06-28,0.045976736,1495,1494
ft_base_seed362559_er_train,test,2019-07-31,-0.034570348,1499,1498
ft_base_seed362559_er_train,test,2019-08-30,0.02175262,1498,1497
ft_base_seed362559_er_train,test,2019-09-30,0.029672919,1500,1500
ft_base_seed362559_er_train,test,2019-10-31,0.0021596216,1501,1500
ft_base_seed362559_er_train,test,2019-11-29,0.000579644,1501,1500
ft_base_seed362559_er_train,test,2019-12-31,-0.04381457,1500,1500
ft_base_seed362559_er_train,test,2020-01-31,-0.049974687,1502,1501
ft_base_seed362559_er_train,test,2020-02-28,0.01724416,1502,1501
ft_base_seed362559_er_train,test,2020-03-31,0.10235475,1495,1495
ft_base_seed362559_er_train,test,2020-04-30,-0.055425003,1496,1496
ft_base_seed362559_er_train,test,2020-05-29,-0.024990804,1495,1494
ft_base_seed362559_er_train,test,2020-06-30,0.040646076,1504,1503
ft_base_seed362559_er_train,test,2020-07-31,0.035793684,1510,1509
ft_base_seed362559_er_train,test,2020-08-31,0.012963619,1515,1514
ft_base_seed362559_er_train,test,2020-09-30,0.0171235,1526,1525
ft_base_seed362559_er_train,test,2020-10-30,-0.018688485,1541,1540
ft_base_seed362559_er_train,test,2020-11-30,-0.0028635412,1555,1554
ft_base_seed362559_er_train,test,2020-12-31,-0.0015177652,1575,1575
ft_base_seed362559_er_train,test,2021-01-29,0.05518597,1593,1592
ft_base_seed362559_er_train,test,2021-02-26,0.035224427,1611,1611
ft_base_seed362559_er_train,test,2021-03-31,0.0614575,1643,1642
ft_base_seed362559_er_train,test,2021-04-30,0.04559408,1672,1672
ft_base_seed362559_er_train,test,2021-05-28,-0.03131882,1696,1695
ft_base_seed362559_er_train,test,2021-06-30,0.05496312,1718,1717
ft_base_seed362559_er_train,test,2021-07-30,-5.437061e-06,1745,1744
ft_base_seed362559_er_train,test,2021-08-31,0.038890116,1756,1755
ft_base_seed362559_er_train,test,2021-09-30,0.056734834,1775,1774
ft_base_seed362559_er_train,test,2021-10-29,0.07175988,1794,1793
ft_base_seed362559_er_train,test,2021-11-30,0.10341354,1814,1813
ft_base_seed362559_er_train,test,2021-12-31,0.07148123,1838,1837
ft_base_seed362559_er_train,test,2022-01-31,0.043962236,1855,1854
ft_base_seed362559_er_train,test,2022-02-28,0.007849226,1870,1869
ft_base_seed362559_er_train,test,2022-03-31,0.10140042,1877,1876
ft_base_seed362559_er_train,test,2022-04-29,0.08183161,1885,1884
ft_base_seed362559_er_train,test,2022-05-31,-0.042270184,1887,1886
ft_base_seed362559_er_train,test,2022-06-30,0.013836257,1892,1891
ft_base_seed362559_er_train,test,2022-07-29,-0.041809216,1892,1891
ft_base_seed362559_er_train,test,2022-08-31,0.0672496,1894,1893
ft_base_seed362559_er_train,test,2022-09-30,0.09160912,1899,1899
ft_base_seed362559_er_train,test,2022-10-31,0.08142116,1897,1896
ft_base_seed362559_er_train,test,2022-11-30,0.038206156,1893,1893
ft_base_seed362559_er_train,test,2022-12-30,-0.18837126,1881,1880
ft_base_seed362559_er_train,test,2023-01-31,0.045602795,1876,1875
ft_base_seed362559_er_train,test,2023-02-28,0.04780303,1871,1870
ft_base_seed362559_er_train,test,2023-03-31,-0.0011047833,1865,1864
ft_base_seed362559_er_train,test,2023-04-28,-0.025469344,1860,1859
ft_base_seed362559_er_train,test,2023-05-31,0.06633999,1861,1860
ft_base_seed362559_er_train,test,2023-06-30,0.0023208074,1859,1858
ft_base_seed362559_er_train,test,2023-07-31,0.0020480677,1853,1853
ft_base_seed362559_er_train,test,2023-08-31,0.01176472,1856,1855
ft_base_seed362559_er_train,test,2023-09-29,0.03845968,1864,1863
ft_base_seed362559_er_train,test,2023-10-31,0.041759677,1867,1866
ft_base_seed362559_er_train,test,2023-11-30,0.017791286,1866,1865
ft_base_seed362559_er_train,test,2023-12-29,-2.9522926e-05,1862,1861
ft_base_seed362559_er_train,test,2024-01-31,0.030951168,1874,1873
ft_base_seed362559_er_train,test,2024-02-29,0.03439264,1866,1865
ft_base_seed362559_er_train,test,2024-03-28,0.007968541,1867,1866
ft_base_seed362559_er_train,test,2024-04-30,0.006781731,1869,1868
ft_base_seed362559_er_train,test,2024-05-31,0.012614446,1875,1874
ft_base_seed362559_er_train,test,2024-06-28,0.02601548,1881,1880
ft_base_seed362559_er_train,test,2024-07-31,0.055901643,1888,1887
ft_base_seed362559_er_train,test,2024-08-30,0.018384885,1888,1887
ft_base_seed362559_er_train,test,2024-09-30,-0.021543115,1909,1908
ft_base_seed362559_er_train,test,2024-10-31,-0.0037282184,1917,1916
ft_base_seed362559_er_train,validation,2010-12-31,-0.0020528138,1302,1301
ft_base_seed362559_er_train,validation,2011-01-31,0.03326675,1307,1306
ft_base_seed362559_er_train,validation,2011-02-28,0.028241323,1307,1306
ft_base_seed362559_er_train,validation,2011-03-31,0.017987363,1309,1308
ft_base_seed362559_er_train,validation,2011-04-29,-0.019217921,1313,1312
ft_base_seed362559_er_train,validation,2011-05-31,-0.00148133,1319,1318
ft_base_seed362559_er_train,validation,2011-06-30,-0.014216634,1323,1322
ft_base_seed362559_er_train,validation,2011-07-29,-0.012467265,1325,1324
ft_base_seed362559_er_train,validation,2011-08-31,-0.022464223,1325,1324
ft_base_seed362559_er_train,validation,2011-09-30,0.060165733,1326,1325
ft_base_seed362559_er_train,validation,2011-10-31,0.033409525,1323,1322
ft_base_seed362559_er_train,validation,2011-11-30,0.013897925,1322,1322
ft_base_seed362559_er_train,validation,2011-12-30,-0.053451695,1321,1320
ft_base_seed362559_er_train,validation,2012-01-31,-0.0054357685,1325,1325
ft_base_seed362559_er_train,validation,2012-02-29,0.0068114847,1331,1330
ft_base_seed362559_er_train,validation,2012-03-30,-0.00983225,1333,1332
ft_base_seed362559_er_train,validation,2012-04-30,-0.068011075,1337,1336
ft_base_seed362559_er_train,validation,2012-05-31,0.0056885853,1338,1337
ft_base_seed362559_er_train,validation,2012-06-29,-0.006259856,1334,1333
ft_base_seed362559_er_train,validation,2012-07-31,0.029472109,1334,1333
ft_base_seed362559_er_train,validation,2012-08-31,0.0032632053,1328,1327
ft_base_seed362559_er_train,validation,2012-09-28,0.0019960236,1322,1322
ft_base_seed362559_er_train,validation,2012-10-31,0.013623471,1319,1318
ft_base_seed362559_er_train,validation,2012-11-30,0.013960596,1318,1317
ft_base_seed362559_er_train,validation,2012-12-31,0.023190789,1317,1316
ft_base_seed362559_er_train,validation,2013-01-31,0.0134175625,1315,1314
ft_base_seed362559_er_train,validation,2013-02-28,0.029689753,1315,1314
ft_base_seed362559_er_train,validation,2013-03-28,0.0024661024,1311,1310
ft_base_seed362559_er_train,validation,2013-04-30,0.04132767,1313,1312
ft_base_seed362559_er_train,validation,2013-05-31,0.03177916,1317,1316
ft_base_seed362559_er_train,validation,2013-06-28,0.021792997,1321,1320
ft_base_seed362559_er_train,validation,2013-07-31,-0.01563667,1326,1325
ft_base_seed362559_er_train,validation,2013-08-30,0.013977766,1329,1329
ft_base_seed362559_er_train,validation,2013-09-30,0.03394818,1332,1331
ft_base_seed362559_er_train,validation,2013-10-31,0.017474838,1338,1337
ft_base_seed362559_er_train,validation,2013-11-29,-0.007085951,1343,1342
ft_base_seed362559_er_train,validation,2013-12-31,-0.103670314,1344,1343
ft_base_seed362559_er_train,validation,2014-01-31,0.012449846,1350,1349
ft_base_seed362559_er_train,validation,2014-02-28,0.01820679,1354,1353
ft_base_seed362559_er_train,validation,2014-03-31,0.027920946,1359,1358
ft_base_seed362559_er_train,validation,2014-04-30,0.03324718,1363,1363
ft_base_seed362559_er_train,validation,2014-05-30,-0.007899281,1370,1369
ft_base_seed362559_er_train,validation,2014-06-30,-0.0034180544,1378,1377
ft_base_seed362559_er_train,validation,2014-07-31,0.022693757,1385,1384
ft_base_seed362559_er_train,validation,2014-08-29,-0.013380043,1390,1389
ft_base_seed362559_er_train,validation,2014-09-30,0.02549959,1391,1390
ft_base_seed362559_er_train,validation,2014-10-31,0.009560564,1396,1395
ft_base_seed362559_er_train,validation,2014-11-28,0.01849595,1401,1400
ft_base_seed362559_er_train,validation,2014-12-31,-0.012753986,1399,1398
ft_base_seed362559_er_train,validation,2015-01-30,-0.014295727,1397,1396
ft_base_seed362559_er_train,validation,2015-02-27,0.036516603,1399,1399
ft_base_seed362559_er_train,validation,2015-03-31,-0.033749573,1400,1400
ft_base_seed362559_er_train,validation,2015-04-30,0.017164472,1406,1405
ft_base_seed362559_er_train,validation,2015-05-29,0.018383596,1410,1409
ft_base_seed362559_er_train,validation,2015-06-30,0.055710495,1417,1417
ft_base_seed362559_er_train,validation,2015-07-31,-0.013636265,1428,1428
ft_base_seed362559_er_train,validation,2015-08-31,0.049541168,1430,1429
ft_base_seed362559_er_train,validation,2015-09-30,0.019217115,1430,1429
ft_base_seed362559_er_train,validation,2015-10-30,-0.006972325,1431,1430
ft_base_seed362559_er_train,validation,2015-11-30,-0.0072260983,1436,1435
ft_lr2e5_seed362559_classifier,test,2015-12-31,0.08507712,1435,1435
ft_lr2e5_seed362559_classifier,test,2016-01-29,0.0033814986,1430,1429
ft_lr2e5_seed362559_classifier,test,2016-02-29,-0.060390383,1427,1426
ft_lr2e5_seed362559_classifier,test,2016-03-31,-0.08456034,1423,1423
ft_lr2e5_seed362559_classifier,test,2016-04-29,0.033689596,1422,1421
ft_lr2e5_seed362559_classifier,test,2016-05-31,0.00021102,1423,1423
ft_lr2e5_seed362559_classifier,test,2016-06-30,-0.037727036,1424,1423
ft_lr2e5_seed362559_classifier,test,2016-07-29,-0.020612886,1424,1423
ft_lr2e5_seed362559_classifier,test,2016-08-31,-0.023509327,1417,1416
ft_lr2e5_seed362559_classifier,test,2016-09-30,0.05497446,1418,1418
ft_lr2e5_seed362559_classifier,test,2016-10-31,0.013669632,1422,1421
ft_lr2e5_seed362559_classifier,test,2016-11-30,0.039420158,1420,1419
ft_lr2e5_seed362559_classifier,test,2016-12-30,-0.028446568,1422,1421
ft_lr2e5_seed362559_classifier,test,2017-01-31,0.0019282335,1426,1425
ft_lr2e5_seed362559_classifier,test,2017-02-28,0.008092403,1422,1421
ft_lr2e5_seed362559_classifier,test,2017-03-31,0.045820825,1422,1422
ft_lr2e5_seed362559_classifier,test,2017-04-28,0.044003524,1426,1425
ft_lr2e5_seed362559_classifier,test,2017-05-31,-0.029664105,1429,1428
ft_lr2e5_seed362559_classifier,test,2017-06-30,0.034424704,1430,1429
ft_lr2e5_seed362559_classifier,test,2017-07-31,0.025421761,1432,1431
ft_lr2e5_seed362559_classifier,test,2017-08-31,-0.050852902,1427,1426
ft_lr2e5_seed362559_classifier,test,2017-09-29,0.04888545,1424,1423
ft_lr2e5_seed362559_classifier,test,2017-10-31,-0.02010756,1431,1430
ft_lr2e5_seed362559_classifier,test,2017-11-30,-0.018167844,1442,1441
ft_lr2e5_seed362559_classifier,test,2017-12-29,0.003973134,1441,1441
ft_lr2e5_seed362559_classifier,test,2018-01-31,0.005449854,1449,1448
ft_lr2e5_seed362559_classifier,test,2018-02-28,0.0029334454,1453,1452
ft_lr2e5_seed362559_classifier,test,2018-03-29,-0.009352505,1443,1442
ft_lr2e5_seed362559_classifier,test,2018-04-30,-0.05132155,1452,1451
ft_lr2e5_seed362559_classifier,test,2018-05-31,-0.004629251,1454,1454
ft_lr2e5_seed362559_classifier,test,2018-06-29,0.047132216,1465,1464
ft_lr2e5_seed362559_classifier,test,2018-07-31,-0.018205013,1471,1471
ft_lr2e5_seed362559_classifier,test,2018-08-31,0.008824293,1469,1468
ft_lr2e5_seed362559_classifier,test,2018-09-28,0.049245454,1475,1474
ft_lr2e5_seed362559_classifier,test,2018-10-31,0.04003507,1483,1482
ft_lr2e5_seed362559_classifier,test,2018-11-30,0.09301464,1483,1482
ft_lr2e5_seed362559_classifier,test,2018-12-31,-0.11531998,1482,1481
ft_lr2e5_seed362559_classifier,test,2019-01-31,-0.031979073,1482,1481
ft_lr2e5_seed362559_classifier,test,2019-02-28,0.0049351794,1478,1478
ft_lr2e5_seed362559_classifier,test,2019-03-29,0.031935655,1478,1478
ft_lr2e5_seed362559_classifier,test,2019-04-30,0.030386657,1480,1479
ft_lr2e5_seed362559_classifier,test,2019-05-31,0.04802305,1492,1491
ft_lr2e5_seed362559_classifier,test,2019-06-28,0.050124478,1495,1494
ft_lr2e5_seed362559_classifier,test,2019-07-31,0.005163919,1499,1498
ft_lr2e5_seed362559_classifier,test,2019-08-30,0.022516506,1498,1497
ft_lr2e5_seed362559_classifier,test,2019-09-30,0.034342825,1500,1500
ft_lr2e5_seed362559_classifier,test,2019-10-31,-0.0035203993,1501,1500
ft_lr2e5_seed362559_classifier,test,2019-11-29,-0.03480012,1501,1500
ft_lr2e5_seed362559_classifier,test,2019-12-31,-0.035920575,1500,1500
ft_lr2e5_seed362559_classifier,test,2020-01-31,-0.03772551,1502,1501
ft_lr2e5_seed362559_classifier,test,2020-02-28,0.062325537,1502,1501
ft_lr2e5_seed362559_classifier,test,2020-03-31,-0.09039515,1495,1495
ft_lr2e5_seed362559_classifier,test,2020-04-30,-0.06862171,1496,1496
ft_lr2e5_seed362559_classifier,test,2020-05-29,-0.097321,1495,1494
ft_lr2e5_seed362559_classifier,test,2020-06-30,0.018780947,1504,1503
ft_lr2e5_seed362559_classifier,test,2020-07-31,0.015046462,1510,1509
ft_lr2e5_seed362559_classifier,test,2020-08-31,0.01471705,1515,1514
ft_lr2e5_seed362559_classifier,test,2020-09-30,0.0017892823,1526,1525
ft_lr2e5_seed362559_classifier,test,2020-10-30,-0.13993463,1541,1540
ft_lr2e5_seed362559_classifier,test,2020-11-30,-0.04980944,1555,1554
ft_lr2e5_seed362559_classifier,test,2020-12-31,-0.13637328,1575,1575
ft_lr2e5_seed362559_classifier,test,2021-01-29,-0.039571837,1593,1592
ft_lr2e5_seed362559_classifier,test,2021-02-26,0.049917255,1611,1611
ft_lr2e5_seed362559_classifier,test,2021-03-31,0.07072073,1643,1642
ft_lr2e5_seed362559_classifier,test,2021-04-30,0.049070492,1672,1672
ft_lr2e5_seed362559_classifier,test,2021-05-28,-0.067255765,1696,1695
ft_lr2e5_seed362559_classifier,test,2021-06-30,0.10527697,1718,1717
ft_lr2e5_seed362559_classifier,test,2021-07-30,-0.0013438035,1745,1744
ft_lr2e5_seed362559_classifier,test,2021-08-31,0.030678524,1756,1755
ft_lr2e5_seed362559_classifier,test,2021-09-30,0.061162606,1775,1774
ft_lr2e5_seed362559_classifier,test,2021-10-29,0.088963404,1794,1793
ft_lr2e5_seed362559_classifier,test,2021-11-30,0.1445234,1814,1813
ft_lr2e5_seed362559_classifier,test,2021-12-31,0.095354386,1838,1837
ft_lr2e5_seed362559_classifier,test,2022-01-31,0.032922544,1855,1854
ft_lr2e5_seed362559_classifier,test,2022-02-28,-0.004639726,1870,1869
ft_lr2e5_seed362559_classifier,test,2022-03-31,0.13606964,1877,1876
ft_lr2e5_seed362559_classifier,test,2022-04-29,0.09769403,1885,1884
ft_lr2e5_seed362559_classifier,test,2022-05-31,-0.02927237,1887,1886
ft_lr2e5_seed362559_classifier,test,2022-06-30,-0.009805549,1892,1891
ft_lr2e5_seed362559_classifier,test,2022-07-29,-0.0407348,1892,1891
ft_lr2e5_seed362559_classifier,test,2022-08-31,0.092752084,1894,1893
ft_lr2e5_seed362559_classifier,test,2022-09-30,0.082924604,1899,1899
ft_lr2e5_seed362559_classifier,test,2022-10-31,0.08382633,1897,1896
ft_lr2e5_seed362559_classifier,test,2022-11-30,0.046820115,1893,1893
ft_lr2e5_seed362559_classifier,test,2022-12-30,-0.20857836,1881,1880
ft_lr2e5_seed362559_classifier,test,2023-01-31,0.05547883,1876,1875
ft_lr2e5_seed362559_classifier,test,2023-02-28,0.09238517,1871,1870
ft_lr2e5_seed362559_classifier,test,2023-03-31,0.019610528,1865,1864
ft_lr2e5_seed362559_classifier,test,2023-04-28,-0.046549834,1860,1859
ft_lr2e5_seed362559_classifier,test,2023-05-31,0.048003018,1861,1860
ft_lr2e5_seed362559_classifier,test,2023-06-30,-0.013936155,1859,1858
ft_lr2e5_seed362559_classifier,test,2023-07-31,0.059604324,1853,1853
ft_lr2e5_seed362559_classifier,test,2023-08-31,0.047111943,1856,1855
ft_lr2e5_seed362559_classifier,test,2023-09-29,0.07187368,1864,1863
ft_lr2e5_seed362559_classifier,test,2023-10-31,0.023048617,1867,1866
ft_lr2e5_seed362559_classifier,test,2023-11-30,-0.046167627,1866,1865
ft_lr2e5_seed362559_classifier,test,2023-12-29,0.022519931,1862,1861
ft_lr2e5_seed362559_classifier,test,2024-01-31,0.0040870793,1874,1873
ft_lr2e5_seed362559_classifier,test,2024-02-29,0.037108418,1866,1865
ft_lr2e5_seed362559_classifier,test,2024-03-28,0.041394103,1867,1866
ft_lr2e5_seed362559_classifier,test,2024-04-30,-0.0030377544,1869,1868
ft_lr2e5_seed362559_classifier,test,2024-05-31,0.051083088,1875,1874
ft_lr2e5_seed362559_classifier,test,2024-06-28,0.00030627847,1881,1880
ft_lr2e5_seed362559_classifier,test,2024-07-31,0.079244755,1888,1887
ft_lr2e5_seed362559_classifier,test,2024-08-30,0.0154853305,1888,1887
ft_lr2e5_seed362559_classifier,test,2024-09-30,-0.02702076,1909,1908
ft_lr2e5_seed362559_classifier,test,2024-10-31,-0.03780108,1917,1916
ft_lr2e5_seed362559_classifier,validation,2010-12-31,-0.02370836,1302,1301
ft_lr2e5_seed362559_classifier,validation,2011-01-31,0.012799451,1307,1306
ft_lr2e5_seed362559_classifier,validation,2011-02-28,0.031025633,1307,1306
ft_lr2e5_seed362559_classifier,validation,2011-03-31,0.028516773,1309,1308
ft_lr2e5_seed362559_classifier,validation,2011-04-29,0.019099645,1313,1312
ft_lr2e5_seed362559_classifier,validation,2011-05-31,0.041517057,1319,1318
ft_lr2e5_seed362559_classifier,validation,2011-06-30,-0.015048349,1323,1322
ft_lr2e5_seed362559_classifier,validation,2011-07-29,0.059547473,1325,1324
ft_lr2e5_seed362559_classifier,validation,2011-08-31,0.045870364,1325,1324
ft_lr2e5_seed362559_classifier,validation,2011-09-30,-0.003454581,1326,1325
ft_lr2e5_seed362559_classifier,validation,2011-10-31,0.06526722,1323,1322
ft_lr2e5_seed362559_classifier,validation,2011-11-30,0.036113445,1322,1322
ft_lr2e5_seed362559_classifier,validation,2011-12-30,-0.09750909,1321,1320
ft_lr2e5_seed362559_classifier,validation,2012-01-31,-0.024605257,1325,1325
ft_lr2e5_seed362559_classifier,validation,2012-02-29,0.0077629946,1331,1330
ft_lr2e5_seed362559_classifier,validation,2012-03-30,-0.0071458705,1333,1332
ft_lr2e5_seed362559_classifier,validation,2012-04-30,-0.024674132,1337,1336
ft_lr2e5_seed362559_classifier,validation,2012-05-31,0.013127377,1338,1337
ft_lr2e5_seed362559_classifier,validation,2012-06-29,0.025306402,1334,1333
ft_lr2e5_seed362559_classifier,validation,2012-07-31,0.022217609,1334,1333
ft_lr2e5_seed362559_classifier,validation,2012-08-31,-0.01098381,1328,1327
ft_lr2e5_seed362559_classifier,validation,2012-09-28,0.021864815,1322,1322
ft_lr2e5_seed362559_classifier,validation,2012-10-31,0.031909306,1319,1318
ft_lr2e5_seed362559_classifier,validation,2012-11-30,0.008528495,1318,1317
ft_lr2e5_seed362559_classifier,validation,2012-12-31,-0.0088531,1317,1316
ft_lr2e5_seed362559_classifier,validation,2013-01-31,0.014385464,1315,1314
ft_lr2e5_seed362559_classifier,validation,2013-02-28,0.008659907,1315,1314
ft_lr2e5_seed362559_classifier,validation,2013-03-28,0.020221852,1311,1310
ft_lr2e5_seed362559_classifier,validation,2013-04-30,-0.023222096,1313,1312
ft_lr2e5_seed362559_classifier,validation,2013-05-31,0.007925876,1317,1316
ft_lr2e5_seed362559_classifier,validation,2013-06-28,-0.03247584,1321,1320
ft_lr2e5_seed362559_classifier,validation,2013-07-31,-0.028498035,1326,1325
ft_lr2e5_seed362559_classifier,validation,2013-08-30,-0.014650747,1329,1329
ft_lr2e5_seed362559_classifier,validation,2013-09-30,0.038494896,1332,1331
ft_lr2e5_seed362559_classifier,validation,2013-10-31,-0.013859972,1338,1337
ft_lr2e5_seed362559_classifier,validation,2013-11-29,-0.019233717,1343,1342
ft_lr2e5_seed362559_classifier,validation,2013-12-31,-0.09097959,1344,1343
ft_lr2e5_seed362559_classifier,validation,2014-01-31,-0.014251515,1350,1349
ft_lr2e5_seed362559_classifier,validation,2014-02-28,0.030573105,1354,1353
ft_lr2e5_seed362559_classifier,validation,2014-03-31,0.067752644,1359,1358
ft_lr2e5_seed362559_classifier,validation,2014-04-30,0.04256424,1363,1363
ft_lr2e5_seed362559_classifier,validation,2014-05-30,-0.036937695,1370,1369
ft_lr2e5_seed362559_classifier,validation,2014-06-30,0.026052143,1378,1377
ft_lr2e5_seed362559_classifier,validation,2014-07-31,0.009444408,1385,1384
ft_lr2e5_seed362559_classifier,validation,2014-08-29,0.014966667,1390,1389
ft_lr2e5_seed362559_classifier,validation,2014-09-30,0.047564685,1391,1390
ft_lr2e5_seed362559_classifier,validation,2014-10-31,0.029943122,1396,1395
ft_lr2e5_seed362559_classifier,validation,2014-11-28,0.014242807,1401,1400
ft_lr2e5_seed362559_classifier,validation,2014-12-31,0.01245666,1399,1398
ft_lr2e5_seed362559_classifier,validation,2015-01-30,-0.043737117,1397,1396
ft_lr2e5_seed362559_classifier,validation,2015-02-27,0.042467248,1399,1399
ft_lr2e5_seed362559_classifier,validation,2015-03-31,-0.04933743,1400,1400
ft_lr2e5_seed362559_classifier,validation,2015-04-30,0.010864928,1406,1405
ft_lr2e5_seed362559_classifier,validation,2015-05-29,0.021932185,1410,1409
ft_lr2e5_seed362559_classifier,validation,2015-06-30,0.084654234,1417,1417
ft_lr2e5_seed362559_classifier,validation,2015-07-31,-0.0025426447,1428,1428
ft_lr2e5_seed362559_classifier,validation,2015-08-31,0.0776524,1430,1429
ft_lr2e5_seed362559_classifier,validation,2015-09-30,0.014758378,1430,1429
ft_lr2e5_seed362559_classifier,validation,2015-10-30,-0.014516198,1431,1430
ft_lr2e5_seed362559_classifier,validation,2015-11-30,0.039258786,1436,1435
ft_lr2e5_seed362559_er_train,test,2015-12-31,0.045884527,1435,1435
ft_lr2e5_seed362559_er_train,test,2016-01-29,0.014618056,1430,1429
ft_lr2e5_seed362559_er_train,test,2016-02-29,-0.03947386,1427,1426
ft_lr2e5_seed362559_er_train,test,2016-03-31,-0.017929282,1423,1423
ft_lr2e5_seed362559_er_train,test,2016-04-29,0.009215879,1422,1421
ft_lr2e5_seed362559_er_train,test,2016-05-31,-0.00062573235,1423,1423
ft_lr2e5_seed362559_er_train,test,2016-06-30,-0.017834831,1424,1423
ft_lr2e5_seed362559_er_train,test,2016-07-29,-0.012870278,1424,1423
ft_lr2e5_seed362559_er_train,test,2016-08-31,0.0028709956,1417,1416
ft_lr2e5_seed362559_er_train,test,2016-09-30,0.018048272,1418,1418
ft_lr2e5_seed362559_er_train,test,2016-10-31,0.05366076,1422,1421
ft_lr2e5_seed362559_er_train,test,2016-11-30,0.034076627,1420,1419
ft_lr2e5_seed362559_er_train,test,2016-12-30,-0.01716981,1422,1421
ft_lr2e5_seed362559_er_train,test,2017-01-31,-0.006324129,1426,1425
ft_lr2e5_seed362559_er_train,test,2017-02-28,0.0011897278,1422,1421
ft_lr2e5_seed362559_er_train,test,2017-03-31,0.029524421,1422,1422
ft_lr2e5_seed362559_er_train,test,2017-04-28,0.009931863,1426,1425
ft_lr2e5_seed362559_er_train,test,2017-05-31,-0.011409972,1429,1428
ft_lr2e5_seed362559_er_train,test,2017-06-30,0.03149025,1430,1429
ft_lr2e5_seed362559_er_train,test,2017-07-31,0.022455227,1432,1431
ft_lr2e5_seed362559_er_train,test,2017-08-31,-0.035150453,1427,1426
ft_lr2e5_seed362559_er_train,test,2017-09-29,0.03981138,1424,1423
ft_lr2e5_seed362559_er_train,test,2017-10-31,-0.013514742,1431,1430
ft_lr2e5_seed362559_er_train,test,2017-11-30,-0.017485376,1442,1441
ft_lr2e5_seed362559_er_train,test,2017-12-29,0.0115864165,1441,1441
ft_lr2e5_seed362559_er_train,test,2018-01-31,-0.009596676,1449,1448
ft_lr2e5_seed362559_er_train,test,2018-02-28,0.009417351,1453,1452
ft_lr2e5_seed362559_er_train,test,2018-03-29,-0.003336824,1443,1442
ft_lr2e5_seed362559_er_train,test,2018-04-30,-0.038471945,1452,1451
ft_lr2e5_seed362559_er_train,test,2018-05-31,-0.0040125195,1454,1454
ft_lr2e5_seed362559_er_train,test,2018-06-29,0.0431862,1465,1464
ft_lr2e5_seed362559_er_train,test,2018-07-31,-0.0038521085,1471,1471
ft_lr2e5_seed362559_er_train,test,2018-08-31,0.0045807175,1469,1468
ft_lr2e5_seed362559_er_train,test,2018-09-28,0.040705033,1475,1474
ft_lr2e5_seed362559_er_train,test,2018-10-31,0.02567977,1483,1482
ft_lr2e5_seed362559_er_train,test,2018-11-30,0.065681025,1483,1482
ft_lr2e5_seed362559_er_train,test,2018-12-31,-0.06212374,1482,1481
ft_lr2e5_seed362559_er_train,test,2019-01-31,-0.016928408,1482,1481
ft_lr2e5_seed362559_er_train,test,2019-02-28,-0.0161424,1478,1478
ft_lr2e5_seed362559_er_train,test,2019-03-29,0.0113280695,1478,1478
ft_lr2e5_seed362559_er_train,test,2019-04-30,-0.006367132,1480,1479
ft_lr2e5_seed362559_er_train,test,2019-05-31,0.03189921,1492,1491
ft_lr2e5_seed362559_er_train,test,2019-06-28,0.04454518,1495,1494
ft_lr2e5_seed362559_er_train,test,2019-07-31,-0.034154255,1499,1498
ft_lr2e5_seed362559_er_train,test,2019-08-30,0.025814328,1498,1497
ft_lr2e5_seed362559_er_train,test,2019-09-30,0.033630226,1500,1500
ft_lr2e5_seed362559_er_train,test,2019-10-31,0.010230891,1501,1500
ft_lr2e5_seed362559_er_train,test,2019-11-29,0.003957588,1501,1500
ft_lr2e5_seed362559_er_train,test,2019-12-31,-0.042914234,1500,1500
ft_lr2e5_seed362559_er_train,test,2020-01-31,-0.050754644,1502,1501
ft_lr2e5_seed362559_er_train,test,2020-02-28,0.03057088,1502,1501
ft_lr2e5_seed362559_er_train,test,2020-03-31,0.081056625,1495,1495
ft_lr2e5_seed362559_er_train,test,2020-04-30,-0.058992088,1496,1496
ft_lr2e5_seed362559_er_train,test,2020-05-29,-0.030336685,1495,1494
ft_lr2e5_seed362559_er_train,test,2020-06-30,0.03868613,1504,1503
ft_lr2e5_seed362559_er_train,test,2020-07-31,0.034686737,1510,1509
ft_lr2e5_seed362559_er_train,test,2020-08-31,0.015907912,1515,1514
ft_lr2e5_seed362559_er_train,test,2020-09-30,0.017753463,1526,1525
ft_lr2e5_seed362559_er_train,test,2020-10-30,-0.015409648,1541,1540
ft_lr2e5_seed362559_er_train,test,2020-11-30,-0.0017369166,1555,1554
ft_lr2e5_seed362559_er_train,test,2020-12-31,-0.0067150146,1575,1575
ft_lr2e5_seed362559_er_train,test,2021-01-29,0.066669606,1593,1592
ft_lr2e5_seed362559_er_train,test,2021-02-26,0.03412989,1611,1611
ft_lr2e5_seed362559_er_train,test,2021-03-31,0.0634984,1643,1642
ft_lr2e5_seed362559_er_train,test,2021-04-30,0.05033317,1672,1672
ft_lr2e5_seed362559_er_train,test,2021-05-28,-0.032994546,1696,1695
ft_lr2e5_seed362559_er_train,test,2021-06-30,0.063801,1718,1717
ft_lr2e5_seed362559_er_train,test,2021-07-30,-0.0009399336,1745,1744
ft_lr2e5_seed362559_er_train,test,2021-08-31,0.03879658,1756,1755
ft_lr2e5_seed362559_er_train,test,2021-09-30,0.057267983,1775,1774
ft_lr2e5_seed362559_er_train,test,2021-10-29,0.07345262,1794,1793
ft_lr2e5_seed362559_er_train,test,2021-11-30,0.11088164,1814,1813
ft_lr2e5_seed362559_er_train,test,2021-12-31,0.078654565,1838,1837
ft_lr2e5_seed362559_er_train,test,2022-01-31,0.043275554,1855,1854
ft_lr2e5_seed362559_er_train,test,2022-02-28,0.005511157,1870,1869
ft_lr2e5_seed362559_er_train,test,2022-03-31,0.10613262,1877,1876
ft_lr2e5_seed362559_er_train,test,2022-04-29,0.084500805,1885,1884
ft_lr2e5_seed362559_er_train,test,2022-05-31,-0.04568673,1887,1886
ft_lr2e5_seed362559_er_train,test,2022-06-30,0.014477953,1892,1891
ft_lr2e5_seed362559_er_train,test,2022-07-29,-0.042995747,1892,1891
ft_lr2e5_seed362559_er_train,test,2022-08-31,0.05159668,1894,1893
ft_lr2e5_seed362559_er_train,test,2022-09-30,0.100124724,1899,1899
ft_lr2e5_seed362559_er_train,test,2022-10-31,0.07711132,1897,1896
ft_lr2e5_seed362559_er_train,test,2022-11-30,0.03933235,1893,1893
ft_lr2e5_seed362559_er_train,test,2022-12-30,-0.18911545,1881,1880
ft_lr2e5_seed362559_er_train,test,2023-01-31,0.045846198,1876,1875
ft_lr2e5_seed362559_er_train,test,2023-02-28,0.048868537,1871,1870
ft_lr2e5_seed362559_er_train,test,2023-03-31,0.00012515485,1865,1864
ft_lr2e5_seed362559_er_train,test,2023-04-28,-0.025970116,1860,1859
ft_lr2e5_seed362559_er_train,test,2023-05-31,0.06247791,1861,1860
ft_lr2e5_seed362559_er_train,test,2023-06-30,0.0019532144,1859,1858
ft_lr2e5_seed362559_er_train,test,2023-07-31,-0.0024573654,1853,1853
ft_lr2e5_seed362559_er_train,test,2023-08-31,0.0040198565,1856,1855
ft_lr2e5_seed362559_er_train,test,2023-09-29,0.035146207,1864,1863
ft_lr2e5_seed362559_er_train,test,2023-10-31,0.044335417,1867,1866
ft_lr2e5_seed362559_er_train,test,2023-11-30,0.03138364,1866,1865
ft_lr2e5_seed362559_er_train,test,2023-12-29,-0.0034853183,1862,1861
ft_lr2e5_seed362559_er_train,test,2024-01-31,0.04006858,1874,1873
ft_lr2e5_seed362559_er_train,test,2024-02-29,0.03403273,1866,1865
ft_lr2e5_seed362559_er_train,test,2024-03-28,0.006429948,1867,1866
ft_lr2e5_seed362559_er_train,test,2024-04-30,0.008290559,1869,1868
ft_lr2e5_seed362559_er_train,test,2024-05-31,0.016219549,1875,1874
ft_lr2e5_seed362559_er_train,test,2024-06-28,0.020244494,1881,1880
ft_lr2e5_seed362559_er_train,test,2024-07-31,0.06651098,1888,1887
ft_lr2e5_seed362559_er_train,test,2024-08-30,0.021228435,1888,1887
ft_lr2e5_seed362559_er_train,test,2024-09-30,-0.021369621,1909,1908
ft_lr2e5_seed362559_er_train,test,2024-10-31,-0.014081776,1917,1916
ft_lr2e5_seed362559_er_train,validation,2010-12-31,-0.009054258,1302,1301
ft_lr2e5_seed362559_er_train,validation,2011-01-31,0.028519219,1307,1306
ft_lr2e5_seed362559_er_train,validation,2011-02-28,0.02403365,1307,1306
ft_lr2e5_seed362559_er_train,validation,2011-03-31,0.018795565,1309,1308
ft_lr2e5_seed362559_er_train,validation,2011-04-29,-0.016024332,1313,1312
ft_lr2e5_seed362559_er_train,validation,2011-05-31,0.0030818433,1319,1318
ft_lr2e5_seed362559_er_train,validation,2011-06-30,-0.015612442,1323,1322
ft_lr2e5_seed362559_er_train,validation,2011-07-29,0.009327427,1325,1324
ft_lr2e5_seed362559_er_train,validation,2011-08-31,-0.008005388,1325,1324
ft_lr2e5_seed362559_er_train,validation,2011-09-30,0.034113757,1326,1325
ft_lr2e5_seed362559_er_train,validation,2011-10-31,0.048182726,1323,1322
ft_lr2e5_seed362559_er_train,validation,2011-11-30,0.020437673,1322,1322
ft_lr2e5_seed362559_er_train,validation,2011-12-30,-0.05462028,1321,1320
ft_lr2e5_seed362559_er_train,validation,2012-01-31,-0.011928596,1325,1325
ft_lr2e5_seed362559_er_train,validation,2012-02-29,0.010584309,1331,1330
ft_lr2e5_seed362559_er_train,validation,2012-03-30,-0.013671951,1333,1332
ft_lr2e5_seed362559_er_train,validation,2012-04-30,-0.0672023,1337,1336
ft_lr2e5_seed362559_er_train,validation,2012-05-31,0.011396078,1338,1337
ft_lr2e5_seed362559_er_train,validation,2012-06-29,-0.0042011626,1334,1333
ft_lr2e5_seed362559_er_train,validation,2012-07-31,0.02602756,1334,1333
ft_lr2e5_seed362559_er_train,validation,2012-08-31,0.0014655255,1328,1327
ft_lr2e5_seed362559_er_train,validation,2012-09-28,0.0044585345,1322,1322
ft_lr2e5_seed362559_er_train,validation,2012-10-31,0.014039434,1319,1318
ft_lr2e5_seed362559_er_train,validation,2012-11-30,0.014646355,1318,1317
ft_lr2e5_seed362559_er_train,validation,2012-12-31,0.022174876,1317,1316
ft_lr2e5_seed362559_er_train,validation,2013-01-31,0.01560834,1315,1314
ft_lr2e5_seed362559_er_train,validation,2013-02-28,0.027291557,1315,1314
ft_lr2e5_seed362559_er_train,validation,2013-03-28,0.00035305088,1311,1310
ft_lr2e5_seed362559_er_train,validation,2013-04-30,0.037074607,1313,1312
ft_lr2e5_seed362559_er_train,validation,2013-05-31,0.027888317,1317,1316
ft_lr2e5_seed362559_er_train,validation,2013-06-28,0.0011534393,1321,1320
ft_lr2e5_seed362559_er_train,validation,2013-07-31,-0.02216924,1326,1325
ft_lr2e5_seed362559_er_train,validation,2013-08-30,0.005869072,1329,1329
ft_lr2e5_seed362559_er_train,validation,2013-09-30,0.03649405,1332,1331
ft_lr2e5_seed362559_er_train,validation,2013-10-31,0.004525181,1338,1337
ft_lr2e5_seed362559_er_train,validation,2013-11-29,-0.01558177,1343,1342
ft_lr2e5_seed362559_er_train,validation,2013-12-31,-0.0978023,1344,1343
ft_lr2e5_seed362559_er_train,validation,2014-01-31,0.0040179156,1350,1349
ft_lr2e5_seed362559_er_train,validation,2014-02-28,0.022582147,1354,1353
ft_lr2e5_seed362559_er_train,validation,2014-03-31,0.0445882,1359,1358
ft_lr2e5_seed362559_er_train,validation,2014-04-30,0.037386112,1363,1363
ft_lr2e5_seed362559_er_train,validation,2014-05-30,-0.015178286,1370,1369
ft_lr2e5_seed362559_er_train,validation,2014-06-30,0.0070559494,1378,1377
ft_lr2e5_seed362559_er_train,validation,2014-07-31,0.020422252,1385,1384
ft_lr2e5_seed362559_er_train,validation,2014-08-29,-0.015112095,1390,1389
ft_lr2e5_seed362559_er_train,validation,2014-09-30,0.03404318,1391,1390
ft_lr2e5_seed362559_er_train,validation,2014-10-31,0.01534328,1396,1395
ft_lr2e5_seed362559_er_train,validation,2014-11-28,0.017462164,1401,1400
ft_lr2e5_seed362559_er_train,validation,2014-12-31,-0.007808896,1399,1398
ft_lr2e5_seed362559_er_train,validation,2015-01-30,-0.025568448,1397,1396
ft_lr2e5_seed362559_er_train,validation,2015-02-27,0.04267478,1399,1399
ft_lr2e5_seed362559_er_train,validation,2015-03-31,-0.032750577,1400,1400
ft_lr2e5_seed362559_er_train,validation,2015-04-30,0.010661129,1406,1405
ft_lr2e5_seed362559_er_train,validation,2015-05-29,0.023521928,1410,1409
ft_lr2e5_seed362559_er_train,validation,2015-06-30,0.06917228,1417,1417
ft_lr2e5_seed362559_er_train,validation,2015-07-31,-0.010659784,1428,1428
ft_lr2e5_seed362559_er_train,validation,2015-08-31,0.072240725,1430,1429
ft_lr2e5_seed362559_er_train,validation,2015-09-30,0.02115886,1430,1429
ft_lr2e5_seed362559_er_train,validation,2015-10-30,-0.008984769,1431,1430
ft_lr2e5_seed362559_er_train,validation,2015-11-30,-0.00689679,1436,1435
ft_lr5e5_seed362559_classifier,test,2015-12-31,0.11069251,1435,1435
ft_lr5e5_seed362559_classifier,test,2016-01-29,0.007962531,1430,1429
ft_lr5e5_seed362559_classifier,test,2016-02-29,-0.073870495,1427,1426
ft_lr5e5_seed362559_classifier,test,2016-03-31,-0.10369244,1423,1423
ft_lr5e5_seed362559_classifier,test,2016-04-29,0.041478675,1422,1421
ft_lr5e5_seed362559_classifier,test,2016-05-31,0.007570908,1423,1423
ft_lr5e5_seed362559_classifier,test,2016-06-30,-0.05339986,1424,1423
ft_lr5e5_seed362559_classifier,test,2016-07-29,-0.029718745,1424,1423
ft_lr5e5_seed362559_classifier,test,2016-08-31,-0.03815149,1417,1416
ft_lr5e5_seed362559_classifier,test,2016-09-30,0.07278022,1418,1418
ft_lr5e5_seed362559_classifier,test,2016-10-31,-0.00934092,1422,1421
ft_lr5e5_seed362559_classifier,test,2016-11-30,0.036846332,1420,1419
ft_lr5e5_seed362559_classifier,test,2016-12-30,-0.02531742,1422,1421
ft_lr5e5_seed362559_classifier,test,2017-01-31,0.007981241,1426,1425
ft_lr5e5_seed362559_classifier,test,2017-02-28,0.004423431,1422,1421
ft_lr5e5_seed362559_classifier,test,2017-03-31,0.04554483,1422,1422
ft_lr5e5_seed362559_classifier,test,2017-04-28,0.04625647,1426,1425
ft_lr5e5_seed362559_classifier,test,2017-05-31,-0.029064413,1429,1428
ft_lr5e5_seed362559_classifier,test,2017-06-30,0.03695719,1430,1429
ft_lr5e5_seed362559_classifier,test,2017-07-31,0.024892362,1432,1431
ft_lr5e5_seed362559_classifier,test,2017-08-31,-0.053292774,1427,1426
ft_lr5e5_seed362559_classifier,test,2017-09-29,0.047340903,1424,1423
ft_lr5e5_seed362559_classifier,test,2017-10-31,-0.0170721,1431,1430
ft_lr5e5_seed362559_classifier,test,2017-11-30,-0.018345773,1442,1441
ft_lr5e5_seed362559_classifier,test,2017-12-29,0.0027508996,1441,1441
ft_lr5e5_seed362559_classifier,test,2018-01-31,0.00478971,1449,1448
ft_lr5e5_seed362559_classifier,test,2018-02-28,0.003453297,1453,1452
ft_lr5e5_seed362559_classifier,test,2018-03-29,-0.009527592,1443,1442
ft_lr5e5_seed362559_classifier,test,2018-04-30,-0.044824053,1452,1451
ft_lr5e5_seed362559_classifier,test,2018-05-31,-0.002031695,1454,1454
ft_lr5e5_seed362559_classifier,test,2018-06-29,0.048230093,1465,1464
ft_lr5e5_seed362559_classifier,test,2018-07-31,-0.0068576224,1471,1471
ft_lr5e5_seed362559_classifier,test,2018-08-31,0.010747406,1469,1468
ft_lr5e5_seed362559_classifier,test,2018-09-28,0.0498387,1475,1474
ft_lr5e5_seed362559_classifier,test,2018-10-31,0.038819067,1483,1482
ft_lr5e5_seed362559_classifier,test,2018-11-30,0.0926642,1483,1482
ft_lr5e5_seed362559_classifier,test,2018-12-31,-0.14008681,1482,1481
ft_lr5e5_seed362559_classifier,test,2019-01-31,-0.033082478,1482,1481
ft_lr5e5_seed362559_classifier,test,2019-02-28,0.0127740875,1478,1478
ft_lr5e5_seed362559_classifier,test,2019-03-29,0.022544945,1478,1478
ft_lr5e5_seed362559_classifier,test,2019-04-30,0.08749956,1480,1479
ft_lr5e5_seed362559_classifier,test,2019-05-31,0.02599548,1492,1491
ft_lr5e5_seed362559_classifier,test,2019-06-28,0.05118244,1495,1494
ft_lr5e5_seed362559_classifier,test,2019-07-31,0.04804662,1499,1498
ft_lr5e5_seed362559_classifier,test,2019-08-30,0.016079934,1498,1497
ft_lr5e5_seed362559_classifier,test,2019-09-30,0.03159015,1500,1500
ft_lr5e5_seed362559_classifier,test,2019-10-31,-0.010463152,1501,1500
ft_lr5e5_seed362559_classifier,test,2019-11-29,-0.0663161,1501,1500
ft_lr5e5_seed362559_classifier,test,2019-12-31,-0.026251204,1500,1500
ft_lr5e5_seed362559_classifier,test,2020-01-31,-0.027716707,1502,1501
ft_lr5e5_seed362559_classifier,test,2020-02-28,0.08659363,1502,1501
ft_lr5e5_seed362559_classifier,test,2020-03-31,-0.13117501,1495,1495
ft_lr5e5_seed362559_classifier,test,2020-04-30,-0.07344809,1496,1496
ft_lr5e5_seed362559_classifier,test,2020-05-29,-0.11070122,1495,1494
ft_lr5e5_seed362559_classifier,test,2020-06-30,0.0077367574,1504,1503
ft_lr5e5_seed362559_classifier,test,2020-07-31,-0.01034571,1510,1509
ft_lr5e5_seed362559_classifier,test,2020-08-31,0.027041137,1515,1514
ft_lr5e5_seed362559_classifier,test,2020-09-30,0.0024769055,1526,1525
ft_lr5e5_seed362559_classifier,test,2020-10-30,-0.1493872,1541,1540
ft_lr5e5_seed362559_classifier,test,2020-11-30,-0.055115294,1555,1554
ft_lr5e5_seed362559_classifier,test,2020-12-31,-0.19901,1575,1575
ft_lr5e5_seed362559_classifier,test,2021-01-29,-0.080448315,1593,1592
ft_lr5e5_seed362559_classifier,test,2021-02-26,0.035602883,1611,1611
ft_lr5e5_seed362559_classifier,test,2021-03-31,0.06067315,1643,1642
ft_lr5e5_seed362559_classifier,test,2021-04-30,0.026752552,1672,1672
ft_lr5e5_seed362559_classifier,test,2021-05-28,-0.065178886,1696,1695
ft_lr5e5_seed362559_classifier,test,2021-06-30,0.101936504,1718,1717
ft_lr5e5_seed362559_classifier,test,2021-07-30,-0.0054271575,1745,1744
ft_lr5e5_seed362559_classifier,test,2021-08-31,0.02378578,1756,1755
ft_lr5e5_seed362559_classifier,test,2021-09-30,0.06322953,1775,1774
ft_lr5e5_seed362559_classifier,test,2021-10-29,0.08777955,1794,1793
ft_lr5e5_seed362559_classifier,test,2021-11-30,0.12692577,1814,1813
ft_lr5e5_seed362559_classifier,test,2021-12-31,0.08593948,1838,1837
ft_lr5e5_seed362559_classifier,test,2022-01-31,0.02242643,1855,1854
ft_lr5e5_seed362559_classifier,test,2022-02-28,0.00034656003,1870,1869
ft_lr5e5_seed362559_classifier,test,2022-03-31,0.16172467,1877,1876
ft_lr5e5_seed362559_classifier,test,2022-04-29,0.092713185,1885,1884
ft_lr5e5_seed362559_classifier,test,2022-05-31,-0.020219877,1887,1886
ft_lr5e5_seed362559_classifier,test,2022-06-30,-0.021982536,1892,1891
ft_lr5e5_seed362559_classifier,test,2022-07-29,-0.033934705,1892,1891
ft_lr5e5_seed362559_classifier,test,2022-08-31,0.12076052,1894,1893
ft_lr5e5_seed362559_classifier,test,2022-09-30,0.0548981,1899,1899
ft_lr5e5_seed362559_classifier,test,2022-10-31,0.08089796,1897,1896
ft_lr5e5_seed362559_classifier,test,2022-11-30,0.065100886,1893,1893
ft_lr5e5_seed362559_classifier,test,2022-12-30,-0.24039647,1881,1880
ft_lr5e5_seed362559_classifier,test,2023-01-31,0.05193379,1876,1875
ft_lr5e5_seed362559_classifier,test,2023-02-28,0.10514139,1871,1870
ft_lr5e5_seed362559_classifier,test,2023-03-31,0.02769386,1865,1864
ft_lr5e5_seed362559_classifier,test,2023-04-28,-0.045193378,1860,1859
ft_lr5e5_seed362559_classifier,test,2023-05-31,0.034386553,1861,1860
ft_lr5e5_seed362559_classifier,test,2023-06-30,-0.023355896,1859,1858
ft_lr5e5_seed362559_classifier,test,2023-07-31,0.09184654,1853,1853
ft_lr5e5_seed362559_classifier,test,2023-08-31,0.063308924,1856,1855
ft_lr5e5_seed362559_classifier,test,2023-09-29,0.09178265,1864,1863
ft_lr5e5_seed362559_classifier,test,2023-10-31,0.010215238,1867,1866
ft_lr5e5_seed362559_classifier,test,2023-11-30,-0.07603444,1866,1865
ft_lr5e5_seed362559_classifier,test,2023-12-29,0.04483224,1862,1861
ft_lr5e5_seed362559_classifier,test,2024-01-31,-0.020934936,1874,1873
ft_lr5e5_seed362559_classifier,test,2024-02-29,0.017058372,1866,1865
ft_lr5e5_seed362559_classifier,test,2024-03-28,0.06450475,1867,1866
ft_lr5e5_seed362559_classifier,test,2024-04-30,-0.006412808,1869,1868
ft_lr5e5_seed362559_classifier,test,2024-05-31,0.05713718,1875,1874
ft_lr5e5_seed362559_classifier,test,2024-06-28,-0.013779141,1881,1880
ft_lr5e5_seed362559_classifier,test,2024-07-31,0.08256845,1888,1887
ft_lr5e5_seed362559_classifier,test,2024-08-30,0.02078496,1888,1887
ft_lr5e5_seed362559_classifier,test,2024-09-30,-0.021432469,1909,1908
ft_lr5e5_seed362559_classifier,test,2024-10-31,-0.054306526,1917,1916
ft_lr5e5_seed362559_classifier,validation,2010-12-31,-0.026498266,1302,1301
ft_lr5e5_seed362559_classifier,validation,2011-01-31,0.003836371,1307,1306
ft_lr5e5_seed362559_classifier,validation,2011-02-28,0.030592062,1307,1306
ft_lr5e5_seed362559_classifier,validation,2011-03-31,0.028563097,1309,1308
ft_lr5e5_seed362559_classifier,validation,2011-04-29,0.021886969,1313,1312
ft_lr5e5_seed362559_classifier,validation,2011-05-31,0.043929588,1319,1318
ft_lr5e5_seed362559_classifier,validation,2011-06-30,-0.01538466,1323,1322
ft_lr5e5_seed362559_classifier,validation,2011-07-29,0.059457324,1325,1324
ft_lr5e5_seed362559_classifier,validation,2011-08-31,0.04124844,1325,1324
ft_lr5e5_seed362559_classifier,validation,2011-09-30,0.008812599,1326,1325
ft_lr5e5_seed362559_classifier,validation,2011-10-31,0.065181516,1323,1322
ft_lr5e5_seed362559_classifier,validation,2011-11-30,0.039367832,1322,1322
ft_lr5e5_seed362559_classifier,validation,2011-12-30,-0.113861084,1321,1320
ft_lr5e5_seed362559_classifier,validation,2012-01-31,-0.033226173,1325,1325
ft_lr5e5_seed362559_classifier,validation,2012-02-29,-0.015447541,1331,1330
ft_lr5e5_seed362559_classifier,validation,2012-03-30,0.025115361,1333,1332
ft_lr5e5_seed362559_classifier,validation,2012-04-30,0.009527534,1337,1336
ft_lr5e5_seed362559_classifier,validation,2012-05-31,0.009121759,1338,1337
ft_lr5e5_seed362559_classifier,validation,2012-06-29,0.03662627,1334,1333
ft_lr5e5_seed362559_classifier,validation,2012-07-31,0.0019849725,1334,1333
ft_lr5e5_seed362559_classifier,validation,2012-08-31,-0.02495724,1328,1327
ft_lr5e5_seed362559_classifier,validation,2012-09-28,0.039924264,1322,1322
ft_lr5e5_seed362559_classifier,validation,2012-10-31,0.030339753,1319,1318
ft_lr5e5_seed362559_classifier,validation,2012-11-30,-0.016371028,1318,1317
ft_lr5e5_seed362559_classifier,validation,2012-12-31,-0.02530209,1317,1316
ft_lr5e5_seed362559_classifier,validation,2013-01-31,0.016200969,1315,1314
ft_lr5e5_seed362559_classifier,validation,2013-02-28,-0.0014954172,1315,1314
ft_lr5e5_seed362559_classifier,validation,2013-03-28,0.021480646,1311,1310
ft_lr5e5_seed362559_classifier,validation,2013-04-30,-0.04461856,1313,1312
ft_lr5e5_seed362559_classifier,validation,2013-05-31,0.008694638,1317,1316
ft_lr5e5_seed362559_classifier,validation,2013-06-28,-0.038410354,1321,1320
ft_lr5e5_seed362559_classifier,validation,2013-07-31,-0.028229816,1326,1325
ft_lr5e5_seed362559_classifier,validation,2013-08-30,-0.016951773,1329,1329
ft_lr5e5_seed362559_classifier,validation,2013-09-30,0.039307866,1332,1331
ft_lr5e5_seed362559_classifier,validation,2013-10-31,-0.009562682,1338,1337
ft_lr5e5_seed362559_classifier,validation,2013-11-29,-0.018098785,1343,1342
ft_lr5e5_seed362559_classifier,validation,2013-12-31,-0.10098416,1344,1343
ft_lr5e5_seed362559_classifier,validation,2014-01-31,-0.0072887093,1350,1349
ft_lr5e5_seed362559_classifier,validation,2014-02-28,0.02450831,1354,1353
ft_lr5e5_seed362559_classifier,validation,2014-03-31,0.06638887,1359,1358
ft_lr5e5_seed362559_classifier,validation,2014-04-30,0.042281225,1363,1363
ft_lr5e5_seed362559_classifier,validation,2014-05-30,-0.035689548,1370,1369
ft_lr5e5_seed362559_classifier,validation,2014-06-30,0.02612722,1378,1377
ft_lr5e5_seed362559_classifier,validation,2014-07-31,0.0044502355,1385,1384
ft_lr5e5_seed362559_classifier,validation,2014-08-29,0.015524741,1390,1389
ft_lr5e5_seed362559_classifier,validation,2014-09-30,0.045935012,1391,1390
ft_lr5e5_seed362559_classifier,validation,2014-10-31,0.030515809,1396,1395
ft_lr5e5_seed362559_classifier,validation,2014-11-28,0.010153612,1401,1400
ft_lr5e5_seed362559_classifier,validation,2014-12-31,0.01943434,1399,1398
ft_lr5e5_seed362559_classifier,validation,2015-01-30,-0.051102426,1397,1396
ft_lr5e5_seed362559_classifier,validation,2015-02-27,0.040459,1399,1399
ft_lr5e5_seed362559_classifier,validation,2015-03-31,-0.054792035,1400,1400
ft_lr5e5_seed362559_classifier,validation,2015-04-30,0.014156578,1406,1405
ft_lr5e5_seed362559_classifier,validation,2015-05-29,0.016130444,1410,1409
ft_lr5e5_seed362559_classifier,validation,2015-06-30,0.09443264,1417,1417
ft_lr5e5_seed362559_classifier,validation,2015-07-31,0.0037641637,1428,1428
ft_lr5e5_seed362559_classifier,validation,2015-08-31,0.07772678,1430,1429
ft_lr5e5_seed362559_classifier,validation,2015-09-30,0.010060996,1430,1429
ft_lr5e5_seed362559_classifier,validation,2015-10-30,-0.017527234,1431,1430
ft_lr5e5_seed362559_classifier,validation,2015-11-30,0.05292914,1436,1435
ft_lr5e5_seed362559_er_train,test,2015-12-31,0.07570814,1435,1435
ft_lr5e5_seed362559_er_train,test,2016-01-29,0.016152442,1430,1429
ft_lr5e5_seed362559_er_train,test,2016-02-29,-0.05406031,1427,1426
ft_lr5e5_seed362559_er_train,test,2016-03-31,-0.07491715,1423,1423
ft_lr5e5_seed362559_er_train,test,2016-04-29,0.023272425,1422,1421
ft_lr5e5_seed362559_er_train,test,2016-05-31,-0.00074678095,1423,1423
ft_lr5e5_seed362559_er_train,test,2016-06-30,-0.019596264,1424,1423
ft_lr5e5_seed362559_er_train,test,2016-07-29,-0.02046706,1424,1423
ft_lr5e5_seed362559_er_train,test,2016-08-31,-0.019189581,1417,1416
ft_lr5e5_seed362559_er_train,test,2016-09-30,0.04824853,1418,1418
ft_lr5e5_seed362559_er_train,test,2016-10-31,0.03268954,1422,1421
ft_lr5e5_seed362559_er_train,test,2016-11-30,0.03486612,1420,1419
ft_lr5e5_seed362559_er_train,test,2016-12-30,-0.015015347,1422,1421
ft_lr5e5_seed362559_er_train,test,2017-01-31,-0.004900004,1426,1425
ft_lr5e5_seed362559_er_train,test,2017-02-28,0.0060331104,1422,1421
ft_lr5e5_seed362559_er_train,test,2017-03-31,0.04194926,1422,1422
ft_lr5e5_seed362559_er_train,test,2017-04-28,0.035204373,1426,1425
ft_lr5e5_seed362559_er_train,test,2017-05-31,-0.018945003,1429,1428
ft_lr5e5_seed362559_er_train,test,2017-06-30,0.031493448,1430,1429
ft_lr5e5_seed362559_er_train,test,2017-07-31,0.018162867,1432,1431
ft_lr5e5_seed362559_er_train,test,2017-08-31,-0.03686966,1427,1426
ft_lr5e5_seed362559_er_train,test,2017-09-29,0.039474122,1424,1423
ft_lr5e5_seed362559_er_train,test,2017-10-31,-0.014470838,1431,1430
ft_lr5e5_seed362559_er_train,test,2017-11-30,-0.016117264,1442,1441
ft_lr5e5_seed362559_er_train,test,2017-12-29,-0.00010397658,1441,1441
ft_lr5e5_seed362559_er_train,test,2018-01-31,0.0027312823,1449,1448
ft_lr5e5_seed362559_er_train,test,2018-02-28,0.012513674,1453,1452
ft_lr5e5_seed362559_er_train,test,2018-03-29,0.011389801,1443,1442
ft_lr5e5_seed362559_er_train,test,2018-04-30,0.0011654645,1452,1451
ft_lr5e5_seed362559_er_train,test,2018-05-31,0.0029750639,1454,1454
ft_lr5e5_seed362559_er_train,test,2018-06-29,0.038799755,1465,1464
ft_lr5e5_seed362559_er_train,test,2018-07-31,0.008390393,1471,1471
ft_lr5e5_seed362559_er_train,test,2018-08-31,0.001746269,1469,1468
ft_lr5e5_seed362559_er_train,test,2018-09-28,0.018329345,1475,1474
ft_lr5e5_seed362559_er_train,test,2018-10-31,0.018635701,1483,1482
ft_lr5e5_seed362559_er_train,test,2018-11-30,0.054205015,1483,1482
ft_lr5e5_seed362559_er_train,test,2018-12-31,-0.09121453,1482,1481
ft_lr5e5_seed362559_er_train,test,2019-01-31,-0.021733642,1482,1481
ft_lr5e5_seed362559_er_train,test,2019-02-28,-0.009827423,1478,1478
ft_lr5e5_seed362559_er_train,test,2019-03-29,0.026637113,1478,1478
ft_lr5e5_seed362559_er_train,test,2019-04-30,0.028557144,1480,1479
ft_lr5e5_seed362559_er_train,test,2019-05-31,0.056755435,1492,1491
ft_lr5e5_seed362559_er_train,test,2019-06-28,0.04882824,1495,1494
ft_lr5e5_seed362559_er_train,test,2019-07-31,0.0066968836,1499,1498
ft_lr5e5_seed362559_er_train,test,2019-08-30,0.023381207,1498,1497
ft_lr5e5_seed362559_er_train,test,2019-09-30,0.038015045,1500,1500
ft_lr5e5_seed362559_er_train,test,2019-10-31,0.0020950362,1501,1500
ft_lr5e5_seed362559_er_train,test,2019-11-29,-0.051471967,1501,1500
ft_lr5e5_seed362559_er_train,test,2019-12-31,-0.057221904,1500,1500
ft_lr5e5_seed362559_er_train,test,2020-01-31,-0.036928106,1502,1501
ft_lr5e5_seed362559_er_train,test,2020-02-28,0.009198964,1502,1501
ft_lr5e5_seed362559_er_train,test,2020-03-31,-0.0010640472,1495,1495
ft_lr5e5_seed362559_er_train,test,2020-04-30,-0.03595452,1496,1496
ft_lr5e5_seed362559_er_train,test,2020-05-29,-0.0942142,1495,1494
ft_lr5e5_seed362559_er_train,test,2020-06-30,0.016803049,1504,1503
ft_lr5e5_seed362559_er_train,test,2020-07-31,0.010556709,1510,1509
ft_lr5e5_seed362559_er_train,test,2020-08-31,0.022210063,1515,1514
ft_lr5e5_seed362559_er_train,test,2020-09-30,0.010732259,1526,1525
ft_lr5e5_seed362559_er_train,test,2020-10-30,-0.0176325,1541,1540
ft_lr5e5_seed362559_er_train,test,2020-11-30,-0.0133183,1555,1554
ft_lr5e5_seed362559_er_train,test,2020-12-31,-0.086442746,1575,1575
ft_lr5e5_seed362559_er_train,test,2021-01-29,0.014291555,1593,1592
ft_lr5e5_seed362559_er_train,test,2021-02-26,0.031500734,1611,1611
ft_lr5e5_seed362559_er_train,test,2021-03-31,0.05309447,1643,1642
ft_lr5e5_seed362559_er_train,test,2021-04-30,0.039750308,1672,1672
ft_lr5e5_seed362559_er_train,test,2021-05-28,-0.03342811,1696,1695
ft_lr5e5_seed362559_er_train,test,2021-06-30,0.053226106,1718,1717
ft_lr5e5_seed362559_er_train,test,2021-07-30,-0.0062615573,1745,1744
ft_lr5e5_seed362559_er_train,test,2021-08-31,0.03581879,1756,1755
ft_lr5e5_seed362559_er_train,test,2021-09-30,0.058121383,1775,1774
ft_lr5e5_seed362559_er_train,test,2021-10-29,0.0671794,1794,1793
ft_lr5e5_seed362559_er_train,test,2021-11-30,0.10846338,1814,1813
ft_lr5e5_seed362559_er_train,test,2021-12-31,0.068949215,1838,1837
ft_lr5e5_seed362559_er_train,test,2022-01-31,0.039473858,1855,1854
ft_lr5e5_seed362559_er_train,test,2022-02-28,-0.00058952346,1870,1869
ft_lr5e5_seed362559_er_train,test,2022-03-31,0.11558103,1877,1876
ft_lr5e5_seed362559_er_train,test,2022-04-29,0.08080799,1885,1884
ft_lr5e5_seed362559_er_train,test,2022-05-31,-0.046354793,1887,1886
ft_lr5e5_seed362559_er_train,test,2022-06-30,0.011078477,1892,1891
ft_lr5e5_seed362559_er_train,test,2022-07-29,-0.032073013,1892,1891
ft_lr5e5_seed362559_er_train,test,2022-08-31,0.09540829,1894,1893
ft_lr5e5_seed362559_er_train,test,2022-09-30,0.07651972,1899,1899
ft_lr5e5_seed362559_er_train,test,2022-10-31,0.07242261,1897,1896
ft_lr5e5_seed362559_er_train,test,2022-11-30,0.049207337,1893,1893
ft_lr5e5_seed362559_er_train,test,2022-12-30,-0.19794026,1881,1880
ft_lr5e5_seed362559_er_train,test,2023-01-31,0.039525125,1876,1875
ft_lr5e5_seed362559_er_train,test,2023-02-28,0.08270001,1871,1870
ft_lr5e5_seed362559_er_train,test,2023-03-31,0.017110988,1865,1864
ft_lr5e5_seed362559_er_train,test,2023-04-28,-0.032462303,1860,1859
ft_lr5e5_seed362559_er_train,test,2023-05-31,0.05474119,1861,1860
ft_lr5e5_seed362559_er_train,test,2023-06-30,-0.006658733,1859,1858
ft_lr5e5_seed362559_er_train,test,2023-07-31,0.05381051,1853,1853
ft_lr5e5_seed362559_er_train,test,2023-08-31,0.03255892,1856,1855
ft_lr5e5_seed362559_er_train,test,2023-09-29,0.05865698,1864,1863
ft_lr5e5_seed362559_er_train,test,2023-10-31,0.029866971,1867,1866
ft_lr5e5_seed362559_er_train,test,2023-11-30,-0.007870145,1866,1865
ft_lr5e5_seed362559_er_train,test,2023-12-29,0.010514975,1862,1861
ft_lr5e5_seed362559_er_train,test,2024-01-31,0.0023184977,1874,1873
ft_lr5e5_seed362559_er_train,test,2024-02-29,0.030037314,1866,1865
ft_lr5e5_seed362559_er_train,test,2024-03-28,0.022776984,1867,1866
ft_lr5e5_seed362559_er_train,test,2024-04-30,-0.0023572594,1869,1868
ft_lr5e5_seed362559_er_train,test,2024-05-31,0.018426688,1875,1874
ft_lr5e5_seed362559_er_train,test,2024-06-28,0.021312453,1881,1880
ft_lr5e5_seed362559_er_train,test,2024-07-31,0.06749848,1888,1887
ft_lr5e5_seed362559_er_train,test,2024-08-30,0.0266368,1888,1887
ft_lr5e5_seed362559_er_train,test,2024-09-30,-0.01850632,1909,1908
ft_lr5e5_seed362559_er_train,test,2024-10-31,-0.017381467,1917,1916
ft_lr5e5_seed362559_er_train,validation,2010-12-31,-0.023679022,1302,1301
ft_lr5e5_seed362559_er_train,validation,2011-01-31,0.013305105,1307,1306
ft_lr5e5_seed362559_er_train,validation,2011-02-28,0.033444203,1307,1306
ft_lr5e5_seed362559_er_train,validation,2011-03-31,0.023302263,1309,1308
ft_lr5e5_seed362559_er_train,validation,2011-04-29,-0.004536066,1313,1312
ft_lr5e5_seed362559_er_train,validation,2011-05-31,0.02181743,1319,1318
ft_lr5e5_seed362559_er_train,validation,2011-06-30,-0.019051436,1323,1322
ft_lr5e5_seed362559_er_train,validation,2011-07-29,0.021722078,1325,1324
ft_lr5e5_seed362559_er_train,validation,2011-08-31,0.00093603134,1325,1324
ft_lr5e5_seed362559_er_train,validation,2011-09-30,0.056286834,1326,1325
ft_lr5e5_seed362559_er_train,validation,2011-10-31,0.061288215,1323,1322
ft_lr5e5_seed362559_er_train,validation,2011-11-30,0.022428147,1322,1322
ft_lr5e5_seed362559_er_train,validation,2011-12-30,-0.079895526,1321,1320
ft_lr5e5_seed362559_er_train,validation,2012-01-31,-0.015299201,1325,1325
ft_lr5e5_seed362559_er_train,validation,2012-02-29,0.0005549714,1331,1330
ft_lr5e5_seed362559_er_train,validation,2012-03-30,0.0017606337,1333,1332
ft_lr5e5_seed362559_er_train,validation,2012-04-30,-0.042429514,1337,1336
ft_lr5e5_seed362559_er_train,validation,2012-05-31,0.011317873,1338,1337
ft_lr5e5_seed362559_er_train,validation,2012-06-29,0.011388183,1334,1333
ft_lr5e5_seed362559_er_train,validation,2012-07-31,0.025818272,1334,1333
ft_lr5e5_seed362559_er_train,validation,2012-08-31,-0.013348781,1328,1327
ft_lr5e5_seed362559_er_train,validation,2012-09-28,0.030234654,1322,1322
ft_lr5e5_seed362559_er_train,validation,2012-10-31,0.027868517,1319,1318
ft_lr5e5_seed362559_er_train,validation,2012-11-30,0.011351945,1318,1317
ft_lr5e5_seed362559_er_train,validation,2012-12-31,-0.01803121,1317,1316
ft_lr5e5_seed362559_er_train,validation,2013-01-31,0.011704048,1315,1314
ft_lr5e5_seed362559_er_train,validation,2013-02-28,0.009423422,1315,1314
ft_lr5e5_seed362559_er_train,validation,2013-03-28,0.007135825,1311,1310
ft_lr5e5_seed362559_er_train,validation,2013-04-30,-0.00093318895,1313,1312
ft_lr5e5_seed362559_er_train,validation,2013-05-31,0.018814856,1317,1316
ft_lr5e5_seed362559_er_train,validation,2013-06-28,-0.015967265,1321,1320
ft_lr5e5_seed362559_er_train,validation,2013-07-31,-0.021109225,1326,1325
ft_lr5e5_seed362559_er_train,validation,2013-08-30,-0.0018993057,1329,1329
ft_lr5e5_seed362559_er_train,validation,2013-09-30,0.03606566,1332,1331
ft_lr5e5_seed362559_er_train,validation,2013-10-31,0.014852967,1338,1337
ft_lr5e5_seed362559_er_train,validation,2013-11-29,-0.010210218,1343,1342
ft_lr5e5_seed362559_er_train,validation,2013-12-31,-0.102258,1344,1343
ft_lr5e5_seed362559_er_train,validation,2014-01-31,0.0068994686,1350,1349
ft_lr5e5_seed362559_er_train,validation,2014-02-28,0.01224609,1354,1353
ft_lr5e5_seed362559_er_train,validation,2014-03-31,0.024503343,1359,1358
ft_lr5e5_seed362559_er_train,validation,2014-04-30,0.033949863,1363,1363
ft_lr5e5_seed362559_er_train,validation,2014-05-30,-0.012431812,1370,1369
ft_lr5e5_seed362559_er_train,validation,2014-06-30,0.0059864,1378,1377
ft_lr5e5_seed362559_er_train,validation,2014-07-31,0.01095858,1385,1384
ft_lr5e5_seed362559_er_train,validation,2014-08-29,-0.014386084,1390,1389
ft_lr5e5_seed362559_er_train,validation,2014-09-30,0.03609676,1391,1390
ft_lr5e5_seed362559_er_train,validation,2014-10-31,0.01669468,1396,1395
ft_lr5e5_seed362559_er_train,validation,2014-11-28,0.01787426,1401,1400
ft_lr5e5_seed362559_er_train,validation,2014-12-31,-0.0042039603,1399,1398
ft_lr5e5_seed362559_er_train,validation,2015-01-30,-0.019616373,1397,1396
ft_lr5e5_seed362559_er_train,validation,2015-02-27,0.039228335,1399,1399
ft_lr5e5_seed362559_er_train,validation,2015-03-31,-0.04359845,1400,1400
ft_lr5e5_seed362559_er_train,validation,2015-04-30,0.016616581,1406,1405
ft_lr5e5_seed362559_er_train,validation,2015-05-29,0.028571876,1410,1409
ft_lr5e5_seed362559_er_train,validation,2015-06-30,0.068805814,1417,1417
ft_lr5e5_seed362559_er_train,validation,2015-07-31,-0.015024725,1428,1428
ft_lr5e5_seed362559_er_train,validation,2015-08-31,0.053062536,1430,1429
ft_lr5e5_seed362559_er_train,validation,2015-09-30,0.015348904,1430,1429
ft_lr5e5_seed362559_er_train,validation,2015-10-30,-0.007877283,1431,1430
ft_lr5e5_seed362559_er_train,validation,2015-11-30,0.033763774,1436,1435
ft_reg_seed362559_classifier,test,2015-12-31,0.09992866,1435,1435
ft_reg_seed362559_classifier,test,2016-01-29,0.008672961,1430,1429
ft_reg_seed362559_classifier,test,2016-02-29,-0.060439087,1427,1426
ft_reg_seed362559_classifier,test,2016-03-31,-0.1001971,1423,1423
ft_reg_seed362559_classifier,test,2016-04-29,0.04351627,1422,1421
ft_reg_seed362559_classifier,test,2016-05-31,0.002234181,1423,1423
ft_reg_seed362559_classifier,test,2016-06-30,-0.04247517,1424,1423
ft_reg_seed362559_classifier,test,2016-07-29,-0.026027506,1424,1423
ft_reg_seed362559_classifier,test,2016-08-31,-0.03850168,1417,1416
ft_reg_seed362559_classifier,test,2016-09-30,0.08125968,1418,1418
ft_reg_seed362559_classifier,test,2016-10-31,0.0030886456,1422,1421
ft_reg_seed362559_classifier,test,2016-11-30,0.040402457,1420,1419
ft_reg_seed362559_classifier,test,2016-12-30,-0.030070664,1422,1421
ft_reg_seed362559_classifier,test,2017-01-31,0.0069250567,1426,1425
ft_reg_seed362559_classifier,test,2017-02-28,0.0024325368,1422,1421
ft_reg_seed362559_classifier,test,2017-03-31,0.044738818,1422,1422
ft_reg_seed362559_classifier,test,2017-04-28,0.046435915,1426,1425
ft_reg_seed362559_classifier,test,2017-05-31,-0.031330504,1429,1428
ft_reg_seed362559_classifier,test,2017-06-30,0.034659002,1430,1429
ft_reg_seed362559_classifier,test,2017-07-31,0.022152118,1432,1431
ft_reg_seed362559_classifier,test,2017-08-31,-0.04838406,1427,1426
ft_reg_seed362559_classifier,test,2017-09-29,0.04348138,1424,1423
ft_reg_seed362559_classifier,test,2017-10-31,-0.0127451215,1431,1430
ft_reg_seed362559_classifier,test,2017-11-30,-0.021312043,1442,1441
ft_reg_seed362559_classifier,test,2017-12-29,0.00025777146,1441,1441
ft_reg_seed362559_classifier,test,2018-01-31,0.0039806254,1449,1448
ft_reg_seed362559_classifier,test,2018-02-28,0.0036647776,1453,1452
ft_reg_seed362559_classifier,test,2018-03-29,-0.009722303,1443,1442
ft_reg_seed362559_classifier,test,2018-04-30,-0.05019918,1452,1451
ft_reg_seed362559_classifier,test,2018-05-31,-0.0015224793,1454,1454
ft_reg_seed362559_classifier,test,2018-06-29,0.051112216,1465,1464
ft_reg_seed362559_classifier,test,2018-07-31,-0.012813175,1471,1471
ft_reg_seed362559_classifier,test,2018-08-31,0.010484237,1469,1468
ft_reg_seed362559_classifier,test,2018-09-28,0.045373395,1475,1474
ft_reg_seed362559_classifier,test,2018-10-31,0.04851492,1483,1482
ft_reg_seed362559_classifier,test,2018-11-30,0.09409657,1483,1482
ft_reg_seed362559_classifier,test,2018-12-31,-0.12222224,1482,1481
ft_reg_seed362559_classifier,test,2019-01-31,-0.033142045,1482,1481
ft_reg_seed362559_classifier,test,2019-02-28,0.003582301,1478,1478
ft_reg_seed362559_classifier,test,2019-03-29,0.025453193,1478,1478
ft_reg_seed362559_classifier,test,2019-04-30,0.06410234,1480,1479
ft_reg_seed362559_classifier,test,2019-05-31,0.03596461,1492,1491
ft_reg_seed362559_classifier,test,2019-06-28,0.052214526,1495,1494
ft_reg_seed362559_classifier,test,2019-07-31,0.050843675,1499,1498
ft_reg_seed362559_classifier,test,2019-08-30,0.015564808,1498,1497
ft_reg_seed362559_classifier,test,2019-09-30,0.032238405,1500,1500
ft_reg_seed362559_classifier,test,2019-10-31,-0.014038408,1501,1500
ft_reg_seed362559_classifier,test,2019-11-29,-0.06575852,1501,1500
ft_reg_seed362559_classifier,test,2019-12-31,-0.023784436,1500,1500
ft_reg_seed362559_classifier,test,2020-01-31,-0.027058892,1502,1501
ft_reg_seed362559_classifier,test,2020-02-28,0.06645486,1502,1501
ft_reg_seed362559_classifier,test,2020-03-31,-0.1466003,1495,1495
ft_reg_seed362559_classifier,test,2020-04-30,-0.06678559,1496,1496
ft_reg_seed362559_classifier,test,2020-05-29,-0.110964306,1495,1494
ft_reg_seed362559_classifier,test,2020-06-30,-0.0059295073,1504,1503
ft_reg_seed362559_classifier,test,2020-07-31,0.005767215,1510,1509
ft_reg_seed362559_classifier,test,2020-08-31,0.011474058,1515,1514
ft_reg_seed362559_classifier,test,2020-09-30,0.002374649,1526,1525
ft_reg_seed362559_classifier,test,2020-10-30,-0.16009496,1541,1540
ft_reg_seed362559_classifier,test,2020-11-30,-0.058723636,1555,1554
ft_reg_seed362559_classifier,test,2020-12-31,-0.20028597,1575,1575
ft_reg_seed362559_classifier,test,2021-01-29,-0.06919609,1593,1592
ft_reg_seed362559_classifier,test,2021-02-26,0.038439695,1611,1611
ft_reg_seed362559_classifier,test,2021-03-31,0.070111185,1643,1642
ft_reg_seed362559_classifier,test,2021-04-30,0.0290463,1672,1672
ft_reg_seed362559_classifier,test,2021-05-28,-0.07350259,1696,1695
ft_reg_seed362559_classifier,test,2021-06-30,0.10579375,1718,1717
ft_reg_seed362559_classifier,test,2021-07-30,-0.0041044913,1745,1744
ft_reg_seed362559_classifier,test,2021-08-31,0.027232641,1756,1755
ft_reg_seed362559_classifier,test,2021-09-30,0.06392573,1775,1774
ft_reg_seed362559_classifier,test,2021-10-29,0.0891328,1794,1793
ft_reg_seed362559_classifier,test,2021-11-30,0.13941142,1814,1813
ft_reg_seed362559_classifier,test,2021-12-31,0.0965066,1838,1837
ft_reg_seed362559_classifier,test,2022-01-31,0.023671484,1855,1854
ft_reg_seed362559_classifier,test,2022-02-28,-0.002811404,1870,1869
ft_reg_seed362559_classifier,test,2022-03-31,0.14347479,1877,1876
ft_reg_seed362559_classifier,test,2022-04-29,0.094991334,1885,1884
ft_reg_seed362559_classifier,test,2022-05-31,-0.010825969,1887,1886
ft_reg_seed362559_classifier,test,2022-06-30,-0.015368782,1892,1891
ft_reg_seed362559_classifier,test,2022-07-29,-0.036865868,1892,1891
ft_reg_seed362559_classifier,test,2022-08-31,0.1020419,1894,1893
ft_reg_seed362559_classifier,test,2022-09-30,0.060470343,1899,1899
ft_reg_seed362559_classifier,test,2022-10-31,0.0794647,1897,1896
ft_reg_seed362559_classifier,test,2022-11-30,0.048777223,1893,1893
ft_reg_seed362559_classifier,test,2022-12-30,-0.23239893,1881,1880
ft_reg_seed362559_classifier,test,2023-01-31,0.049839083,1876,1875
ft_reg_seed362559_classifier,test,2023-02-28,0.098093264,1871,1870
ft_reg_seed362559_classifier,test,2023-03-31,0.038909726,1865,1864
ft_reg_seed362559_classifier,test,2023-04-28,-0.04984898,1860,1859
ft_reg_seed362559_classifier,test,2023-05-31,0.038103335,1861,1860
ft_reg_seed362559_classifier,test,2023-06-30,-0.008102622,1859,1858
ft_reg_seed362559_classifier,test,2023-07-31,0.08675936,1853,1853
ft_reg_seed362559_classifier,test,2023-08-31,0.06066959,1856,1855
ft_reg_seed362559_classifier,test,2023-09-29,0.08187953,1864,1863
ft_reg_seed362559_classifier,test,2023-10-31,0.0055377856,1867,1866
ft_reg_seed362559_classifier,test,2023-11-30,-0.06489738,1866,1865
ft_reg_seed362559_classifier,test,2023-12-29,0.035070352,1862,1861
ft_reg_seed362559_classifier,test,2024-01-31,-0.01934725,1874,1873
ft_reg_seed362559_classifier,test,2024-02-29,0.035052657,1866,1865
ft_reg_seed362559_classifier,test,2024-03-28,0.04877319,1867,1866
ft_reg_seed362559_classifier,test,2024-04-30,-0.009322349,1869,1868
ft_reg_seed362559_classifier,test,2024-05-31,0.053408667,1875,1874
ft_reg_seed362559_classifier,test,2024-06-28,-0.008364674,1881,1880
ft_reg_seed362559_classifier,test,2024-07-31,0.08212818,1888,1887
ft_reg_seed362559_classifier,test,2024-08-30,0.019814756,1888,1887
ft_reg_seed362559_classifier,test,2024-09-30,-0.022961134,1909,1908
ft_reg_seed362559_classifier,test,2024-10-31,-0.04458532,1917,1916
ft_reg_seed362559_classifier,validation,2010-12-31,-0.028954422,1302,1301
ft_reg_seed362559_classifier,validation,2011-01-31,0.0046272427,1307,1306
ft_reg_seed362559_classifier,validation,2011-02-28,0.027539294,1307,1306
ft_reg_seed362559_classifier,validation,2011-03-31,0.03286627,1309,1308
ft_reg_seed362559_classifier,validation,2011-04-29,0.02370782,1313,1312
ft_reg_seed362559_classifier,validation,2011-05-31,0.044684283,1319,1318
ft_reg_seed362559_classifier,validation,2011-06-30,-0.013536137,1323,1322
ft_reg_seed362559_classifier,validation,2011-07-29,0.07129222,1325,1324
ft_reg_seed362559_classifier,validation,2011-08-31,0.055702478,1325,1324
ft_reg_seed362559_classifier,validation,2011-09-30,-0.00489074,1326,1325
ft_reg_seed362559_classifier,validation,2011-10-31,0.06081276,1323,1322
ft_reg_seed362559_classifier,validation,2011-11-30,0.03712868,1322,1322
ft_reg_seed362559_classifier,validation,2011-12-30,-0.11873378,1321,1320
ft_reg_seed362559_classifier,validation,2012-01-31,-0.025210718,1325,1325
ft_reg_seed362559_classifier,validation,2012-02-29,-0.0005425438,1331,1330
ft_reg_seed362559_classifier,validation,2012-03-30,0.021951431,1333,1332
ft_reg_seed362559_classifier,validation,2012-04-30,0.013353683,1337,1336
ft_reg_seed362559_classifier,validation,2012-05-31,0.011881104,1338,1337
ft_reg_seed362559_classifier,validation,2012-06-29,0.031541087,1334,1333
ft_reg_seed362559_classifier,validation,2012-07-31,0.0034339502,1334,1333
ft_reg_seed362559_classifier,validation,2012-08-31,-0.028175008,1328,1327
ft_reg_seed362559_classifier,validation,2012-09-28,0.038132977,1322,1322
ft_reg_seed362559_classifier,validation,2012-10-31,0.022580346,1319,1318
ft_reg_seed362559_classifier,validation,2012-11-30,-0.0025088657,1318,1317
ft_reg_seed362559_classifier,validation,2012-12-31,-0.025095984,1317,1316
ft_reg_seed362559_classifier,validation,2013-01-31,0.01787807,1315,1314
ft_reg_seed362559_classifier,validation,2013-02-28,0.00038044527,1315,1314
ft_reg_seed362559_classifier,validation,2013-03-28,0.027295168,1311,1310
ft_reg_seed362559_classifier,validation,2013-04-30,-0.047605585,1313,1312
ft_reg_seed362559_classifier,validation,2013-05-31,0.008791689,1317,1316
ft_reg_seed362559_classifier,validation,2013-06-28,-0.03374994,1321,1320
ft_reg_seed362559_classifier,validation,2013-07-31,-0.032062083,1326,1325
ft_reg_seed362559_classifier,validation,2013-08-30,-0.013623759,1329,1329
ft_reg_seed362559_classifier,validation,2013-09-30,0.03947924,1332,1331
ft_reg_seed362559_classifier,validation,2013-10-31,-0.012352191,1338,1337
ft_reg_seed362559_classifier,validation,2013-11-29,-0.018672187,1343,1342
ft_reg_seed362559_classifier,validation,2013-12-31,-0.09977697,1344,1343
ft_reg_seed362559_classifier,validation,2014-01-31,-0.012570571,1350,1349
ft_reg_seed362559_classifier,validation,2014-02-28,0.029537894,1354,1353
ft_reg_seed362559_classifier,validation,2014-03-31,0.07309161,1359,1358
ft_reg_seed362559_classifier,validation,2014-04-30,0.046397984,1363,1363
ft_reg_seed362559_classifier,validation,2014-05-30,-0.036412813,1370,1369
ft_reg_seed362559_classifier,validation,2014-06-30,0.030959656,1378,1377
ft_reg_seed362559_classifier,validation,2014-07-31,0.009324655,1385,1384
ft_reg_seed362559_classifier,validation,2014-08-29,0.022452764,1390,1389
ft_reg_seed362559_classifier,validation,2014-09-30,0.049473755,1391,1390
ft_reg_seed362559_classifier,validation,2014-10-31,0.032912396,1396,1395
ft_reg_seed362559_classifier,validation,2014-11-28,0.0028862567,1401,1400
ft_reg_seed362559_classifier,validation,2014-12-31,0.016699174,1399,1398
ft_reg_seed362559_classifier,validation,2015-01-30,-0.04779867,1397,1396
ft_reg_seed362559_classifier,validation,2015-02-27,0.03463687,1399,1399
ft_reg_seed362559_classifier,validation,2015-03-31,-0.04835922,1400,1400
ft_reg_seed362559_classifier,validation,2015-04-30,0.008990452,1406,1405
ft_reg_seed362559_classifier,validation,2015-05-29,0.012351776,1410,1409
ft_reg_seed362559_classifier,validation,2015-06-30,0.08938155,1417,1417
ft_reg_seed362559_classifier,validation,2015-07-31,-0.0044204816,1428,1428
ft_reg_seed362559_classifier,validation,2015-08-31,0.077348895,1430,1429
ft_reg_seed362559_classifier,validation,2015-09-30,0.008183282,1430,1429
ft_reg_seed362559_classifier,validation,2015-10-30,-0.012972361,1431,1430
ft_reg_seed362559_classifier,validation,2015-11-30,0.05319422,1436,1435
ft_reg_seed362559_er_train,test,2015-12-31,0.052244075,1435,1435
ft_reg_seed362559_er_train,test,2016-01-29,0.016485855,1430,1429
ft_reg_seed362559_er_train,test,2016-02-29,-0.048748475,1427,1426
ft_reg_seed362559_er_train,test,2016-03-31,-0.060226314,1423,1423
ft_reg_seed362559_er_train,test,2016-04-29,0.0151073625,1422,1421
ft_reg_seed362559_er_train,test,2016-05-31,0.005046515,1423,1423
ft_reg_seed362559_er_train,test,2016-06-30,-0.017280258,1424,1423
ft_reg_seed362559_er_train,test,2016-07-29,-0.019510273,1424,1423
ft_reg_seed362559_er_train,test,2016-08-31,-0.017786998,1417,1416
ft_reg_seed362559_er_train,test,2016-09-30,0.048140127,1418,1418
ft_reg_seed362559_er_train,test,2016-10-31,0.04849183,1422,1421
ft_reg_seed362559_er_train,test,2016-11-30,0.03765329,1420,1419
ft_reg_seed362559_er_train,test,2016-12-30,-0.01740863,1422,1421
ft_reg_seed362559_er_train,test,2017-01-31,-0.008132923,1426,1425
ft_reg_seed362559_er_train,test,2017-02-28,-0.0011296868,1422,1421
ft_reg_seed362559_er_train,test,2017-03-31,0.033987474,1422,1422
ft_reg_seed362559_er_train,test,2017-04-28,0.018916689,1426,1425
ft_reg_seed362559_er_train,test,2017-05-31,-0.010437543,1429,1428
ft_reg_seed362559_er_train,test,2017-06-30,0.028783986,1430,1429
ft_reg_seed362559_er_train,test,2017-07-31,0.016696705,1432,1431
ft_reg_seed362559_er_train,test,2017-08-31,-0.020809695,1427,1426
ft_reg_seed362559_er_train,test,2017-09-29,0.032858405,1424,1423
ft_reg_seed362559_er_train,test,2017-10-31,-0.005416954,1431,1430
ft_reg_seed362559_er_train,test,2017-11-30,-0.0071730157,1442,1441
ft_reg_seed362559_er_train,test,2017-12-29,0.021040527,1441,1441
ft_reg_seed362559_er_train,test,2018-01-31,-0.005896192,1449,1448
ft_reg_seed362559_er_train,test,2018-02-28,0.009454151,1453,1452
ft_reg_seed362559_er_train,test,2018-03-29,0.008866707,1443,1442
ft_reg_seed362559_er_train,test,2018-04-30,-0.0024151728,1452,1451
ft_reg_seed362559_er_train,test,2018-05-31,0.0009534033,1454,1454
ft_reg_seed362559_er_train,test,2018-06-29,0.036119193,1465,1464
ft_reg_seed362559_er_train,test,2018-07-31,0.008028887,1471,1471
ft_reg_seed362559_er_train,test,2018-08-31,-0.002156605,1469,1468
ft_reg_seed362559_er_train,test,2018-09-28,-0.00083667785,1475,1474
ft_reg_seed362559_er_train,test,2018-10-31,0.016707074,1483,1482
ft_reg_seed362559_er_train,test,2018-11-30,0.044540763,1483,1482
ft_reg_seed362559_er_train,test,2018-12-31,-0.07790038,1482,1481
ft_reg_seed362559_er_train,test,2019-01-31,-0.016122017,1482,1481
ft_reg_seed362559_er_train,test,2019-02-28,-0.016684428,1478,1478
ft_reg_seed362559_er_train,test,2019-03-29,0.021778414,1478,1478
ft_reg_seed362559_er_train,test,2019-04-30,0.02159781,1480,1479
ft_reg_seed362559_er_train,test,2019-05-31,0.05085061,1492,1491
ft_reg_seed362559_er_train,test,2019-06-28,0.046061143,1495,1494
ft_reg_seed362559_er_train,test,2019-07-31,-0.0028528348,1499,1498
ft_reg_seed362559_er_train,test,2019-08-30,0.01575293,1498,1497
ft_reg_seed362559_er_train,test,2019-09-30,0.033493347,1500,1500
ft_reg_seed362559_er_train,test,2019-10-31,-0.0014942065,1501,1500
ft_reg_seed362559_er_train,test,2019-11-29,-0.03573255,1501,1500
ft_reg_seed362559_er_train,test,2019-12-31,-0.056393575,1500,1500
ft_reg_seed362559_er_train,test,2020-01-31,-0.04747604,1502,1501
ft_reg_seed362559_er_train,test,2020-02-28,-0.024013594,1502,1501
ft_reg_seed362559_er_train,test,2020-03-31,0.020804584,1495,1495
ft_reg_seed362559_er_train,test,2020-04-30,-0.041097134,1496,1496
ft_reg_seed362559_er_train,test,2020-05-29,-0.07558432,1495,1494
ft_reg_seed362559_er_train,test,2020-06-30,0.027153634,1504,1503
ft_reg_seed362559_er_train,test,2020-07-31,0.028618015,1510,1509
ft_reg_seed362559_er_train,test,2020-08-31,0.0014323238,1515,1514
ft_reg_seed362559_er_train,test,2020-09-30,0.022170227,1526,1525
ft_reg_seed362559_er_train,test,2020-10-30,0.0015449375,1541,1540
ft_reg_seed362559_er_train,test,2020-11-30,0.00035525113,1555,1554
ft_reg_seed362559_er_train,test,2020-12-31,-0.033774756,1575,1575
ft_reg_seed362559_er_train,test,2021-01-29,0.048081104,1593,1592
ft_reg_seed362559_er_train,test,2021-02-26,0.018456213,1611,1611
ft_reg_seed362559_er_train,test,2021-03-31,0.049534235,1643,1642
ft_reg_seed362559_er_train,test,2021-04-30,0.0356486,1672,1672
ft_reg_seed362559_er_train,test,2021-05-28,-0.031179648,1696,1695
ft_reg_seed362559_er_train,test,2021-06-30,0.049682226,1718,1717
ft_reg_seed362559_er_train,test,2021-07-30,-0.0011251923,1745,1744
ft_reg_seed362559_er_train,test,2021-08-31,0.03159727,1756,1755
ft_reg_seed362559_er_train,test,2021-09-30,0.057942353,1775,1774
ft_reg_seed362559_er_train,test,2021-10-29,0.059545636,1794,1793
ft_reg_seed362559_er_train,test,2021-11-30,0.09780426,1814,1813
ft_reg_seed362559_er_train,test,2021-12-31,0.0530605,1838,1837
ft_reg_seed362559_er_train,test,2022-01-31,0.036964446,1855,1854
ft_reg_seed362559_er_train,test,2022-02-28,0.0073469765,1870,1869
ft_reg_seed362559_er_train,test,2022-03-31,0.11187024,1877,1876
ft_reg_seed362559_er_train,test,2022-04-29,0.071144335,1885,1884
ft_reg_seed362559_er_train,test,2022-05-31,-0.047754932,1887,1886
ft_reg_seed362559_er_train,test,2022-06-30,0.010148138,1892,1891
ft_reg_seed362559_er_train,test,2022-07-29,-0.026535874,1892,1891
ft_reg_seed362559_er_train,test,2022-08-31,0.059453078,1894,1893
ft_reg_seed362559_er_train,test,2022-09-30,0.08267036,1899,1899
ft_reg_seed362559_er_train,test,2022-10-31,0.06539498,1897,1896
ft_reg_seed362559_er_train,test,2022-11-30,0.033948604,1893,1893
ft_reg_seed362559_er_train,test,2022-12-30,-0.1833908,1881,1880
ft_reg_seed362559_er_train,test,2023-01-31,0.035997048,1876,1875
ft_reg_seed362559_er_train,test,2023-02-28,0.057635397,1871,1870
ft_reg_seed362559_er_train,test,2023-03-31,0.010420979,1865,1864
ft_reg_seed362559_er_train,test,2023-04-28,-0.035217974,1860,1859
ft_reg_seed362559_er_train,test,2023-05-31,0.06579707,1861,1860
ft_reg_seed362559_er_train,test,2023-06-30,-0.0034188814,1859,1858
ft_reg_seed362559_er_train,test,2023-07-31,0.03563012,1853,1853
ft_reg_seed362559_er_train,test,2023-08-31,0.021481197,1856,1855
ft_reg_seed362559_er_train,test,2023-09-29,0.048237722,1864,1863
ft_reg_seed362559_er_train,test,2023-10-31,0.031188034,1867,1866
ft_reg_seed362559_er_train,test,2023-11-30,-0.005532779,1866,1865
ft_reg_seed362559_er_train,test,2023-12-29,0.009375453,1862,1861
ft_reg_seed362559_er_train,test,2024-01-31,0.020095192,1874,1873
ft_reg_seed362559_er_train,test,2024-02-29,0.03253918,1866,1865
ft_reg_seed362559_er_train,test,2024-03-28,0.005783789,1867,1866
ft_reg_seed362559_er_train,test,2024-04-30,0.0028692745,1869,1868
ft_reg_seed362559_er_train,test,2024-05-31,0.016900066,1875,1874
ft_reg_seed362559_er_train,test,2024-06-28,0.02056425,1881,1880
ft_reg_seed362559_er_train,test,2024-07-31,0.059251502,1888,1887
ft_reg_seed362559_er_train,test,2024-08-30,0.028853513,1888,1887
ft_reg_seed362559_er_train,test,2024-09-30,-0.018842272,1909,1908
ft_reg_seed362559_er_train,test,2024-10-31,-0.0042263865,1917,1916
ft_reg_seed362559_er_train,validation,2010-12-31,-0.017339006,1302,1301
ft_reg_seed362559_er_train,validation,2011-01-31,0.024881376,1307,1306
ft_reg_seed362559_er_train,validation,2011-02-28,0.026775304,1307,1306
ft_reg_seed362559_er_train,validation,2011-03-31,0.022144943,1309,1308
ft_reg_seed362559_er_train,validation,2011-04-29,-0.0117377695,1313,1312
ft_reg_seed362559_er_train,validation,2011-05-31,0.0147216935,1319,1318
ft_reg_seed362559_er_train,validation,2011-06-30,-0.017268505,1323,1322
ft_reg_seed362559_er_train,validation,2011-07-29,0.0062993914,1325,1324
ft_reg_seed362559_er_train,validation,2011-08-31,-0.01539591,1325,1324
ft_reg_seed362559_er_train,validation,2011-09-30,0.059384696,1326,1325
ft_reg_seed362559_er_train,validation,2011-10-31,0.045218516,1323,1322
ft_reg_seed362559_er_train,validation,2011-11-30,0.021844592,1322,1322
ft_reg_seed362559_er_train,validation,2011-12-30,-0.07493766,1321,1320
ft_reg_seed362559_er_train,validation,2012-01-31,-0.0033332556,1325,1325
ft_reg_seed362559_er_train,validation,2012-02-29,0.0028715003,1331,1330
ft_reg_seed362559_er_train,validation,2012-03-30,0.0058133807,1333,1332
ft_reg_seed362559_er_train,validation,2012-04-30,-0.046418384,1337,1336
ft_reg_seed362559_er_train,validation,2012-05-31,0.009099433,1338,1337
ft_reg_seed362559_er_train,validation,2012-06-29,0.0040929895,1334,1333
ft_reg_seed362559_er_train,validation,2012-07-31,0.027082562,1334,1333
ft_reg_seed362559_er_train,validation,2012-08-31,-0.010242175,1328,1327
ft_reg_seed362559_er_train,validation,2012-09-28,0.020271031,1322,1322
ft_reg_seed362559_er_train,validation,2012-10-31,0.021808973,1319,1318
ft_reg_seed362559_er_train,validation,2012-11-30,0.012072908,1318,1317
ft_reg_seed362559_er_train,validation,2012-12-31,0.0028364435,1317,1316
ft_reg_seed362559_er_train,validation,2013-01-31,0.01261756,1315,1314
ft_reg_seed362559_er_train,validation,2013-02-28,0.016837852,1315,1314
ft_reg_seed362559_er_train,validation,2013-03-28,0.005503428,1311,1310
ft_reg_seed362559_er_train,validation,2013-04-30,0.006606726,1313,1312
ft_reg_seed362559_er_train,validation,2013-05-31,0.023183849,1317,1316
ft_reg_seed362559_er_train,validation,2013-06-28,0.009798527,1321,1320
ft_reg_seed362559_er_train,validation,2013-07-31,-0.014614148,1326,1325
ft_reg_seed362559_er_train,validation,2013-08-30,0.014572151,1329,1329
ft_reg_seed362559_er_train,validation,2013-09-30,0.03880495,1332,1331
ft_reg_seed362559_er_train,validation,2013-10-31,0.020186163,1338,1337
ft_reg_seed362559_er_train,validation,2013-11-29,-0.0026633143,1343,1342
ft_reg_seed362559_er_train,validation,2013-12-31,-0.09357175,1344,1343
ft_reg_seed362559_er_train,validation,2014-01-31,0.014286216,1350,1349
ft_reg_seed362559_er_train,validation,2014-02-28,0.010181468,1354,1353
ft_reg_seed362559_er_train,validation,2014-03-31,0.024616078,1359,1358
ft_reg_seed362559_er_train,validation,2014-04-30,0.034458198,1363,1363
ft_reg_seed362559_er_train,validation,2014-05-30,-0.011931673,1370,1369
ft_reg_seed362559_er_train,validation,2014-06-30,0.0059299655,1378,1377
ft_reg_seed362559_er_train,validation,2014-07-31,0.015684165,1385,1384
ft_reg_seed362559_er_train,validation,2014-08-29,-0.009255018,1390,1389
ft_reg_seed362559_er_train,validation,2014-09-30,0.027200574,1391,1390
ft_reg_seed362559_er_train,validation,2014-10-31,0.015414961,1396,1395
ft_reg_seed362559_er_train,validation,2014-11-28,0.011645285,1401,1400
ft_reg_seed362559_er_train,validation,2014-12-31,-0.0037377058,1399,1398
ft_reg_seed362559_er_train,validation,2015-01-30,-0.01845475,1397,1396
ft_reg_seed362559_er_train,validation,2015-02-27,0.03337446,1399,1399
ft_reg_seed362559_er_train,validation,2015-03-31,-0.043788563,1400,1400
ft_reg_seed362559_er_train,validation,2015-04-30,0.014371892,1406,1405
ft_reg_seed362559_er_train,validation,2015-05-29,0.022013512,1410,1409
ft_reg_seed362559_er_train,validation,2015-06-30,0.053021938,1417,1417
ft_reg_seed362559_er_train,validation,2015-07-31,-0.00984047,1428,1428
ft_reg_seed362559_er_train,validation,2015-08-31,0.03187066,1430,1429
ft_reg_seed362559_er_train,validation,2015-09-30,0.009440795,1430,1429
ft_reg_seed362559_er_train,validation,2015-10-30,-0.013321726,1431,1430
ft_reg_seed362559_er_train,validation,2015-11-30,0.02479447,1436,1435
ft_small_lr5e5_seed362559_classifier,test,2015-12-31,0.08335869,1435,1435
ft_small_lr5e5_seed362559_classifier,test,2016-01-29,0.006773331,1430,1429
ft_small_lr5e5_seed362559_classifier,test,2016-02-29,-0.07255364,1427,1426
ft_small_lr5e5_seed362559_classifier,test,2016-03-31,-0.09958072,1423,1423
ft_small_lr5e5_seed362559_classifier,test,2016-04-29,0.0332031,1422,1421
ft_small_lr5e5_seed362559_classifier,test,2016-05-31,0.015494077,1423,1423
ft_small_lr5e5_seed362559_classifier,test,2016-06-30,-0.043928985,1424,1423
ft_small_lr5e5_seed362559_classifier,test,2016-07-29,-0.025632406,1424,1423
ft_small_lr5e5_seed362559_classifier,test,2016-08-31,-0.034202848,1417,1416
ft_small_lr5e5_seed362559_classifier,test,2016-09-30,0.079502515,1418,1418
ft_small_lr5e5_seed362559_classifier,test,2016-10-31,-0.0072633848,1422,1421
ft_small_lr5e5_seed362559_classifier,test,2016-11-30,0.042677604,1420,1419
ft_small_lr5e5_seed362559_classifier,test,2016-12-30,-0.038428575,1422,1421
ft_small_lr5e5_seed362559_classifier,test,2017-01-31,0.0062693125,1426,1425
ft_small_lr5e5_seed362559_classifier,test,2017-02-28,0.0007878158,1422,1421
ft_small_lr5e5_seed362559_classifier,test,2017-03-31,0.041623987,1422,1422
ft_small_lr5e5_seed362559_classifier,test,2017-04-28,0.04825402,1426,1425
ft_small_lr5e5_seed362559_classifier,test,2017-05-31,-0.025123233,1429,1428
ft_small_lr5e5_seed362559_classifier,test,2017-06-30,0.036764838,1430,1429
ft_small_lr5e5_seed362559_classifier,test,2017-07-31,0.030939886,1432,1431
ft_small_lr5e5_seed362559_classifier,test,2017-08-31,-0.051214244,1427,1426
ft_small_lr5e5_seed362559_classifier,test,2017-09-29,0.05355412,1424,1423
ft_small_lr5e5_seed362559_classifier,test,2017-10-31,-0.018401846,1431,1430
ft_small_lr5e5_seed362559_classifier,test,2017-11-30,-0.02174132,1442,1441
ft_small_lr5e5_seed362559_classifier,test,2017-12-29,0.0054672137,1441,1441
ft_small_lr5e5_seed362559_classifier,test,2018-01-31,0.0022051185,1449,1448
ft_small_lr5e5_seed362559_classifier,test,2018-02-28,-0.00062222185,1453,1452
ft_small_lr5e5_seed362559_classifier,test,2018-03-29,-0.01476299,1443,1442
ft_small_lr5e5_seed362559_classifier,test,2018-04-30,-0.036806047,1452,1451
ft_small_lr5e5_seed362559_classifier,test,2018-05-31,-0.0017858418,1454,1454
ft_small_lr5e5_seed362559_classifier,test,2018-06-29,0.046502978,1465,1464
ft_small_lr5e5_seed362559_classifier,test,2018-07-31,0.003614448,1471,1471
ft_small_lr5e5_seed362559_classifier,test,2018-08-31,0.0049188714,1469,1468
ft_small_lr5e5_seed362559_classifier,test,2018-09-28,0.022974439,1475,1474
ft_small_lr5e5_seed362559_classifier,test,2018-10-31,0.040495116,1483,1482
ft_small_lr5e5_seed362559_classifier,test,2018-11-30,0.09908427,1483,1482
ft_small_lr5e5_seed362559_classifier,test,2018-12-31,-0.14507425,1482,1481
ft_small_lr5e5_seed362559_classifier,test,2019-01-31,-0.033360295,1482,1481
ft_small_lr5e5_seed362559_classifier,test,2019-02-28,0.0074083614,1478,1478
ft_small_lr5e5_seed362559_classifier,test,2019-03-29,0.031596255,1478,1478
ft_small_lr5e5_seed362559_classifier,test,2019-04-30,0.0692402,1480,1479
ft_small_lr5e5_seed362559_classifier,test,2019-05-31,0.042831928,1492,1491
ft_small_lr5e5_seed362559_classifier,test,2019-06-28,0.05682782,1495,1494
ft_small_lr5e5_seed362559_classifier,test,2019-07-31,0.044309393,1499,1498
ft_small_lr5e5_seed362559_classifier,test,2019-08-30,0.024717644,1498,1497
ft_small_lr5e5_seed362559_classifier,test,2019-09-30,0.037784852,1500,1500
ft_small_lr5e5_seed362559_classifier,test,2019-10-31,-0.017895019,1501,1500
ft_small_lr5e5_seed362559_classifier,test,2019-11-29,-0.06498838,1501,1500
ft_small_lr5e5_seed362559_classifier,test,2019-12-31,-0.045710534,1500,1500
ft_small_lr5e5_seed362559_classifier,test,2020-01-31,-0.03046327,1502,1501
ft_small_lr5e5_seed362559_classifier,test,2020-02-28,0.052151144,1502,1501
ft_small_lr5e5_seed362559_classifier,test,2020-03-31,-0.1727426,1495,1495
ft_small_lr5e5_seed362559_classifier,test,2020-04-30,-0.07553364,1496,1496
ft_small_lr5e5_seed362559_classifier,test,2020-05-29,-0.11018512,1495,1494
ft_small_lr5e5_seed362559_classifier,test,2020-06-30,0.009884369,1504,1503
ft_small_lr5e5_seed362559_classifier,test,2020-07-31,-0.0038846266,1510,1509
ft_small_lr5e5_seed362559_classifier,test,2020-08-31,0.016907606,1515,1514
ft_small_lr5e5_seed362559_classifier,test,2020-09-30,0.008220723,1526,1525
ft_small_lr5e5_seed362559_classifier,test,2020-10-30,-0.1774486,1541,1540
ft_small_lr5e5_seed362559_classifier,test,2020-11-30,-0.07001815,1555,1554
ft_small_lr5e5_seed362559_classifier,test,2020-12-31,-0.20391065,1575,1575
ft_small_lr5e5_seed362559_classifier,test,2021-01-29,-0.06359513,1593,1592
ft_small_lr5e5_seed362559_classifier,test,2021-02-26,0.05257359,1611,1611
ft_small_lr5e5_seed362559_classifier,test,2021-03-31,0.064643934,1643,1642
ft_small_lr5e5_seed362559_classifier,test,2021-04-30,0.051896915,1672,1672
ft_small_lr5e5_seed362559_classifier,test,2021-05-28,-0.07538214,1696,1695
ft_small_lr5e5_seed362559_classifier,test,2021-06-30,0.11293565,1718,1717
ft_small_lr5e5_seed362559_classifier,test,2021-07-30,-0.0071304813,1745,1744
ft_small_lr5e5_seed362559_classifier,test,2021-08-31,0.03295192,1756,1755
ft_small_lr5e5_seed362559_classifier,test,2021-09-30,0.049717527,1775,1774
ft_small_lr5e5_seed362559_classifier,test,2021-10-29,0.09925331,1794,1793
ft_small_lr5e5_seed362559_classifier,test,2021-11-30,0.13540958,1814,1813
ft_small_lr5e5_seed362559_classifier,test,2021-12-31,0.098850295,1838,1837
ft_small_lr5e5_seed362559_classifier,test,2022-01-31,0.031091543,1855,1854
ft_small_lr5e5_seed362559_classifier,test,2022-02-28,0.001530407,1870,1869
ft_small_lr5e5_seed362559_classifier,test,2022-03-31,0.15512116,1877,1876
ft_small_lr5e5_seed362559_classifier,test,2022-04-29,0.10244402,1885,1884
ft_small_lr5e5_seed362559_classifier,test,2022-05-31,-0.017784622,1887,1886
ft_small_lr5e5_seed362559_classifier,test,2022-06-30,-0.003922574,1892,1891
ft_small_lr5e5_seed362559_classifier,test,2022-07-29,-0.03039271,1892,1891
ft_small_lr5e5_seed362559_classifier,test,2022-08-31,0.09724209,1894,1893
ft_small_lr5e5_seed362559_classifier,test,2022-09-30,0.08057394,1899,1899
ft_small_lr5e5_seed362559_classifier,test,2022-10-31,0.060836136,1897,1896
ft_small_lr5e5_seed362559_classifier,test,2022-11-30,0.052400902,1893,1893
ft_small_lr5e5_seed362559_classifier,test,2022-12-30,-0.22566843,1881,1880
ft_small_lr5e5_seed362559_classifier,test,2023-01-31,0.06532623,1876,1875
ft_small_lr5e5_seed362559_classifier,test,2023-02-28,0.08887594,1871,1870
ft_small_lr5e5_seed362559_classifier,test,2023-03-31,0.02144594,1865,1864
ft_small_lr5e5_seed362559_classifier,test,2023-04-28,-0.036374774,1860,1859
ft_small_lr5e5_seed362559_classifier,test,2023-05-31,0.02746778,1861,1860
ft_small_lr5e5_seed362559_classifier,test,2023-06-30,-0.030875817,1859,1858
ft_small_lr5e5_seed362559_classifier,test,2023-07-31,0.097659856,1853,1853
ft_small_lr5e5_seed362559_classifier,test,2023-08-31,0.072734624,1856,1855
ft_small_lr5e5_seed362559_classifier,test,2023-09-29,0.08463889,1864,1863
ft_small_lr5e5_seed362559_classifier,test,2023-10-31,-0.0184635,1867,1866
ft_small_lr5e5_seed362559_classifier,test,2023-11-30,-0.08593383,1866,1865
ft_small_lr5e5_seed362559_classifier,test,2023-12-29,0.048434567,1862,1861
ft_small_lr5e5_seed362559_classifier,test,2024-01-31,-0.039775465,1874,1873
ft_small_lr5e5_seed362559_classifier,test,2024-02-29,0.028321378,1866,1865
ft_small_lr5e5_seed362559_classifier,test,2024-03-28,0.049284525,1867,1866
ft_small_lr5e5_seed362559_classifier,test,2024-04-30,-0.009992212,1869,1868
ft_small_lr5e5_seed362559_classifier,test,2024-05-31,0.05642928,1875,1874
ft_small_lr5e5_seed362559_classifier,test,2024-06-28,0.011004828,1881,1880
ft_small_lr5e5_seed362559_classifier,test,2024-07-31,0.08516269,1888,1887
ft_small_lr5e5_seed362559_classifier,test,2024-08-30,0.007145463,1888,1887
ft_small_lr5e5_seed362559_classifier,test,2024-09-30,-0.017446483,1909,1908
ft_small_lr5e5_seed362559_classifier,test,2024-10-31,-0.030155852,1917,1916
ft_small_lr5e5_seed362559_classifier,validation,2010-12-31,-0.031042285,1302,1301
ft_small_lr5e5_seed362559_classifier,validation,2011-01-31,0.010561321,1307,1306
ft_small_lr5e5_seed362559_classifier,validation,2011-02-28,0.025572702,1307,1306
ft_small_lr5e5_seed362559_classifier,validation,2011-03-31,0.024681231,1309,1308
ft_small_lr5e5_seed362559_classifier,validation,2011-04-29,0.022848643,1313,1312
ft_small_lr5e5_seed362559_classifier,validation,2011-05-31,0.046060186,1319,1318
ft_small_lr5e5_seed362559_classifier,validation,2011-06-30,-0.015224282,1323,1322
ft_small_lr5e5_seed362559_classifier,validation,2011-07-29,0.068589464,1325,1324
ft_small_lr5e5_seed362559_classifier,validation,2011-08-31,0.063394845,1325,1324
ft_small_lr5e5_seed362559_classifier,validation,2011-09-30,0.0020932183,1326,1325
ft_small_lr5e5_seed362559_classifier,validation,2011-10-31,0.071574174,1323,1322
ft_small_lr5e5_seed362559_classifier,validation,2011-11-30,0.046774507,1322,1322
ft_small_lr5e5_seed362559_classifier,validation,2011-12-30,-0.11545551,1321,1320
ft_small_lr5e5_seed362559_classifier,validation,2012-01-31,-0.030104341,1325,1325
ft_small_lr5e5_seed362559_classifier,validation,2012-02-29,-0.0061835116,1331,1330
ft_small_lr5e5_seed362559_classifier,validation,2012-03-30,0.025445836,1333,1332
ft_small_lr5e5_seed362559_classifier,validation,2012-04-30,0.014114574,1337,1336
ft_small_lr5e5_seed362559_classifier,validation,2012-05-31,0.0024581477,1338,1337
ft_small_lr5e5_seed362559_classifier,validation,2012-06-29,0.038212895,1334,1333
ft_small_lr5e5_seed362559_classifier,validation,2012-07-31,-0.0021881126,1334,1333
ft_small_lr5e5_seed362559_classifier,validation,2012-08-31,-0.02298086,1328,1327
ft_small_lr5e5_seed362559_classifier,validation,2012-09-28,0.042410024,1322,1322
ft_small_lr5e5_seed362559_classifier,validation,2012-10-31,0.023389056,1319,1318
ft_small_lr5e5_seed362559_classifier,validation,2012-11-30,-0.004835367,1318,1317
ft_small_lr5e5_seed362559_classifier,validation,2012-12-31,-0.018824391,1317,1316
ft_small_lr5e5_seed362559_classifier,validation,2013-01-31,0.02157499,1315,1314
ft_small_lr5e5_seed362559_classifier,validation,2013-02-28,0.008480534,1315,1314
ft_small_lr5e5_seed362559_classifier,validation,2013-03-28,0.017278152,1311,1310
ft_small_lr5e5_seed362559_classifier,validation,2013-04-30,-0.025196852,1313,1312
ft_small_lr5e5_seed362559_classifier,validation,2013-05-31,0.01619586,1317,1316
ft_small_lr5e5_seed362559_classifier,validation,2013-06-28,-0.015234135,1321,1320
ft_small_lr5e5_seed362559_classifier,validation,2013-07-31,-0.033805612,1326,1325
ft_small_lr5e5_seed362559_classifier,validation,2013-08-30,-0.0016153641,1329,1329
ft_small_lr5e5_seed362559_classifier,validation,2013-09-30,0.039451044,1332,1331
ft_small_lr5e5_seed362559_classifier,validation,2013-10-31,0.0064173806,1338,1337
ft_small_lr5e5_seed362559_classifier,validation,2013-11-29,-0.01828096,1343,1342
ft_small_lr5e5_seed362559_classifier,validation,2013-12-31,-0.11133468,1344,1343
ft_small_lr5e5_seed362559_classifier,validation,2014-01-31,-0.009554386,1350,1349
ft_small_lr5e5_seed362559_classifier,validation,2014-02-28,0.02913944,1354,1353
ft_small_lr5e5_seed362559_classifier,validation,2014-03-31,0.05853671,1359,1358
ft_small_lr5e5_seed362559_classifier,validation,2014-04-30,0.0390023,1363,1363
ft_small_lr5e5_seed362559_classifier,validation,2014-05-30,-0.03446149,1370,1369
ft_small_lr5e5_seed362559_classifier,validation,2014-06-30,0.026344333,1378,1377
ft_small_lr5e5_seed362559_classifier,validation,2014-07-31,0.01350167,1385,1384
ft_small_lr5e5_seed362559_classifier,validation,2014-08-29,0.0209319,1390,1389
ft_small_lr5e5_seed362559_classifier,validation,2014-09-30,0.067498356,1391,1390
ft_small_lr5e5_seed362559_classifier,validation,2014-10-31,0.040492892,1396,1395
ft_small_lr5e5_seed362559_classifier,validation,2014-11-28,0.024964692,1401,1400
ft_small_lr5e5_seed362559_classifier,validation,2014-12-31,0.005246861,1399,1398
ft_small_lr5e5_seed362559_classifier,validation,2015-01-30,-0.041818924,1397,1396
ft_small_lr5e5_seed362559_classifier,validation,2015-02-27,0.05312018,1399,1399
ft_small_lr5e5_seed362559_classifier,validation,2015-03-31,-0.060039498,1400,1400
ft_small_lr5e5_seed362559_classifier,validation,2015-04-30,0.013438612,1406,1405
ft_small_lr5e5_seed362559_classifier,validation,2015-05-29,0.013768374,1410,1409
ft_small_lr5e5_seed362559_classifier,validation,2015-06-30,0.092524596,1417,1417
ft_small_lr5e5_seed362559_classifier,validation,2015-07-31,-0.004992008,1428,1428
ft_small_lr5e5_seed362559_classifier,validation,2015-08-31,0.082369745,1430,1429
ft_small_lr5e5_seed362559_classifier,validation,2015-09-30,-0.0019423962,1430,1429
ft_small_lr5e5_seed362559_classifier,validation,2015-10-30,0.0012038881,1431,1430
ft_small_lr5e5_seed362559_classifier,validation,2015-11-30,0.050346345,1436,1435
ft_small_lr5e5_seed362559_er_train,test,2015-12-31,0.060973026,1435,1435
ft_small_lr5e5_seed362559_er_train,test,2016-01-29,0.0055736094,1430,1429
ft_small_lr5e5_seed362559_er_train,test,2016-02-29,-0.06840243,1427,1426
ft_small_lr5e5_seed362559_er_train,test,2016-03-31,-0.08784324,1423,1423
ft_small_lr5e5_seed362559_er_train,test,2016-04-29,0.02460342,1422,1421
ft_small_lr5e5_seed362559_er_train,test,2016-05-31,0.01287177,1423,1423
ft_small_lr5e5_seed362559_er_train,test,2016-06-30,-0.01870694,1424,1423
ft_small_lr5e5_seed362559_er_train,test,2016-07-29,-0.027065126,1424,1423
ft_small_lr5e5_seed362559_er_train,test,2016-08-31,-0.01978027,1417,1416
ft_small_lr5e5_seed362559_er_train,test,2016-09-30,0.060384057,1418,1418
ft_small_lr5e5_seed362559_er_train,test,2016-10-31,0.04778738,1422,1421
ft_small_lr5e5_seed362559_er_train,test,2016-11-30,0.043789353,1420,1419
ft_small_lr5e5_seed362559_er_train,test,2016-12-30,-0.032398272,1422,1421
ft_small_lr5e5_seed362559_er_train,test,2017-01-31,0.002641688,1426,1425
ft_small_lr5e5_seed362559_er_train,test,2017-02-28,-0.0015929835,1422,1421
ft_small_lr5e5_seed362559_er_train,test,2017-03-31,0.04043086,1422,1422
ft_small_lr5e5_seed362559_er_train,test,2017-04-28,0.044523813,1426,1425
ft_small_lr5e5_seed362559_er_train,test,2017-05-31,-0.014608515,1429,1428
ft_small_lr5e5_seed362559_er_train,test,2017-06-30,0.03468876,1430,1429
ft_small_lr5e5_seed362559_er_train,test,2017-07-31,0.029526642,1432,1431
ft_small_lr5e5_seed362559_er_train,test,2017-08-31,-0.0305289,1427,1426
ft_small_lr5e5_seed362559_er_train,test,2017-09-29,0.055469118,1424,1423
ft_small_lr5e5_seed362559_er_train,test,2017-10-31,-0.007824831,1431,1430
ft_small_lr5e5_seed362559_er_train,test,2017-11-30,-0.015202572,1442,1441
ft_small_lr5e5_seed362559_er_train,test,2017-12-29,0.005344551,1441,1441
ft_small_lr5e5_seed362559_er_train,test,2018-01-31,-0.0010954961,1449,1448
ft_small_lr5e5_seed362559_er_train,test,2018-02-28,0.002485271,1453,1452
ft_small_lr5e5_seed362559_er_train,test,2018-03-29,-0.009247066,1443,1442
ft_small_lr5e5_seed362559_er_train,test,2018-04-30,-0.017315213,1452,1451
ft_small_lr5e5_seed362559_er_train,test,2018-05-31,0.0017163467,1454,1454
ft_small_lr5e5_seed362559_er_train,test,2018-06-29,0.04185509,1465,1464
ft_small_lr5e5_seed362559_er_train,test,2018-07-31,0.020618357,1471,1471
ft_small_lr5e5_seed362559_er_train,test,2018-08-31,0.0028668437,1469,1468
ft_small_lr5e5_seed362559_er_train,test,2018-09-28,-6.1035156e-05,1475,1474
ft_small_lr5e5_seed362559_er_train,test,2018-10-31,0.023823682,1483,1482
ft_small_lr5e5_seed362559_er_train,test,2018-11-30,0.06707055,1483,1482
ft_small_lr5e5_seed362559_er_train,test,2018-12-31,-0.12069543,1482,1481
ft_small_lr5e5_seed362559_er_train,test,2019-01-31,-0.023098662,1482,1481
ft_small_lr5e5_seed362559_er_train,test,2019-02-28,-0.014224839,1478,1478
ft_small_lr5e5_seed362559_er_train,test,2019-03-29,0.042212564,1478,1478
ft_small_lr5e5_seed362559_er_train,test,2019-04-30,0.029658146,1480,1479
ft_small_lr5e5_seed362559_er_train,test,2019-05-31,0.058467157,1492,1491
ft_small_lr5e5_seed362559_er_train,test,2019-06-28,0.052596048,1495,1494
ft_small_lr5e5_seed362559_er_train,test,2019-07-31,0.023607768,1499,1498
ft_small_lr5e5_seed362559_er_train,test,2019-08-30,0.020368166,1498,1497
ft_small_lr5e5_seed362559_er_train,test,2019-09-30,0.04408021,1500,1500
ft_small_lr5e5_seed362559_er_train,test,2019-10-31,0.00040691346,1501,1500
ft_small_lr5e5_seed362559_er_train,test,2019-11-29,-0.05139401,1501,1500
ft_small_lr5e5_seed362559_er_train,test,2019-12-31,-0.056132052,1500,1500
ft_small_lr5e5_seed362559_er_train,test,2020-01-31,-0.04837927,1502,1501
ft_small_lr5e5_seed362559_er_train,test,2020-02-28,-0.003311962,1502,1501
ft_small_lr5e5_seed362559_er_train,test,2020-03-31,-0.11453879,1495,1495
ft_small_lr5e5_seed362559_er_train,test,2020-04-30,-0.0572756,1496,1496
ft_small_lr5e5_seed362559_er_train,test,2020-05-29,-0.10387254,1495,1494
ft_small_lr5e5_seed362559_er_train,test,2020-06-30,0.024320569,1504,1503
ft_small_lr5e5_seed362559_er_train,test,2020-07-31,0.013928125,1510,1509
ft_small_lr5e5_seed362559_er_train,test,2020-08-31,0.017995618,1515,1514
ft_small_lr5e5_seed362559_er_train,test,2020-09-30,0.015629048,1526,1525
ft_small_lr5e5_seed362559_er_train,test,2020-10-30,-0.10995452,1541,1540
ft_small_lr5e5_seed362559_er_train,test,2020-11-30,-0.03484425,1555,1554
ft_small_lr5e5_seed362559_er_train,test,2020-12-31,-0.13277271,1575,1575
ft_small_lr5e5_seed362559_er_train,test,2021-01-29,0.00038091093,1593,1592
ft_small_lr5e5_seed362559_er_train,test,2021-02-26,0.059373815,1611,1611
ft_small_lr5e5_seed362559_er_train,test,2021-03-31,0.06256297,1643,1642
ft_small_lr5e5_seed362559_er_train,test,2021-04-30,0.06390505,1672,1672
ft_small_lr5e5_seed362559_er_train,test,2021-05-28,-0.06134518,1696,1695
ft_small_lr5e5_seed362559_er_train,test,2021-06-30,0.09166517,1718,1717
ft_small_lr5e5_seed362559_er_train,test,2021-07-30,0.0037026946,1745,1744
ft_small_lr5e5_seed362559_er_train,test,2021-08-31,0.04022569,1756,1755
ft_small_lr5e5_seed362559_er_train,test,2021-09-30,0.061392136,1775,1774
ft_small_lr5e5_seed362559_er_train,test,2021-10-29,0.088788934,1794,1793
ft_small_lr5e5_seed362559_er_train,test,2021-11-30,0.13671143,1814,1813
ft_small_lr5e5_seed362559_er_train,test,2021-12-31,0.08589037,1838,1837
ft_small_lr5e5_seed362559_er_train,test,2022-01-31,0.04121662,1855,1854
ft_small_lr5e5_seed362559_er_train,test,2022-02-28,0.00052744895,1870,1869
ft_small_lr5e5_seed362559_er_train,test,2022-03-31,0.14718634,1877,1876
ft_small_lr5e5_seed362559_er_train,test,2022-04-29,0.098610565,1885,1884
ft_small_lr5e5_seed362559_er_train,test,2022-05-31,-0.034469254,1887,1886
ft_small_lr5e5_seed362559_er_train,test,2022-06-30,0.009645693,1892,1891
ft_small_lr5e5_seed362559_er_train,test,2022-07-29,-0.03260192,1892,1891
ft_small_lr5e5_seed362559_er_train,test,2022-08-31,0.07000248,1894,1893
ft_small_lr5e5_seed362559_er_train,test,2022-09-30,0.11388439,1899,1899
ft_small_lr5e5_seed362559_er_train,test,2022-10-31,0.06392809,1897,1896
ft_small_lr5e5_seed362559_er_train,test,2022-11-30,0.037786882,1893,1893
ft_small_lr5e5_seed362559_er_train,test,2022-12-30,-0.20536731,1881,1880
ft_small_lr5e5_seed362559_er_train,test,2023-01-31,0.06669653,1876,1875
ft_small_lr5e5_seed362559_er_train,test,2023-02-28,0.07850936,1871,1870
ft_small_lr5e5_seed362559_er_train,test,2023-03-31,0.013718313,1865,1864
ft_small_lr5e5_seed362559_er_train,test,2023-04-28,-0.03312814,1860,1859
ft_small_lr5e5_seed362559_er_train,test,2023-05-31,0.05088625,1861,1860
ft_small_lr5e5_seed362559_er_train,test,2023-06-30,-0.018193703,1859,1858
ft_small_lr5e5_seed362559_er_train,test,2023-07-31,0.07866295,1853,1853
ft_small_lr5e5_seed362559_er_train,test,2023-08-31,0.05362537,1856,1855
ft_small_lr5e5_seed362559_er_train,test,2023-09-29,0.07206397,1864,1863
ft_small_lr5e5_seed362559_er_train,test,2023-10-31,0.0055876225,1867,1866
ft_small_lr5e5_seed362559_er_train,test,2023-11-30,-0.046738595,1866,1865
ft_small_lr5e5_seed362559_er_train,test,2023-12-29,0.032706894,1862,1861
ft_small_lr5e5_seed362559_er_train,test,2024-01-31,-0.018437762,1874,1873
ft_small_lr5e5_seed362559_er_train,test,2024-02-29,0.03515511,1866,1865
ft_small_lr5e5_seed362559_er_train,test,2024-03-28,0.028764077,1867,1866
ft_small_lr5e5_seed362559_er_train,test,2024-04-30,-0.0010677539,1869,1868
ft_small_lr5e5_seed362559_er_train,test,2024-05-31,0.04511507,1875,1874
ft_small_lr5e5_seed362559_er_train,test,2024-06-28,0.03331856,1881,1880
ft_small_lr5e5_seed362559_er_train,test,2024-07-31,0.077160805,1888,1887
ft_small_lr5e5_seed362559_er_train,test,2024-08-30,0.013556385,1888,1887
ft_small_lr5e5_seed362559_er_train,test,2024-09-30,-0.01755537,1909,1908
ft_small_lr5e5_seed362559_er_train,test,2024-10-31,-0.0029684156,1917,1916
ft_small_lr5e5_seed362559_er_train,validation,2010-12-31,-0.028051581,1302,1301
ft_small_lr5e5_seed362559_er_train,validation,2011-01-31,0.025494995,1307,1306
ft_small_lr5e5_seed362559_er_train,validation,2011-02-28,0.030087259,1307,1306
ft_small_lr5e5_seed362559_er_train,validation,2011-03-31,0.0258192,1309,1308
ft_small_lr5e5_seed362559_er_train,validation,2011-04-29,0.015765037,1313,1312
ft_small_lr5e5_seed362559_er_train,validation,2011-05-31,0.043017633,1319,1318
ft_small_lr5e5_seed362559_er_train,validation,2011-06-30,-0.014676187,1323,1322
ft_small_lr5e5_seed362559_er_train,validation,2011-07-29,0.037911758,1325,1324
ft_small_lr5e5_seed362559_er_train,validation,2011-08-31,0.027379133,1325,1324
ft_small_lr5e5_seed362559_er_train,validation,2011-09-30,0.03614641,1326,1325
ft_small_lr5e5_seed362559_er_train,validation,2011-10-31,0.061311003,1323,1322
ft_small_lr5e5_seed362559_er_train,validation,2011-11-30,0.036039185,1322,1322
ft_small_lr5e5_seed362559_er_train,validation,2011-12-30,-0.08801725,1321,1320
ft_small_lr5e5_seed362559_er_train,validation,2012-01-31,-0.015039526,1325,1325
ft_small_lr5e5_seed362559_er_train,validation,2012-02-29,0.0089342045,1331,1330
ft_small_lr5e5_seed362559_er_train,validation,2012-03-30,0.013219786,1333,1332
ft_small_lr5e5_seed362559_er_train,validation,2012-04-30,-0.015158579,1337,1336
ft_small_lr5e5_seed362559_er_train,validation,2012-05-31,0.01106919,1338,1337
ft_small_lr5e5_seed362559_er_train,validation,2012-06-29,0.029073523,1334,1333
ft_small_lr5e5_seed362559_er_train,validation,2012-07-31,0.019723771,1334,1333
ft_small_lr5e5_seed362559_er_train,validation,2012-08-31,-0.0130780935,1328,1327
ft_small_lr5e5_seed362559_er_train,validation,2012-09-28,0.03985209,1322,1322
ft_small_lr5e5_seed362559_er_train,validation,2012-10-31,0.026156934,1319,1318
ft_small_lr5e5_seed362559_er_train,validation,2012-11-30,0.013395781,1318,1317
ft_small_lr5e5_seed362559_er_train,validation,2012-12-31,-0.0056892857,1317,1316
ft_small_lr5e5_seed362559_er_train,validation,2013-01-31,0.02287294,1315,1314
ft_small_lr5e5_seed362559_er_train,validation,2013-02-28,0.016489131,1315,1314
ft_small_lr5e5_seed362559_er_train,validation,2013-03-28,0.013612671,1311,1310
ft_small_lr5e5_seed362559_er_train,validation,2013-04-30,-0.003456995,1313,1312
ft_small_lr5e5_seed362559_er_train,validation,2013-05-31,0.020531427,1317,1316
ft_small_lr5e5_seed362559_er_train,validation,2013-06-28,-0.0023478568,1321,1320
ft_small_lr5e5_seed362559_er_train,validation,2013-07-31,-0.028388763,1326,1325
ft_small_lr5e5_seed362559_er_train,validation,2013-08-30,0.0113985315,1329,1329
ft_small_lr5e5_seed362559_er_train,validation,2013-09-30,0.038543426,1332,1331
ft_small_lr5e5_seed362559_er_train,validation,2013-10-31,0.016919756,1338,1337
ft_small_lr5e5_seed362559_er_train,validation,2013-11-29,-0.01155149,1343,1342
ft_small_lr5e5_seed362559_er_train,validation,2013-12-31,-0.10489698,1344,1343
ft_small_lr5e5_seed362559_er_train,validation,2014-01-31,0.0054826774,1350,1349
ft_small_lr5e5_seed362559_er_train,validation,2014-02-28,0.016158136,1354,1353
ft_small_lr5e5_seed362559_er_train,validation,2014-03-31,0.040834684,1359,1358
ft_small_lr5e5_seed362559_er_train,validation,2014-04-30,0.033244625,1363,1363
ft_small_lr5e5_seed362559_er_train,validation,2014-05-30,-0.030796152,1370,1369
ft_small_lr5e5_seed362559_er_train,validation,2014-06-30,0.021158423,1378,1377
ft_small_lr5e5_seed362559_er_train,validation,2014-07-31,0.019989239,1385,1384
ft_small_lr5e5_seed362559_er_train,validation,2014-08-29,0.008805186,1390,1389
ft_small_lr5e5_seed362559_er_train,validation,2014-09-30,0.06341641,1391,1390
ft_small_lr5e5_seed362559_er_train,validation,2014-10-31,0.03457167,1396,1395
ft_small_lr5e5_seed362559_er_train,validation,2014-11-28,0.0323871,1401,1400
ft_small_lr5e5_seed362559_er_train,validation,2014-12-31,-0.001230754,1399,1398
ft_small_lr5e5_seed362559_er_train,validation,2015-01-30,-0.035511997,1397,1396
ft_small_lr5e5_seed362559_er_train,validation,2015-02-27,0.05492778,1399,1399
ft_small_lr5e5_seed362559_er_train,validation,2015-03-31,-0.059660383,1400,1400
ft_small_lr5e5_seed362559_er_train,validation,2015-04-30,0.017445782,1406,1405
ft_small_lr5e5_seed362559_er_train,validation,2015-05-29,0.022693086,1410,1409
ft_small_lr5e5_seed362559_er_train,validation,2015-06-30,0.07767618,1417,1417
ft_small_lr5e5_seed362559_er_train,validation,2015-07-31,-0.008618258,1428,1428
ft_small_lr5e5_seed362559_er_train,validation,2015-08-31,0.06864532,1430,1429
ft_small_lr5e5_seed362559_er_train,validation,2015-09-30,0.00092867017,1430,1429
ft_small_lr5e5_seed362559_er_train,validation,2015-10-30,0.0007159915,1431,1430
ft_small_lr5e5_seed362559_er_train,validation,2015-11-30,0.041082494,1436,1435
ft_small_seed362559_classifier,test,2015-12-31,0.08723898,1435,1435
ft_small_seed362559_classifier,test,2016-01-29,0.00779278,1430,1429
ft_small_seed362559_classifier,test,2016-02-29,-0.07610209,1427,1426
ft_small_seed362559_classifier,test,2016-03-31,-0.09894443,1423,1423
ft_small_seed362559_classifier,test,2016-04-29,0.034714263,1422,1421
ft_small_seed362559_classifier,test,2016-05-31,0.012880742,1423,1423
ft_small_seed362559_classifier,test,2016-06-30,-0.04723295,1424,1423
ft_small_seed362559_classifier,test,2016-07-29,-0.027525261,1424,1423
ft_small_seed362559_classifier,test,2016-08-31,-0.036836736,1417,1416
ft_small_seed362559_classifier,test,2016-09-30,0.08069749,1418,1418
ft_small_seed362559_classifier,test,2016-10-31,-0.008717746,1422,1421
ft_small_seed362559_classifier,test,2016-11-30,0.043585636,1420,1419
ft_small_seed362559_classifier,test,2016-12-30,-0.03572821,1422,1421
ft_small_seed362559_classifier,test,2017-01-31,0.007925378,1426,1425
ft_small_seed362559_classifier,test,2017-02-28,5.211425e-05,1422,1421
ft_small_seed362559_classifier,test,2017-03-31,0.04259162,1422,1422
ft_small_seed362559_classifier,test,2017-04-28,0.050827302,1426,1425
ft_small_seed362559_classifier,test,2017-05-31,-0.027071508,1429,1428
ft_small_seed362559_classifier,test,2017-06-30,0.03965763,1430,1429
ft_small_seed362559_classifier,test,2017-07-31,0.028977623,1432,1431
ft_small_seed362559_classifier,test,2017-08-31,-0.0523174,1427,1426
ft_small_seed362559_classifier,test,2017-09-29,0.052705072,1424,1423
ft_small_seed362559_classifier,test,2017-10-31,-0.015099371,1431,1430
ft_small_seed362559_classifier,test,2017-11-30,-0.02130917,1442,1441
ft_small_seed362559_classifier,test,2017-12-29,0.0035283528,1441,1441
ft_small_seed362559_classifier,test,2018-01-31,0.0021438487,1449,1448
ft_small_seed362559_classifier,test,2018-02-28,-0.0022139135,1453,1452
ft_small_seed362559_classifier,test,2018-03-29,-0.014411295,1443,1442
ft_small_seed362559_classifier,test,2018-04-30,-0.03392317,1452,1451
ft_small_seed362559_classifier,test,2018-05-31,-0.0007783782,1454,1454
ft_small_seed362559_classifier,test,2018-06-29,0.04978063,1465,1464
ft_small_seed362559_classifier,test,2018-07-31,0.0008480605,1471,1471
ft_small_seed362559_classifier,test,2018-08-31,0.0057274736,1469,1468
ft_small_seed362559_classifier,test,2018-09-28,0.030284807,1475,1474
ft_small_seed362559_classifier,test,2018-10-31,0.0427352,1483,1482
ft_small_seed362559_classifier,test,2018-11-30,0.09519556,1483,1482
ft_small_seed362559_classifier,test,2018-12-31,-0.14802316,1482,1481
ft_small_seed362559_classifier,test,2019-01-31,-0.036962215,1482,1481
ft_small_seed362559_classifier,test,2019-02-28,0.009675298,1478,1478
ft_small_seed362559_classifier,test,2019-03-29,0.028204123,1478,1478
ft_small_seed362559_classifier,test,2019-04-30,0.078670256,1480,1479
ft_small_seed362559_classifier,test,2019-05-31,0.03908009,1492,1491
ft_small_seed362559_classifier,test,2019-06-28,0.05573825,1495,1494
ft_small_seed362559_classifier,test,2019-07-31,0.053253572,1499,1498
ft_small_seed362559_classifier,test,2019-08-30,0.021973794,1498,1497
ft_small_seed362559_classifier,test,2019-09-30,0.035802983,1500,1500
ft_small_seed362559_classifier,test,2019-10-31,-0.020660324,1501,1500
ft_small_seed362559_classifier,test,2019-11-29,-0.06719611,1501,1500
ft_small_seed362559_classifier,test,2019-12-31,-0.041159168,1500,1500
ft_small_seed362559_classifier,test,2020-01-31,-0.03734935,1502,1501
ft_small_seed362559_classifier,test,2020-02-28,0.051672325,1502,1501
ft_small_seed362559_classifier,test,2020-03-31,-0.18008706,1495,1495
ft_small_seed362559_classifier,test,2020-04-30,-0.07805464,1496,1496
ft_small_seed362559_classifier,test,2020-05-29,-0.108681686,1495,1494
ft_small_seed362559_classifier,test,2020-06-30,0.0074423067,1504,1503
ft_small_seed362559_classifier,test,2020-07-31,-0.00320079,1510,1509
ft_small_seed362559_classifier,test,2020-08-31,0.017737435,1515,1514
ft_small_seed362559_classifier,test,2020-09-30,0.0093696965,1526,1525
ft_small_seed362559_classifier,test,2020-10-30,-0.17922035,1541,1540
ft_small_seed362559_classifier,test,2020-11-30,-0.06892103,1555,1554
ft_small_seed362559_classifier,test,2020-12-31,-0.20389041,1575,1575
ft_small_seed362559_classifier,test,2021-01-29,-0.057740487,1593,1592
ft_small_seed362559_classifier,test,2021-02-26,0.056461204,1611,1611
ft_small_seed362559_classifier,test,2021-03-31,0.065110475,1643,1642
ft_small_seed362559_classifier,test,2021-04-30,0.051293805,1672,1672
ft_small_seed362559_classifier,test,2021-05-28,-0.080132,1696,1695
ft_small_seed362559_classifier,test,2021-06-30,0.11412919,1718,1717
ft_small_seed362559_classifier,test,2021-07-30,-0.00480495,1745,1744
ft_small_seed362559_classifier,test,2021-08-31,0.029461034,1756,1755
ft_small_seed362559_classifier,test,2021-09-30,0.05341052,1775,1774
ft_small_seed362559_classifier,test,2021-10-29,0.100528255,1794,1793
ft_small_seed362559_classifier,test,2021-11-30,0.13362116,1814,1813
ft_small_seed362559_classifier,test,2021-12-31,0.10209421,1838,1837
ft_small_seed362559_classifier,test,2022-01-31,0.026395436,1855,1854
ft_small_seed362559_classifier,test,2022-02-28,0.0033128355,1870,1869
ft_small_seed362559_classifier,test,2022-03-31,0.1554039,1877,1876
ft_small_seed362559_classifier,test,2022-04-29,0.10083973,1885,1884
ft_small_seed362559_classifier,test,2022-05-31,-0.018008448,1887,1886
ft_small_seed362559_classifier,test,2022-06-30,-0.012703747,1892,1891
ft_small_seed362559_classifier,test,2022-07-29,-0.030657005,1892,1891
ft_small_seed362559_classifier,test,2022-08-31,0.10531315,1894,1893
ft_small_seed362559_classifier,test,2022-09-30,0.08416162,1899,1899
ft_small_seed362559_classifier,test,2022-10-31,0.059986584,1897,1896
ft_small_seed362559_classifier,test,2022-11-30,0.05454582,1893,1893
ft_small_seed362559_classifier,test,2022-12-30,-0.23599465,1881,1880
ft_small_seed362559_classifier,test,2023-01-31,0.06222774,1876,1875
ft_small_seed362559_classifier,test,2023-02-28,0.08844022,1871,1870
ft_small_seed362559_classifier,test,2023-03-31,0.023276487,1865,1864
ft_small_seed362559_classifier,test,2023-04-28,-0.03490583,1860,1859
ft_small_seed362559_classifier,test,2023-05-31,0.023611728,1861,1860
ft_small_seed362559_classifier,test,2023-06-30,-0.031047173,1859,1858
ft_small_seed362559_classifier,test,2023-07-31,0.10044166,1853,1853
ft_small_seed362559_classifier,test,2023-08-31,0.071171865,1856,1855
ft_small_seed362559_classifier,test,2023-09-29,0.09130664,1864,1863
ft_small_seed362559_classifier,test,2023-10-31,-0.019394033,1867,1866
ft_small_seed362559_classifier,test,2023-11-30,-0.087096795,1866,1865
ft_small_seed362559_classifier,test,2023-12-29,0.04747712,1862,1861
ft_small_seed362559_classifier,test,2024-01-31,-0.036501095,1874,1873
ft_small_seed362559_classifier,test,2024-02-29,0.027568951,1866,1865
ft_small_seed362559_classifier,test,2024-03-28,0.04865377,1867,1866
ft_small_seed362559_classifier,test,2024-04-30,-0.0062540807,1869,1868
ft_small_seed362559_classifier,test,2024-05-31,0.06132872,1875,1874
ft_small_seed362559_classifier,test,2024-06-28,0.010112423,1881,1880
ft_small_seed362559_classifier,test,2024-07-31,0.08197568,1888,1887
ft_small_seed362559_classifier,test,2024-08-30,0.008806686,1888,1887
ft_small_seed362559_classifier,test,2024-09-30,-0.02001065,1909,1908
ft_small_seed362559_classifier,test,2024-10-31,-0.029348053,1917,1916
ft_small_seed362559_classifier,validation,2010-12-31,-0.031513937,1302,1301
ft_small_seed362559_classifier,validation,2011-01-31,0.010128036,1307,1306
ft_small_seed362559_classifier,validation,2011-02-28,0.02400469,1307,1306
ft_small_seed362559_classifier,validation,2011-03-31,0.026789624,1309,1308
ft_small_seed362559_classifier,validation,2011-04-29,0.024960857,1313,1312
ft_small_seed362559_classifier,validation,2011-05-31,0.047415156,1319,1318
ft_small_seed362559_classifier,validation,2011-06-30,-0.011965366,1323,1322
ft_small_seed362559_classifier,validation,2011-07-29,0.07434639,1325,1324
ft_small_seed362559_classifier,validation,2011-08-31,0.06686633,1325,1324
ft_small_seed362559_classifier,validation,2011-09-30,-0.010929443,1326,1325
ft_small_seed362559_classifier,validation,2011-10-31,0.073990844,1323,1322
ft_small_seed362559_classifier,validation,2011-11-30,0.047532644,1322,1322
ft_small_seed362559_classifier,validation,2011-12-30,-0.12273148,1321,1320
ft_small_seed362559_classifier,validation,2012-01-31,-0.03318602,1325,1325
ft_small_seed362559_classifier,validation,2012-02-29,-0.0059981057,1331,1330
ft_small_seed362559_classifier,validation,2012-03-30,0.02897631,1333,1332
ft_small_seed362559_classifier,validation,2012-04-30,0.024138153,1337,1336
ft_small_seed362559_classifier,validation,2012-05-31,0.0025513638,1338,1337
ft_small_seed362559_classifier,validation,2012-06-29,0.040122833,1334,1333
ft_small_seed362559_classifier,validation,2012-07-31,-0.0029239822,1334,1333
ft_small_seed362559_classifier,validation,2012-08-31,-0.025586545,1328,1327
ft_small_seed362559_classifier,validation,2012-09-28,0.040381227,1322,1322
ft_small_seed362559_classifier,validation,2012-10-31,0.020671882,1319,1318
ft_small_seed362559_classifier,validation,2012-11-30,-0.006348918,1318,1317
ft_small_seed362559_classifier,validation,2012-12-31,-0.021143176,1317,1316
ft_small_seed362559_classifier,validation,2013-01-31,0.02036666,1315,1314
ft_small_seed362559_classifier,validation,2013-02-28,0.007789746,1315,1314
ft_small_seed362559_classifier,validation,2013-03-28,0.020400794,1311,1310
ft_small_seed362559_classifier,validation,2013-04-30,-0.03118598,1313,1312
ft_small_seed362559_classifier,validation,2013-05-31,0.016557248,1317,1316
ft_small_seed362559_classifier,validation,2013-06-28,-0.017663203,1321,1320
ft_small_seed362559_classifier,validation,2013-07-31,-0.034021217,1326,1325
ft_small_seed362559_classifier,validation,2013-08-30,-0.0039132535,1329,1329
ft_small_seed362559_classifier,validation,2013-09-30,0.038770083,1332,1331
ft_small_seed362559_classifier,validation,2013-10-31,0.005144149,1338,1337
ft_small_seed362559_classifier,validation,2013-11-29,-0.019774482,1343,1342
ft_small_seed362559_classifier,validation,2013-12-31,-0.10891408,1344,1343
ft_small_seed362559_classifier,validation,2014-01-31,-0.01006281,1350,1349
ft_small_seed362559_classifier,validation,2014-02-28,0.030471347,1354,1353
ft_small_seed362559_classifier,validation,2014-03-31,0.061131604,1359,1358
ft_small_seed362559_classifier,validation,2014-04-30,0.039549146,1363,1363
ft_small_seed362559_classifier,validation,2014-05-30,-0.032509502,1370,1369
ft_small_seed362559_classifier,validation,2014-06-30,0.027474485,1378,1377
ft_small_seed362559_classifier,validation,2014-07-31,0.012193706,1385,1384
ft_small_seed362559_classifier,validation,2014-08-29,0.022583537,1390,1389
ft_small_seed362559_classifier,validation,2014-09-30,0.06479782,1391,1390
ft_small_seed362559_classifier,validation,2014-10-31,0.041577265,1396,1395
ft_small_seed362559_classifier,validation,2014-11-28,0.02301585,1401,1400
ft_small_seed362559_classifier,validation,2014-12-31,0.0060277246,1399,1398
ft_small_seed362559_classifier,validation,2015-01-30,-0.045086928,1397,1396
ft_small_seed362559_classifier,validation,2015-02-27,0.049858637,1399,1399
ft_small_seed362559_classifier,validation,2015-03-31,-0.058630697,1400,1400
ft_small_seed362559_classifier,validation,2015-04-30,0.013235906,1406,1405
ft_small_seed362559_classifier,validation,2015-05-29,0.016353752,1410,1409
ft_small_seed362559_classifier,validation,2015-06-30,0.096960165,1417,1417
ft_small_seed362559_classifier,validation,2015-07-31,-0.004198935,1428,1428
ft_small_seed362559_classifier,validation,2015-08-31,0.08608614,1430,1429
ft_small_seed362559_classifier,validation,2015-09-30,0.00064476207,1430,1429
ft_small_seed362559_classifier,validation,2015-10-30,0.0003871899,1431,1430
ft_small_seed362559_classifier,validation,2015-11-30,0.051904805,1436,1435
ft_small_seed362559_er_train,test,2015-12-31,0.06912764,1435,1435
ft_small_seed362559_er_train,test,2016-01-29,0.0078111733,1430,1429
ft_small_seed362559_er_train,test,2016-02-29,-0.06751706,1427,1426
ft_small_seed362559_er_train,test,2016-03-31,-0.09313564,1423,1423
ft_small_seed362559_er_train,test,2016-04-29,0.029447112,1422,1421
ft_small_seed362559_er_train,test,2016-05-31,0.009892215,1423,1423
ft_small_seed362559_er_train,test,2016-06-30,-0.023998167,1424,1423
ft_small_seed362559_er_train,test,2016-07-29,-0.02857515,1424,1423
ft_small_seed362559_er_train,test,2016-08-31,-0.022994958,1417,1416
ft_small_seed362559_er_train,test,2016-09-30,0.06594996,1418,1418
ft_small_seed362559_er_train,test,2016-10-31,0.048553538,1422,1421
ft_small_seed362559_er_train,test,2016-11-30,0.045241773,1420,1419
ft_small_seed362559_er_train,test,2016-12-30,-0.034793556,1422,1421
ft_small_seed362559_er_train,test,2017-01-31,0.0038197413,1426,1425
ft_small_seed362559_er_train,test,2017-02-28,-0.0020490896,1422,1421
ft_small_seed362559_er_train,test,2017-03-31,0.03985106,1422,1422
ft_small_seed362559_er_train,test,2017-04-28,0.042895086,1426,1425
ft_small_seed362559_er_train,test,2017-05-31,-0.016121387,1429,1428
ft_small_seed362559_er_train,test,2017-06-30,0.033168085,1430,1429
ft_small_seed362559_er_train,test,2017-07-31,0.027119508,1432,1431
ft_small_seed362559_er_train,test,2017-08-31,-0.030077111,1427,1426
ft_small_seed362559_er_train,test,2017-09-29,0.053931892,1424,1423
ft_small_seed362559_er_train,test,2017-10-31,-0.007284697,1431,1430
ft_small_seed362559_er_train,test,2017-11-30,-0.022062555,1442,1441
ft_small_seed362559_er_train,test,2017-12-29,0.005584147,1441,1441
ft_small_seed362559_er_train,test,2018-01-31,-6.9364905e-06,1449,1448
ft_small_seed362559_er_train,test,2018-02-28,0.0024899575,1453,1452
ft_small_seed362559_er_train,test,2018-03-29,-0.011052256,1443,1442
ft_small_seed362559_er_train,test,2018-04-30,-0.022681512,1452,1451
ft_small_seed362559_er_train,test,2018-05-31,0.00017974759,1454,1454
ft_small_seed362559_er_train,test,2018-06-29,0.04409066,1465,1464
ft_small_seed362559_er_train,test,2018-07-31,0.015173985,1471,1471
ft_small_seed362559_er_train,test,2018-08-31,0.0044287546,1469,1468
ft_small_seed362559_er_train,test,2018-09-28,0.006677635,1475,1474
ft_small_seed362559_er_train,test,2018-10-31,0.029950839,1483,1482
ft_small_seed362559_er_train,test,2018-11-30,0.06967176,1483,1482
ft_small_seed362559_er_train,test,2018-12-31,-0.12540829,1482,1481
ft_small_seed362559_er_train,test,2019-01-31,-0.024772748,1482,1481
ft_small_seed362559_er_train,test,2019-02-28,-0.01336348,1478,1478
ft_small_seed362559_er_train,test,2019-03-29,0.042747334,1478,1478
ft_small_seed362559_er_train,test,2019-04-30,0.036416724,1480,1479
ft_small_seed362559_er_train,test,2019-05-31,0.056663774,1492,1491
ft_small_seed362559_er_train,test,2019-06-28,0.0549112,1495,1494
ft_small_seed362559_er_train,test,2019-07-31,0.028232567,1499,1498
ft_small_seed362559_er_train,test,2019-08-30,0.02215232,1498,1497
ft_small_seed362559_er_train,test,2019-09-30,0.043496322,1500,1500
ft_small_seed362559_er_train,test,2019-10-31,-0.0033136383,1501,1500
ft_small_seed362559_er_train,test,2019-11-29,-0.055643566,1501,1500
ft_small_seed362559_er_train,test,2019-12-31,-0.055242423,1500,1500
ft_small_seed362559_er_train,test,2020-01-31,-0.047461025,1502,1501
ft_small_seed362559_er_train,test,2020-02-28,0.0044463724,1502,1501
ft_small_seed362559_er_train,test,2020-03-31,-0.120953426,1495,1495
ft_small_seed362559_er_train,test,2020-04-30,-0.06417939,1496,1496
ft_small_seed362559_er_train,test,2020-05-29,-0.10488132,1495,1494
ft_small_seed362559_er_train,test,2020-06-30,0.021192484,1504,1503
ft_small_seed362559_er_train,test,2020-07-31,0.013545301,1510,1509
ft_small_seed362559_er_train,test,2020-08-31,0.020443147,1515,1514
ft_small_seed362559_er_train,test,2020-09-30,0.019650763,1526,1525
ft_small_seed362559_er_train,test,2020-10-30,-0.12094481,1541,1540
ft_small_seed362559_er_train,test,2020-11-30,-0.038257927,1555,1554
ft_small_seed362559_er_train,test,2020-12-31,-0.13910922,1575,1575
ft_small_seed362559_er_train,test,2021-01-29,0.0011062175,1593,1592
ft_small_seed362559_er_train,test,2021-02-26,0.07561772,1611,1611
ft_small_seed362559_er_train,test,2021-03-31,0.06797882,1643,1642
ft_small_seed362559_er_train,test,2021-04-30,0.062178902,1672,1672
ft_small_seed362559_er_train,test,2021-05-28,-0.0664957,1696,1695
ft_small_seed362559_er_train,test,2021-06-30,0.096457586,1718,1717
ft_small_seed362559_er_train,test,2021-07-30,0.0017558374,1745,1744
ft_small_seed362559_er_train,test,2021-08-31,0.037297335,1756,1755
ft_small_seed362559_er_train,test,2021-09-30,0.061744273,1775,1774
ft_small_seed362559_er_train,test,2021-10-29,0.09127298,1794,1793
ft_small_seed362559_er_train,test,2021-11-30,0.13825673,1814,1813
ft_small_seed362559_er_train,test,2021-12-31,0.0920936,1838,1837
ft_small_seed362559_er_train,test,2022-01-31,0.0387229,1855,1854
ft_small_seed362559_er_train,test,2022-02-28,0.0010396224,1870,1869
ft_small_seed362559_er_train,test,2022-03-31,0.14851224,1877,1876
ft_small_seed362559_er_train,test,2022-04-29,0.10331989,1885,1884
ft_small_seed362559_er_train,test,2022-05-31,-0.030322295,1887,1886
ft_small_seed362559_er_train,test,2022-06-30,0.008045107,1892,1891
ft_small_seed362559_er_train,test,2022-07-29,-0.033732504,1892,1891
ft_small_seed362559_er_train,test,2022-08-31,0.07311041,1894,1893
ft_small_seed362559_er_train,test,2022-09-30,0.113470316,1899,1899
ft_small_seed362559_er_train,test,2022-10-31,0.06816682,1897,1896
ft_small_seed362559_er_train,test,2022-11-30,0.037365302,1893,1893
ft_small_seed362559_er_train,test,2022-12-30,-0.2120865,1881,1880
ft_small_seed362559_er_train,test,2023-01-31,0.06589083,1876,1875
ft_small_seed362559_er_train,test,2023-02-28,0.07676249,1871,1870
ft_small_seed362559_er_train,test,2023-03-31,0.014827759,1865,1864
ft_small_seed362559_er_train,test,2023-04-28,-0.036328647,1860,1859
ft_small_seed362559_er_train,test,2023-05-31,0.047215197,1861,1860
ft_small_seed362559_er_train,test,2023-06-30,-0.015698437,1859,1858
ft_small_seed362559_er_train,test,2023-07-31,0.08266531,1853,1853
ft_small_seed362559_er_train,test,2023-08-31,0.057068065,1856,1855
ft_small_seed362559_er_train,test,2023-09-29,0.076283544,1864,1863
ft_small_seed362559_er_train,test,2023-10-31,0.005712211,1867,1866
ft_small_seed362559_er_train,test,2023-11-30,-0.04990463,1866,1865
ft_small_seed362559_er_train,test,2023-12-29,0.031474207,1862,1861
ft_small_seed362559_er_train,test,2024-01-31,-0.020261422,1874,1873
ft_small_seed362559_er_train,test,2024-02-29,0.03796396,1866,1865
ft_small_seed362559_er_train,test,2024-03-28,0.032300465,1867,1866
ft_small_seed362559_er_train,test,2024-04-30,-0.00084797293,1869,1868
ft_small_seed362559_er_train,test,2024-05-31,0.049062423,1875,1874
ft_small_seed362559_er_train,test,2024-06-28,0.031736087,1881,1880
ft_small_seed362559_er_train,test,2024-07-31,0.07910691,1888,1887
ft_small_seed362559_er_train,test,2024-08-30,0.01440094,1888,1887
ft_small_seed362559_er_train,test,2024-09-30,-0.019696094,1909,1908
ft_small_seed362559_er_train,test,2024-10-31,-0.0052022114,1917,1916
ft_small_seed362559_er_train,validation,2010-12-31,-0.029266007,1302,1301
ft_small_seed362559_er_train,validation,2011-01-31,0.02623473,1307,1306
ft_small_seed362559_er_train,validation,2011-02-28,0.029941916,1307,1306
ft_small_seed362559_er_train,validation,2011-03-31,0.023960853,1309,1308
ft_small_seed362559_er_train,validation,2011-04-29,0.018287813,1313,1312
ft_small_seed362559_er_train,validation,2011-05-31,0.045813277,1319,1318
ft_small_seed362559_er_train,validation,2011-06-30,-0.015284594,1323,1322
ft_small_seed362559_er_train,validation,2011-07-29,0.043596342,1325,1324
ft_small_seed362559_er_train,validation,2011-08-31,0.032073133,1325,1324
ft_small_seed362559_er_train,validation,2011-09-30,0.024756968,1326,1325
ft_small_seed362559_er_train,validation,2011-10-31,0.063429765,1323,1322
ft_small_seed362559_er_train,validation,2011-11-30,0.037437223,1322,1322
ft_small_seed362559_er_train,validation,2011-12-30,-0.091704816,1321,1320
ft_small_seed362559_er_train,validation,2012-01-31,-0.017692454,1325,1325
ft_small_seed362559_er_train,validation,2012-02-29,0.009608415,1331,1330
ft_small_seed362559_er_train,validation,2012-03-30,0.013803515,1333,1332
ft_small_seed362559_er_train,validation,2012-04-30,-0.006252043,1337,1336
ft_small_seed362559_er_train,validation,2012-05-31,0.011721784,1338,1337
ft_small_seed362559_er_train,validation,2012-06-29,0.029258633,1334,1333
ft_small_seed362559_er_train,validation,2012-07-31,0.019265264,1334,1333
ft_small_seed362559_er_train,validation,2012-08-31,-0.016021047,1328,1327
ft_small_seed362559_er_train,validation,2012-09-28,0.040415503,1322,1322
ft_small_seed362559_er_train,validation,2012-10-31,0.025834773,1319,1318
ft_small_seed362559_er_train,validation,2012-11-30,0.011943273,1318,1317
ft_small_seed362559_er_train,validation,2012-12-31,-0.011829063,1317,1316
ft_small_seed362559_er_train,validation,2013-01-31,0.023379516,1315,1314
ft_small_seed362559_er_train,validation,2013-02-28,0.014443425,1315,1314
ft_small_seed362559_er_train,validation,2013-03-28,0.015504809,1311,1310
ft_small_seed362559_er_train,validation,2013-04-30,-0.008669581,1313,1312
ft_small_seed362559_er_train,validation,2013-05-31,0.018550972,1317,1316
ft_small_seed362559_er_train,validation,2013-06-28,-0.007072076,1321,1320
ft_small_seed362559_er_train,validation,2013-07-31,-0.028915392,1326,1325
ft_small_seed362559_er_train,validation,2013-08-30,0.008092474,1329,1329
ft_small_seed362559_er_train,validation,2013-09-30,0.03795106,1332,1331
ft_small_seed362559_er_train,validation,2013-10-31,0.011478398,1338,1337
ft_small_seed362559_er_train,validation,2013-11-29,-0.013618793,1343,1342
ft_small_seed362559_er_train,validation,2013-12-31,-0.10633459,1344,1343
ft_small_seed362559_er_train,validation,2014-01-31,0.0006230213,1350,1349
ft_small_seed362559_er_train,validation,2014-02-28,0.018145636,1354,1353
ft_small_seed362559_er_train,validation,2014-03-31,0.050865643,1359,1358
ft_small_seed362559_er_train,validation,2014-04-30,0.036565933,1363,1363
ft_small_seed362559_er_train,validation,2014-05-30,-0.03174992,1370,1369
ft_small_seed362559_er_train,validation,2014-06-30,0.022809356,1378,1377
ft_small_seed362559_er_train,validation,2014-07-31,0.01766155,1385,1384
ft_small_seed362559_er_train,validation,2014-08-29,0.013750885,1390,1389
ft_small_seed362559_er_train,validation,2014-09-30,0.06571551,1391,1390
ft_small_seed362559_er_train,validation,2014-10-31,0.034596138,1396,1395
ft_small_seed362559_er_train,validation,2014-11-28,0.027561758,1401,1400
ft_small_seed362559_er_train,validation,2014-12-31,0.00036034174,1399,1398
ft_small_seed362559_er_train,validation,2015-01-30,-0.03734457,1397,1396
ft_small_seed362559_er_train,validation,2015-02-27,0.053801738,1399,1399
ft_small_seed362559_er_train,validation,2015-03-31,-0.058605764,1400,1400
ft_small_seed362559_er_train,validation,2015-04-30,0.014379902,1406,1405
ft_small_seed362559_er_train,validation,2015-05-29,0.023666505,1410,1409
ft_small_seed362559_er_train,validation,2015-06-30,0.082714036,1417,1417
ft_small_seed362559_er_train,validation,2015-07-31,-0.00626133,1428,1428
ft_small_seed362559_er_train,validation,2015-08-31,0.072130725,1430,1429
ft_small_seed362559_er_train,validation,2015-09-30,0.0014406629,1430,1429
ft_small_seed362559_er_train,validation,2015-10-30,0.0019619642,1431,1430
ft_small_seed362559_er_train,validation,2015-11-30,0.040174976,1436,1435
ft_transformer_classifier,test,2015-12-31,0.08723898,1435,1435
ft_transformer_classifier,test,2016-01-29,0.00779278,1430,1429
ft_transformer_classifier,test,2016-02-29,-0.07610209,1427,1426
ft_transformer_classifier,test,2016-03-31,-0.09894443,1423,1423
ft_transformer_classifier,test,2016-04-29,0.034714263,1422,1421
ft_transformer_classifier,test,2016-05-31,0.012880742,1423,1423
ft_transformer_classifier,test,2016-06-30,-0.04723295,1424,1423
ft_transformer_classifier,test,2016-07-29,-0.027525261,1424,1423
ft_transformer_classifier,test,2016-08-31,-0.036836736,1417,1416
ft_transformer_classifier,test,2016-09-30,0.08069749,1418,1418
ft_transformer_classifier,test,2016-10-31,-0.008717746,1422,1421
ft_transformer_classifier,test,2016-11-30,0.043585636,1420,1419
ft_transformer_classifier,test,2016-12-30,-0.03572821,1422,1421
ft_transformer_classifier,test,2017-01-31,0.007925378,1426,1425
ft_transformer_classifier,test,2017-02-28,5.211425e-05,1422,1421
ft_transformer_classifier,test,2017-03-31,0.04259162,1422,1422
ft_transformer_classifier,test,2017-04-28,0.050827302,1426,1425
ft_transformer_classifier,test,2017-05-31,-0.027071508,1429,1428
ft_transformer_classifier,test,2017-06-30,0.03965763,1430,1429
ft_transformer_classifier,test,2017-07-31,0.028977623,1432,1431
ft_transformer_classifier,test,2017-08-31,-0.0523174,1427,1426
ft_transformer_classifier,test,2017-09-29,0.052705072,1424,1423
ft_transformer_classifier,test,2017-10-31,-0.015099371,1431,1430
ft_transformer_classifier,test,2017-11-30,-0.02130917,1442,1441
ft_transformer_classifier,test,2017-12-29,0.0035283528,1441,1441
ft_transformer_classifier,test,2018-01-31,0.0021438487,1449,1448
ft_transformer_classifier,test,2018-02-28,-0.0022139135,1453,1452
ft_transformer_classifier,test,2018-03-29,-0.014411295,1443,1442
ft_transformer_classifier,test,2018-04-30,-0.03392317,1452,1451
ft_transformer_classifier,test,2018-05-31,-0.0007783782,1454,1454
ft_transformer_classifier,test,2018-06-29,0.04978063,1465,1464
ft_transformer_classifier,test,2018-07-31,0.0008480605,1471,1471
ft_transformer_classifier,test,2018-08-31,0.0057274736,1469,1468
ft_transformer_classifier,test,2018-09-28,0.030284807,1475,1474
ft_transformer_classifier,test,2018-10-31,0.0427352,1483,1482
ft_transformer_classifier,test,2018-11-30,0.09519556,1483,1482
ft_transformer_classifier,test,2018-12-31,-0.14802316,1482,1481
ft_transformer_classifier,test,2019-01-31,-0.036962215,1482,1481
ft_transformer_classifier,test,2019-02-28,0.009675298,1478,1478
ft_transformer_classifier,test,2019-03-29,0.028204123,1478,1478
ft_transformer_classifier,test,2019-04-30,0.078670256,1480,1479
ft_transformer_classifier,test,2019-05-31,0.03908009,1492,1491
ft_transformer_classifier,test,2019-06-28,0.05573825,1495,1494
ft_transformer_classifier,test,2019-07-31,0.053253572,1499,1498
ft_transformer_classifier,test,2019-08-30,0.021973794,1498,1497
ft_transformer_classifier,test,2019-09-30,0.035802983,1500,1500
ft_transformer_classifier,test,2019-10-31,-0.020660324,1501,1500
ft_transformer_classifier,test,2019-11-29,-0.06719611,1501,1500
ft_transformer_classifier,test,2019-12-31,-0.041159168,1500,1500
ft_transformer_classifier,test,2020-01-31,-0.03734935,1502,1501
ft_transformer_classifier,test,2020-02-28,0.051672325,1502,1501
ft_transformer_classifier,test,2020-03-31,-0.18008706,1495,1495
ft_transformer_classifier,test,2020-04-30,-0.07805464,1496,1496
ft_transformer_classifier,test,2020-05-29,-0.108681686,1495,1494
ft_transformer_classifier,test,2020-06-30,0.0074423067,1504,1503
ft_transformer_classifier,test,2020-07-31,-0.00320079,1510,1509
ft_transformer_classifier,test,2020-08-31,0.017737435,1515,1514
ft_transformer_classifier,test,2020-09-30,0.0093696965,1526,1525
ft_transformer_classifier,test,2020-10-30,-0.17922035,1541,1540
ft_transformer_classifier,test,2020-11-30,-0.06892103,1555,1554
ft_transformer_classifier,test,2020-12-31,-0.20389041,1575,1575
ft_transformer_classifier,test,2021-01-29,-0.057740487,1593,1592
ft_transformer_classifier,test,2021-02-26,0.056461204,1611,1611
ft_transformer_classifier,test,2021-03-31,0.065110475,1643,1642
ft_transformer_classifier,test,2021-04-30,0.051293805,1672,1672
ft_transformer_classifier,test,2021-05-28,-0.080132,1696,1695
ft_transformer_classifier,test,2021-06-30,0.11412919,1718,1717
ft_transformer_classifier,test,2021-07-30,-0.00480495,1745,1744
ft_transformer_classifier,test,2021-08-31,0.029461034,1756,1755
ft_transformer_classifier,test,2021-09-30,0.05341052,1775,1774
ft_transformer_classifier,test,2021-10-29,0.100528255,1794,1793
ft_transformer_classifier,test,2021-11-30,0.13362116,1814,1813
ft_transformer_classifier,test,2021-12-31,0.10209421,1838,1837
ft_transformer_classifier,test,2022-01-31,0.026395436,1855,1854
ft_transformer_classifier,test,2022-02-28,0.0033128355,1870,1869
ft_transformer_classifier,test,2022-03-31,0.1554039,1877,1876
ft_transformer_classifier,test,2022-04-29,0.10083973,1885,1884
ft_transformer_classifier,test,2022-05-31,-0.018008448,1887,1886
ft_transformer_classifier,test,2022-06-30,-0.012703747,1892,1891
ft_transformer_classifier,test,2022-07-29,-0.030657005,1892,1891
ft_transformer_classifier,test,2022-08-31,0.10531315,1894,1893
ft_transformer_classifier,test,2022-09-30,0.08416162,1899,1899
ft_transformer_classifier,test,2022-10-31,0.059986584,1897,1896
ft_transformer_classifier,test,2022-11-30,0.05454582,1893,1893
ft_transformer_classifier,test,2022-12-30,-0.23599465,1881,1880
ft_transformer_classifier,test,2023-01-31,0.06222774,1876,1875
ft_transformer_classifier,test,2023-02-28,0.08844022,1871,1870
ft_transformer_classifier,test,2023-03-31,0.023276487,1865,1864
ft_transformer_classifier,test,2023-04-28,-0.03490583,1860,1859
ft_transformer_classifier,test,2023-05-31,0.023611728,1861,1860
ft_transformer_classifier,test,2023-06-30,-0.031047173,1859,1858
ft_transformer_classifier,test,2023-07-31,0.10044166,1853,1853
ft_transformer_classifier,test,2023-08-31,0.071171865,1856,1855
ft_transformer_classifier,test,2023-09-29,0.09130664,1864,1863
ft_transformer_classifier,test,2023-10-31,-0.019394033,1867,1866
ft_transformer_classifier,test,2023-11-30,-0.087096795,1866,1865
ft_transformer_classifier,test,2023-12-29,0.04747712,1862,1861
ft_transformer_classifier,test,2024-01-31,-0.036501095,1874,1873
ft_transformer_classifier,test,2024-02-29,0.027568951,1866,1865
ft_transformer_classifier,test,2024-03-28,0.04865377,1867,1866
ft_transformer_classifier,test,2024-04-30,-0.0062540807,1869,1868
ft_transformer_classifier,test,2024-05-31,0.06132872,1875,1874
ft_transformer_classifier,test,2024-06-28,0.010112423,1881,1880
ft_transformer_classifier,test,2024-07-31,0.08197568,1888,1887
ft_transformer_classifier,test,2024-08-30,0.008806686,1888,1887
ft_transformer_classifier,test,2024-09-30,-0.02001065,1909,1908
ft_transformer_classifier,test,2024-10-31,-0.029348053,1917,1916
ft_transformer_classifier,validation,2010-12-31,-0.031513937,1302,1301
ft_transformer_classifier,validation,2011-01-31,0.010128036,1307,1306
ft_transformer_classifier,validation,2011-02-28,0.02400469,1307,1306
ft_transformer_classifier,validation,2011-03-31,0.026789624,1309,1308
ft_transformer_classifier,validation,2011-04-29,0.024960857,1313,1312
ft_transformer_classifier,validation,2011-05-31,0.047415156,1319,1318
ft_transformer_classifier,validation,2011-06-30,-0.011965366,1323,1322
ft_transformer_classifier,validation,2011-07-29,0.07434639,1325,1324
ft_transformer_classifier,validation,2011-08-31,0.06686633,1325,1324
ft_transformer_classifier,validation,2011-09-30,-0.010929443,1326,1325
ft_transformer_classifier,validation,2011-10-31,0.073990844,1323,1322
ft_transformer_classifier,validation,2011-11-30,0.047532644,1322,1322
ft_transformer_classifier,validation,2011-12-30,-0.12273148,1321,1320
ft_transformer_classifier,validation,2012-01-31,-0.03318602,1325,1325
ft_transformer_classifier,validation,2012-02-29,-0.0059981057,1331,1330
ft_transformer_classifier,validation,2012-03-30,0.02897631,1333,1332
ft_transformer_classifier,validation,2012-04-30,0.024138153,1337,1336
ft_transformer_classifier,validation,2012-05-31,0.0025513638,1338,1337
ft_transformer_classifier,validation,2012-06-29,0.040122833,1334,1333
ft_transformer_classifier,validation,2012-07-31,-0.0029239822,1334,1333
ft_transformer_classifier,validation,2012-08-31,-0.025586545,1328,1327
ft_transformer_classifier,validation,2012-09-28,0.040381227,1322,1322
ft_transformer_classifier,validation,2012-10-31,0.020671882,1319,1318
ft_transformer_classifier,validation,2012-11-30,-0.006348918,1318,1317
ft_transformer_classifier,validation,2012-12-31,-0.021143176,1317,1316
ft_transformer_classifier,validation,2013-01-31,0.02036666,1315,1314
ft_transformer_classifier,validation,2013-02-28,0.007789746,1315,1314
ft_transformer_classifier,validation,2013-03-28,0.020400794,1311,1310
ft_transformer_classifier,validation,2013-04-30,-0.03118598,1313,1312
ft_transformer_classifier,validation,2013-05-31,0.016557248,1317,1316
ft_transformer_classifier,validation,2013-06-28,-0.017663203,1321,1320
ft_transformer_classifier,validation,2013-07-31,-0.034021217,1326,1325
ft_transformer_classifier,validation,2013-08-30,-0.0039132535,1329,1329
ft_transformer_classifier,validation,2013-09-30,0.038770083,1332,1331
ft_transformer_classifier,validation,2013-10-31,0.005144149,1338,1337
ft_transformer_classifier,validation,2013-11-29,-0.019774482,1343,1342
ft_transformer_classifier,validation,2013-12-31,-0.10891408,1344,1343
ft_transformer_classifier,validation,2014-01-31,-0.01006281,1350,1349
ft_transformer_classifier,validation,2014-02-28,0.030471347,1354,1353
ft_transformer_classifier,validation,2014-03-31,0.061131604,1359,1358
ft_transformer_classifier,validation,2014-04-30,0.039549146,1363,1363
ft_transformer_classifier,validation,2014-05-30,-0.032509502,1370,1369
ft_transformer_classifier,validation,2014-06-30,0.027474485,1378,1377
ft_transformer_classifier,validation,2014-07-31,0.012193706,1385,1384
ft_transformer_classifier,validation,2014-08-29,0.022583537,1390,1389
ft_transformer_classifier,validation,2014-09-30,0.06479782,1391,1390
ft_transformer_classifier,validation,2014-10-31,0.041577265,1396,1395
ft_transformer_classifier,validation,2014-11-28,0.02301585,1401,1400
ft_transformer_classifier,validation,2014-12-31,0.0060277246,1399,1398
ft_transformer_classifier,validation,2015-01-30,-0.045086928,1397,1396
ft_transformer_classifier,validation,2015-02-27,0.049858637,1399,1399
ft_transformer_classifier,validation,2015-03-31,-0.058630697,1400,1400
ft_transformer_classifier,validation,2015-04-30,0.013235906,1406,1405
ft_transformer_classifier,validation,2015-05-29,0.016353752,1410,1409
ft_transformer_classifier,validation,2015-06-30,0.096960165,1417,1417
ft_transformer_classifier,validation,2015-07-31,-0.004198935,1428,1428
ft_transformer_classifier,validation,2015-08-31,0.08608614,1430,1429
ft_transformer_classifier,validation,2015-09-30,0.00064476207,1430,1429
ft_transformer_classifier,validation,2015-10-30,0.0003871899,1431,1430
ft_transformer_classifier,validation,2015-11-30,0.051904805,1436,1435
ft_transformer_er_train,test,2015-12-31,0.06912764,1435,1435
ft_transformer_er_train,test,2016-01-29,0.0078111733,1430,1429
ft_transformer_er_train,test,2016-02-29,-0.06751706,1427,1426
ft_transformer_er_train,test,2016-03-31,-0.09313564,1423,1423
ft_transformer_er_train,test,2016-04-29,0.029447112,1422,1421
ft_transformer_er_train,test,2016-05-31,0.009892215,1423,1423
ft_transformer_er_train,test,2016-06-30,-0.023998167,1424,1423
ft_transformer_er_train,test,2016-07-29,-0.02857515,1424,1423
ft_transformer_er_train,test,2016-08-31,-0.022994958,1417,1416
ft_transformer_er_train,test,2016-09-30,0.06594996,1418,1418
ft_transformer_er_train,test,2016-10-31,0.048553538,1422,1421
ft_transformer_er_train,test,2016-11-30,0.045241773,1420,1419
ft_transformer_er_train,test,2016-12-30,-0.034793556,1422,1421
ft_transformer_er_train,test,2017-01-31,0.0038197413,1426,1425
ft_transformer_er_train,test,2017-02-28,-0.0020490896,1422,1421
ft_transformer_er_train,test,2017-03-31,0.03985106,1422,1422
ft_transformer_er_train,test,2017-04-28,0.042895086,1426,1425
ft_transformer_er_train,test,2017-05-31,-0.016121387,1429,1428
ft_transformer_er_train,test,2017-06-30,0.033168085,1430,1429
ft_transformer_er_train,test,2017-07-31,0.027119508,1432,1431
ft_transformer_er_train,test,2017-08-31,-0.030077111,1427,1426
ft_transformer_er_train,test,2017-09-29,0.053931892,1424,1423
ft_transformer_er_train,test,2017-10-31,-0.007284697,1431,1430
ft_transformer_er_train,test,2017-11-30,-0.022062555,1442,1441
ft_transformer_er_train,test,2017-12-29,0.005584147,1441,1441
ft_transformer_er_train,test,2018-01-31,-6.9364905e-06,1449,1448
ft_transformer_er_train,test,2018-02-28,0.0024899575,1453,1452
ft_transformer_er_train,test,2018-03-29,-0.011052256,1443,1442
ft_transformer_er_train,test,2018-04-30,-0.022681512,1452,1451
ft_transformer_er_train,test,2018-05-31,0.00017974759,1454,1454
ft_transformer_er_train,test,2018-06-29,0.04409066,1465,1464
ft_transformer_er_train,test,2018-07-31,0.015173985,1471,1471
ft_transformer_er_train,test,2018-08-31,0.0044287546,1469,1468
ft_transformer_er_train,test,2018-09-28,0.006677635,1475,1474
ft_transformer_er_train,test,2018-10-31,0.029950839,1483,1482
ft_transformer_er_train,test,2018-11-30,0.06967176,1483,1482
ft_transformer_er_train,test,2018-12-31,-0.12540829,1482,1481
ft_transformer_er_train,test,2019-01-31,-0.024772748,1482,1481
ft_transformer_er_train,test,2019-02-28,-0.01336348,1478,1478
ft_transformer_er_train,test,2019-03-29,0.042747334,1478,1478
ft_transformer_er_train,test,2019-04-30,0.036416724,1480,1479
ft_transformer_er_train,test,2019-05-31,0.056663774,1492,1491
ft_transformer_er_train,test,2019-06-28,0.0549112,1495,1494
ft_transformer_er_train,test,2019-07-31,0.028232567,1499,1498
ft_transformer_er_train,test,2019-08-30,0.02215232,1498,1497
ft_transformer_er_train,test,2019-09-30,0.043496322,1500,1500
ft_transformer_er_train,test,2019-10-31,-0.0033136383,1501,1500
ft_transformer_er_train,test,2019-11-29,-0.055643566,1501,1500
ft_transformer_er_train,test,2019-12-31,-0.055242423,1500,1500
ft_transformer_er_train,test,2020-01-31,-0.047461025,1502,1501
ft_transformer_er_train,test,2020-02-28,0.0044463724,1502,1501
ft_transformer_er_train,test,2020-03-31,-0.120953426,1495,1495
ft_transformer_er_train,test,2020-04-30,-0.06417939,1496,1496
ft_transformer_er_train,test,2020-05-29,-0.10488132,1495,1494
ft_transformer_er_train,test,2020-06-30,0.021192484,1504,1503
ft_transformer_er_train,test,2020-07-31,0.013545301,1510,1509
ft_transformer_er_train,test,2020-08-31,0.020443147,1515,1514
ft_transformer_er_train,test,2020-09-30,0.019650763,1526,1525
ft_transformer_er_train,test,2020-10-30,-0.12094481,1541,1540
ft_transformer_er_train,test,2020-11-30,-0.038257927,1555,1554
ft_transformer_er_train,test,2020-12-31,-0.13910922,1575,1575
ft_transformer_er_train,test,2021-01-29,0.0011062175,1593,1592
ft_transformer_er_train,test,2021-02-26,0.07561772,1611,1611
ft_transformer_er_train,test,2021-03-31,0.06797882,1643,1642
ft_transformer_er_train,test,2021-04-30,0.062178902,1672,1672
ft_transformer_er_train,test,2021-05-28,-0.0664957,1696,1695
ft_transformer_er_train,test,2021-06-30,0.096457586,1718,1717
ft_transformer_er_train,test,2021-07-30,0.0017558374,1745,1744
ft_transformer_er_train,test,2021-08-31,0.037297335,1756,1755
ft_transformer_er_train,test,2021-09-30,0.061744273,1775,1774
ft_transformer_er_train,test,2021-10-29,0.09127298,1794,1793
ft_transformer_er_train,test,2021-11-30,0.13825673,1814,1813
ft_transformer_er_train,test,2021-12-31,0.0920936,1838,1837
ft_transformer_er_train,test,2022-01-31,0.0387229,1855,1854
ft_transformer_er_train,test,2022-02-28,0.0010396224,1870,1869
ft_transformer_er_train,test,2022-03-31,0.14851224,1877,1876
ft_transformer_er_train,test,2022-04-29,0.10331989,1885,1884
ft_transformer_er_train,test,2022-05-31,-0.030322295,1887,1886
ft_transformer_er_train,test,2022-06-30,0.008045107,1892,1891
ft_transformer_er_train,test,2022-07-29,-0.033732504,1892,1891
ft_transformer_er_train,test,2022-08-31,0.07311041,1894,1893
ft_transformer_er_train,test,2022-09-30,0.113470316,1899,1899
ft_transformer_er_train,test,2022-10-31,0.06816682,1897,1896
ft_transformer_er_train,test,2022-11-30,0.037365302,1893,1893
ft_transformer_er_train,test,2022-12-30,-0.2120865,1881,1880
ft_transformer_er_train,test,2023-01-31,0.06589083,1876,1875
ft_transformer_er_train,test,2023-02-28,0.07676249,1871,1870
ft_transformer_er_train,test,2023-03-31,0.014827759,1865,1864
ft_transformer_er_train,test,2023-04-28,-0.036328647,1860,1859
ft_transformer_er_train,test,2023-05-31,0.047215197,1861,1860
ft_transformer_er_train,test,2023-06-30,-0.015698437,1859,1858
ft_transformer_er_train,test,2023-07-31,0.08266531,1853,1853
ft_transformer_er_train,test,2023-08-31,0.057068065,1856,1855
ft_transformer_er_train,test,2023-09-29,0.076283544,1864,1863
ft_transformer_er_train,test,2023-10-31,0.005712211,1867,1866
ft_transformer_er_train,test,2023-11-30,-0.04990463,1866,1865
ft_transformer_er_train,test,2023-12-29,0.031474207,1862,1861
ft_transformer_er_train,test,2024-01-31,-0.020261422,1874,1873
ft_transformer_er_train,test,2024-02-29,0.03796396,1866,1865
ft_transformer_er_train,test,2024-03-28,0.032300465,1867,1866
ft_transformer_er_train,test,2024-04-30,-0.00084797293,1869,1868
ft_transformer_er_train,test,2024-05-31,0.049062423,1875,1874
ft_transformer_er_train,test,2024-06-28,0.031736087,1881,1880
ft_transformer_er_train,test,2024-07-31,0.07910691,1888,1887
ft_transformer_er_train,test,2024-08-30,0.01440094,1888,1887
ft_transformer_er_train,test,2024-09-30,-0.019696094,1909,1908
ft_transformer_er_train,test,2024-10-31,-0.0052022114,1917,1916
ft_transformer_er_train,validation,2010-12-31,-0.029266007,1302,1301
ft_transformer_er_train,validation,2011-01-31,0.02623473,1307,1306
ft_transformer_er_train,validation,2011-02-28,0.029941916,1307,1306
ft_transformer_er_train,validation,2011-03-31,0.023960853,1309,1308
ft_transformer_er_train,validation,2011-04-29,0.018287813,1313,1312
ft_transformer_er_train,validation,2011-05-31,0.045813277,1319,1318
ft_transformer_er_train,validation,2011-06-30,-0.015284594,1323,1322
ft_transformer_er_train,validation,2011-07-29,0.043596342,1325,1324
ft_transformer_er_train,validation,2011-08-31,0.032073133,1325,1324
ft_transformer_er_train,validation,2011-09-30,0.024756968,1326,1325
ft_transformer_er_train,validation,2011-10-31,0.063429765,1323,1322
ft_transformer_er_train,validation,2011-11-30,0.037437223,1322,1322
ft_transformer_er_train,validation,2011-12-30,-0.091704816,1321,1320
ft_transformer_er_train,validation,2012-01-31,-0.017692454,1325,1325
ft_transformer_er_train,validation,2012-02-29,0.009608415,1331,1330
ft_transformer_er_train,validation,2012-03-30,0.013803515,1333,1332
ft_transformer_er_train,validation,2012-04-30,-0.006252043,1337,1336
ft_transformer_er_train,validation,2012-05-31,0.011721784,1338,1337
ft_transformer_er_train,validation,2012-06-29,0.029258633,1334,1333
ft_transformer_er_train,validation,2012-07-31,0.019265264,1334,1333
ft_transformer_er_train,validation,2012-08-31,-0.016021047,1328,1327
ft_transformer_er_train,validation,2012-09-28,0.040415503,1322,1322
ft_transformer_er_train,validation,2012-10-31,0.025834773,1319,1318
ft_transformer_er_train,validation,2012-11-30,0.011943273,1318,1317
ft_transformer_er_train,validation,2012-12-31,-0.011829063,1317,1316
ft_transformer_er_train,validation,2013-01-31,0.023379516,1315,1314
ft_transformer_er_train,validation,2013-02-28,0.014443425,1315,1314
ft_transformer_er_train,validation,2013-03-28,0.015504809,1311,1310
ft_transformer_er_train,validation,2013-04-30,-0.008669581,1313,1312
ft_transformer_er_train,validation,2013-05-31,0.018550972,1317,1316
ft_transformer_er_train,validation,2013-06-28,-0.007072076,1321,1320
ft_transformer_er_train,validation,2013-07-31,-0.028915392,1326,1325
ft_transformer_er_train,validation,2013-08-30,0.008092474,1329,1329
ft_transformer_er_train,validation,2013-09-30,0.03795106,1332,1331
ft_transformer_er_train,validation,2013-10-31,0.011478398,1338,1337
ft_transformer_er_train,validation,2013-11-29,-0.013618793,1343,1342
ft_transformer_er_train,validation,2013-12-31,-0.10633459,1344,1343
ft_transformer_er_train,validation,2014-01-31,0.0006230213,1350,1349
ft_transformer_er_train,validation,2014-02-28,0.018145636,1354,1353
ft_transformer_er_train,validation,2014-03-31,0.050865643,1359,1358
ft_transformer_er_train,validation,2014-04-30,0.036565933,1363,1363
ft_transformer_er_train,validation,2014-05-30,-0.03174992,1370,1369
ft_transformer_er_train,validation,2014-06-30,0.022809356,1378,1377
ft_transformer_er_train,validation,2014-07-31,0.01766155,1385,1384
ft_transformer_er_train,validation,2014-08-29,0.013750885,1390,1389
ft_transformer_er_train,validation,2014-09-30,0.06571551,1391,1390
ft_transformer_er_train,validation,2014-10-31,0.034596138,1396,1395
ft_transformer_er_train,validation,2014-11-28,0.027561758,1401,1400
ft_transformer_er_train,validation,2014-12-31,0.00036034174,1399,1398
ft_transformer_er_train,validation,2015-01-30,-0.03734457,1397,1396
ft_transformer_er_train,validation,2015-02-27,0.053801738,1399,1399
ft_transformer_er_train,validation,2015-03-31,-0.058605764,1400,1400
ft_transformer_er_train,validation,2015-04-30,0.014379902,1406,1405
ft_transformer_er_train,validation,2015-05-29,0.023666505,1410,1409
ft_transformer_er_train,validation,2015-06-30,0.082714036,1417,1417
ft_transformer_er_train,validation,2015-07-31,-0.00626133,1428,1428
ft_transformer_er_train,validation,2015-08-31,0.072130725,1430,1429
ft_transformer_er_train,validation,2015-09-30,0.0014406629,1430,1429
ft_transformer_er_train,validation,2015-10-30,0.0019619642,1431,1430
ft_transformer_er_train,validation,2015-11-30,0.040174976,1436,1435
temporal_tabular_small_ft_warmstart_classifier,test,2015-12-31,0.07975879,1435,1435
temporal_tabular_small_ft_warmstart_classifier,test,2016-01-29,0.002128826,1430,1429
temporal_tabular_small_ft_warmstart_classifier,test,2016-02-29,-0.051916756,1427,1426
temporal_tabular_small_ft_warmstart_classifier,test,2016-03-31,-0.08811158,1423,1423
temporal_tabular_small_ft_warmstart_classifier,test,2016-04-29,0.0447913,1422,1421
temporal_tabular_small_ft_warmstart_classifier,test,2016-05-31,-0.0067613097,1423,1423
temporal_tabular_small_ft_warmstart_classifier,test,2016-06-30,-0.034449298,1424,1423
temporal_tabular_small_ft_warmstart_classifier,test,2016-07-29,-0.013054183,1424,1423
temporal_tabular_small_ft_warmstart_classifier,test,2016-08-31,-0.035291854,1417,1416
temporal_tabular_small_ft_warmstart_classifier,test,2016-09-30,0.08358399,1418,1418
temporal_tabular_small_ft_warmstart_classifier,test,2016-10-31,0.0014472418,1422,1421
temporal_tabular_small_ft_warmstart_classifier,test,2016-11-30,0.055179857,1420,1419
temporal_tabular_small_ft_warmstart_classifier,test,2016-12-30,-0.04551174,1422,1421
temporal_tabular_small_ft_warmstart_classifier,test,2017-01-31,0.011053857,1426,1425
temporal_tabular_small_ft_warmstart_classifier,test,2017-02-28,0.0036607147,1422,1421
temporal_tabular_small_ft_warmstart_classifier,test,2017-03-31,0.049337637,1422,1422
temporal_tabular_small_ft_warmstart_classifier,test,2017-04-28,0.04918323,1426,1425
temporal_tabular_small_ft_warmstart_classifier,test,2017-05-31,-0.029152824,1429,1428
temporal_tabular_small_ft_warmstart_classifier,test,2017-06-30,0.030095525,1430,1429
temporal_tabular_small_ft_warmstart_classifier,test,2017-07-31,0.01319734,1432,1431
temporal_tabular_small_ft_warmstart_classifier,test,2017-08-31,-0.0415647,1427,1426
temporal_tabular_small_ft_warmstart_classifier,test,2017-09-29,0.039585717,1424,1423
temporal_tabular_small_ft_warmstart_classifier,test,2017-10-31,-0.008365005,1431,1430
temporal_tabular_small_ft_warmstart_classifier,test,2017-11-30,-0.020190895,1442,1441
temporal_tabular_small_ft_warmstart_classifier,test,2017-12-29,-0.0057674497,1441,1441
temporal_tabular_small_ft_warmstart_classifier,test,2018-01-31,0.011010721,1449,1448
temporal_tabular_small_ft_warmstart_classifier,test,2018-02-28,0.011295332,1453,1452
temporal_tabular_small_ft_warmstart_classifier,test,2018-03-29,0.0007613404,1443,1442
temporal_tabular_small_ft_warmstart_classifier,test,2018-04-30,-0.03615117,1452,1451
temporal_tabular_small_ft_warmstart_classifier,test,2018-05-31,0.004741112,1454,1454
temporal_tabular_small_ft_warmstart_classifier,test,2018-06-29,0.045795146,1465,1464
temporal_tabular_small_ft_warmstart_classifier,test,2018-07-31,-0.012552593,1471,1471
temporal_tabular_small_ft_warmstart_classifier,test,2018-08-31,7.82609e-05,1469,1468
temporal_tabular_small_ft_warmstart_classifier,test,2018-09-28,0.03916639,1475,1474
temporal_tabular_small_ft_warmstart_classifier,test,2018-10-31,0.051923536,1483,1482
temporal_tabular_small_ft_warmstart_classifier,test,2018-11-30,0.089113176,1483,1482
temporal_tabular_small_ft_warmstart_classifier,test,2018-12-31,-0.12440694,1482,1481
temporal_tabular_small_ft_warmstart_classifier,test,2019-01-31,-0.020928305,1482,1481
temporal_tabular_small_ft_warmstart_classifier,test,2019-02-28,-0.0005656574,1478,1478
temporal_tabular_small_ft_warmstart_classifier,test,2019-03-29,0.03956119,1478,1478
temporal_tabular_small_ft_warmstart_classifier,test,2019-04-30,0.046455666,1480,1479
temporal_tabular_small_ft_warmstart_classifier,test,2019-05-31,0.03490414,1492,1491
temporal_tabular_small_ft_warmstart_classifier,test,2019-06-28,0.053023458,1495,1494
temporal_tabular_small_ft_warmstart_classifier,test,2019-07-31,0.03513043,1499,1498
temporal_tabular_small_ft_warmstart_classifier,test,2019-08-30,0.02389718,1498,1497
temporal_tabular_small_ft_warmstart_classifier,test,2019-09-30,0.04286872,1500,1500
temporal_tabular_small_ft_warmstart_classifier,test,2019-10-31,-0.0058403406,1501,1500
temporal_tabular_small_ft_warmstart_classifier,test,2019-11-29,-0.056930937,1501,1500
temporal_tabular_small_ft_warmstart_classifier,test,2019-12-31,-0.036591753,1500,1500
temporal_tabular_small_ft_warmstart_classifier,test,2020-01-31,-0.024429925,1502,1501
temporal_tabular_small_ft_warmstart_classifier,test,2020-02-28,0.010169551,1502,1501
temporal_tabular_small_ft_warmstart_classifier,test,2020-03-31,-0.1649791,1495,1495
temporal_tabular_small_ft_warmstart_classifier,test,2020-04-30,-0.06315777,1496,1496
temporal_tabular_small_ft_warmstart_classifier,test,2020-05-29,-0.111936174,1495,1494
temporal_tabular_small_ft_warmstart_classifier,test,2020-06-30,-0.037273712,1504,1503
temporal_tabular_small_ft_warmstart_classifier,test,2020-07-31,0.028117828,1510,1509
temporal_tabular_small_ft_warmstart_classifier,test,2020-08-31,0.0022979006,1515,1514
temporal_tabular_small_ft_warmstart_classifier,test,2020-09-30,0.026153577,1526,1525
temporal_tabular_small_ft_warmstart_classifier,test,2020-10-30,-0.12929165,1541,1540
temporal_tabular_small_ft_warmstart_classifier,test,2020-11-30,-0.03443587,1555,1554
temporal_tabular_small_ft_warmstart_classifier,test,2020-12-31,-0.23676142,1575,1575
temporal_tabular_small_ft_warmstart_classifier,test,2021-01-29,-0.035085663,1593,1592
temporal_tabular_small_ft_warmstart_classifier,test,2021-02-26,0.058633316,1611,1611
temporal_tabular_small_ft_warmstart_classifier,test,2021-03-31,0.0695705,1643,1642
temporal_tabular_small_ft_warmstart_classifier,test,2021-04-30,0.019100195,1672,1672
temporal_tabular_small_ft_warmstart_classifier,test,2021-05-28,-0.07288785,1696,1695
temporal_tabular_small_ft_warmstart_classifier,test,2021-06-30,0.1214353,1718,1717
temporal_tabular_small_ft_warmstart_classifier,test,2021-07-30,0.0018493664,1745,1744
temporal_tabular_small_ft_warmstart_classifier,test,2021-08-31,0.020918872,1756,1755
temporal_tabular_small_ft_warmstart_classifier,test,2021-09-30,0.05103107,1775,1774
temporal_tabular_small_ft_warmstart_classifier,test,2021-10-29,0.08317082,1794,1793
temporal_tabular_small_ft_warmstart_classifier,test,2021-11-30,0.13049388,1814,1813
temporal_tabular_small_ft_warmstart_classifier,test,2021-12-31,0.093654394,1838,1837
temporal_tabular_small_ft_warmstart_classifier,test,2022-01-31,0.022301706,1855,1854
temporal_tabular_small_ft_warmstart_classifier,test,2022-02-28,-0.0158551,1870,1869
temporal_tabular_small_ft_warmstart_classifier,test,2022-03-31,0.11126259,1877,1876
temporal_tabular_small_ft_warmstart_classifier,test,2022-04-29,0.08483361,1885,1884
temporal_tabular_small_ft_warmstart_classifier,test,2022-05-31,-0.016966842,1887,1886
temporal_tabular_small_ft_warmstart_classifier,test,2022-06-30,0.0044479743,1892,1891
temporal_tabular_small_ft_warmstart_classifier,test,2022-07-29,-0.0487499,1892,1891
temporal_tabular_small_ft_warmstart_classifier,test,2022-08-31,0.07171937,1894,1893
temporal_tabular_small_ft_warmstart_classifier,test,2022-09-30,0.0995368,1899,1899
temporal_tabular_small_ft_warmstart_classifier,test,2022-10-31,0.09293663,1897,1896
temporal_tabular_small_ft_warmstart_classifier,test,2022-11-30,0.03770014,1893,1893
temporal_tabular_small_ft_warmstart_classifier,test,2022-12-30,-0.19023809,1881,1880
temporal_tabular_small_ft_warmstart_classifier,test,2023-01-31,0.055974133,1876,1875
temporal_tabular_small_ft_warmstart_classifier,test,2023-02-28,0.08335123,1871,1870
temporal_tabular_small_ft_warmstart_classifier,test,2023-03-31,0.0063167308,1865,1864
temporal_tabular_small_ft_warmstart_classifier,test,2023-04-28,-0.03656882,1860,1859
temporal_tabular_small_ft_warmstart_classifier,test,2023-05-31,0.041818053,1861,1860
temporal_tabular_small_ft_warmstart_classifier,test,2023-06-30,-0.002192665,1859,1858
temporal_tabular_small_ft_warmstart_classifier,test,2023-07-31,0.095564306,1853,1853
temporal_tabular_small_ft_warmstart_classifier,test,2023-08-31,0.06728257,1856,1855
temporal_tabular_small_ft_warmstart_classifier,test,2023-09-29,0.081375405,1864,1863
temporal_tabular_small_ft_warmstart_classifier,test,2023-10-31,-0.006151162,1867,1866
temporal_tabular_small_ft_warmstart_classifier,test,2023-11-30,-0.049724646,1866,1865
temporal_tabular_small_ft_warmstart_classifier,test,2023-12-29,0.037513353,1862,1861
temporal_tabular_small_ft_warmstart_classifier,test,2024-01-31,-0.047203455,1874,1873
temporal_tabular_small_ft_warmstart_classifier,test,2024-02-29,0.03852541,1866,1865
temporal_tabular_small_ft_warmstart_classifier,test,2024-03-28,0.055124667,1867,1866
temporal_tabular_small_ft_warmstart_classifier,test,2024-04-30,-0.015979357,1869,1868
temporal_tabular_small_ft_warmstart_classifier,test,2024-05-31,0.06262086,1875,1874
temporal_tabular_small_ft_warmstart_classifier,test,2024-06-28,0.021607604,1881,1880
temporal_tabular_small_ft_warmstart_classifier,test,2024-07-31,0.076242775,1888,1887
temporal_tabular_small_ft_warmstart_classifier,test,2024-08-30,0.0128902355,1888,1887
temporal_tabular_small_ft_warmstart_classifier,test,2024-09-30,-0.02508577,1909,1908
temporal_tabular_small_ft_warmstart_classifier,test,2024-10-31,-0.013513051,1917,1916
temporal_tabular_small_ft_warmstart_classifier,validation,2010-12-31,-0.020763446,1302,1301
temporal_tabular_small_ft_warmstart_classifier,validation,2011-01-31,0.0040377453,1307,1306
temporal_tabular_small_ft_warmstart_classifier,validation,2011-02-28,0.030794933,1307,1306
temporal_tabular_small_ft_warmstart_classifier,validation,2011-03-31,0.02791015,1309,1308
temporal_tabular_small_ft_warmstart_classifier,validation,2011-04-29,0.028619068,1313,1312
temporal_tabular_small_ft_warmstart_classifier,validation,2011-05-31,0.047607668,1319,1318
temporal_tabular_small_ft_warmstart_classifier,validation,2011-06-30,-0.009543868,1323,1322
temporal_tabular_small_ft_warmstart_classifier,validation,2011-07-29,0.05234526,1325,1324
temporal_tabular_small_ft_warmstart_classifier,validation,2011-08-31,0.044697516,1325,1324
temporal_tabular_small_ft_warmstart_classifier,validation,2011-09-30,0.0115278065,1326,1325
temporal_tabular_small_ft_warmstart_classifier,validation,2011-10-31,0.056291908,1323,1322
temporal_tabular_small_ft_warmstart_classifier,validation,2011-11-30,0.02894855,1322,1322
temporal_tabular_small_ft_warmstart_classifier,validation,2011-12-30,-0.08709298,1321,1320
temporal_tabular_small_ft_warmstart_classifier,validation,2012-01-31,-0.010017879,1325,1325
temporal_tabular_small_ft_warmstart_classifier,validation,2012-02-29,-0.00074062496,1331,1330
temporal_tabular_small_ft_warmstart_classifier,validation,2012-03-30,0.02383893,1333,1332
temporal_tabular_small_ft_warmstart_classifier,validation,2012-04-30,0.028204516,1337,1336
temporal_tabular_small_ft_warmstart_classifier,validation,2012-05-31,0.018187203,1338,1337
temporal_tabular_small_ft_warmstart_classifier,validation,2012-06-29,0.031915627,1334,1333
temporal_tabular_small_ft_warmstart_classifier,validation,2012-07-31,-0.00037389435,1334,1333
temporal_tabular_small_ft_warmstart_classifier,validation,2012-08-31,-0.014653601,1328,1327
temporal_tabular_small_ft_warmstart_classifier,validation,2012-09-28,0.037498884,1322,1322
temporal_tabular_small_ft_warmstart_classifier,validation,2012-10-31,0.015232759,1319,1318
temporal_tabular_small_ft_warmstart_classifier,validation,2012-11-30,0.012523394,1318,1317
temporal_tabular_small_ft_warmstart_classifier,validation,2012-12-31,-0.025447078,1317,1316
temporal_tabular_small_ft_warmstart_classifier,validation,2013-01-31,0.020658983,1315,1314
temporal_tabular_small_ft_warmstart_classifier,validation,2013-02-28,0.007508492,1315,1314
temporal_tabular_small_ft_warmstart_classifier,validation,2013-03-28,0.013087663,1311,1310
temporal_tabular_small_ft_warmstart_classifier,validation,2013-04-30,-0.030576374,1313,1312
temporal_tabular_small_ft_warmstart_classifier,validation,2013-05-31,0.015605649,1317,1316
temporal_tabular_small_ft_warmstart_classifier,validation,2013-06-28,-0.029772192,1321,1320
temporal_tabular_small_ft_warmstart_classifier,validation,2013-07-31,-0.029113412,1326,1325
temporal_tabular_small_ft_warmstart_classifier,validation,2013-08-30,-0.01208223,1329,1329
temporal_tabular_small_ft_warmstart_classifier,validation,2013-09-30,0.036419734,1332,1331
temporal_tabular_small_ft_warmstart_classifier,validation,2013-10-31,0.0013869777,1338,1337
temporal_tabular_small_ft_warmstart_classifier,validation,2013-11-29,-0.022566644,1343,1342
temporal_tabular_small_ft_warmstart_classifier,validation,2013-12-31,-0.088325225,1344,1343
temporal_tabular_small_ft_warmstart_classifier,validation,2014-01-31,-0.01291126,1350,1349
temporal_tabular_small_ft_warmstart_classifier,validation,2014-02-28,0.031374466,1354,1353
temporal_tabular_small_ft_warmstart_classifier,validation,2014-03-31,0.059273586,1359,1358
temporal_tabular_small_ft_warmstart_classifier,validation,2014-04-30,0.03559042,1363,1363
temporal_tabular_small_ft_warmstart_classifier,validation,2014-05-30,-0.036000732,1370,1369
temporal_tabular_small_ft_warmstart_classifier,validation,2014-06-30,0.02740286,1378,1377
temporal_tabular_small_ft_warmstart_classifier,validation,2014-07-31,0.0014985465,1385,1384
temporal_tabular_small_ft_warmstart_classifier,validation,2014-08-29,0.03466973,1390,1389
temporal_tabular_small_ft_warmstart_classifier,validation,2014-09-30,0.07215889,1391,1390
temporal_tabular_small_ft_warmstart_classifier,validation,2014-10-31,0.036010288,1396,1395
temporal_tabular_small_ft_warmstart_classifier,validation,2014-11-28,0.03063877,1401,1400
temporal_tabular_small_ft_warmstart_classifier,validation,2014-12-31,0.0008047223,1399,1398
temporal_tabular_small_ft_warmstart_classifier,validation,2015-01-30,-0.04286002,1397,1396
temporal_tabular_small_ft_warmstart_classifier,validation,2015-02-27,0.042766895,1399,1399
temporal_tabular_small_ft_warmstart_classifier,validation,2015-03-31,-0.05339061,1400,1400
temporal_tabular_small_ft_warmstart_classifier,validation,2015-04-30,0.011928815,1406,1405
temporal_tabular_small_ft_warmstart_classifier,validation,2015-05-29,0.025619103,1410,1409
temporal_tabular_small_ft_warmstart_classifier,validation,2015-06-30,0.092207745,1417,1417
temporal_tabular_small_ft_warmstart_classifier,validation,2015-07-31,-0.0059553534,1428,1428
temporal_tabular_small_ft_warmstart_classifier,validation,2015-08-31,0.085739955,1430,1429
temporal_tabular_small_ft_warmstart_classifier,validation,2015-09-30,0.009346474,1430,1429
temporal_tabular_small_ft_warmstart_classifier,validation,2015-10-30,0.0006319396,1431,1430
temporal_tabular_small_ft_warmstart_classifier,validation,2015-11-30,0.0414687,1436,1435
temporal_tabular_small_ft_warmstart_er_train,test,2015-12-31,0.02176959,1435,1435
temporal_tabular_small_ft_warmstart_er_train,test,2016-01-29,0.0063465643,1430,1429
temporal_tabular_small_ft_warmstart_er_train,test,2016-02-29,-0.031569928,1427,1426
temporal_tabular_small_ft_warmstart_er_train,test,2016-03-31,-0.05389651,1423,1423
temporal_tabular_small_ft_warmstart_er_train,test,2016-04-29,0.034403723,1422,1421
temporal_tabular_small_ft_warmstart_er_train,test,2016-05-31,-0.010168861,1423,1423
temporal_tabular_small_ft_warmstart_er_train,test,2016-06-30,-0.005371213,1424,1423
temporal_tabular_small_ft_warmstart_er_train,test,2016-07-29,-0.0017016176,1424,1423
temporal_tabular_small_ft_warmstart_er_train,test,2016-08-31,-0.016556105,1417,1416
temporal_tabular_small_ft_warmstart_er_train,test,2016-09-30,0.052713834,1418,1418
temporal_tabular_small_ft_warmstart_er_train,test,2016-10-31,0.036254913,1422,1421
temporal_tabular_small_ft_warmstart_er_train,test,2016-11-30,0.04645958,1420,1419
temporal_tabular_small_ft_warmstart_er_train,test,2016-12-30,-0.034851238,1422,1421
temporal_tabular_small_ft_warmstart_er_train,test,2017-01-31,0.0068518864,1426,1425
temporal_tabular_small_ft_warmstart_er_train,test,2017-02-28,0.010204386,1422,1421
temporal_tabular_small_ft_warmstart_er_train,test,2017-03-31,0.04238022,1422,1422
temporal_tabular_small_ft_warmstart_er_train,test,2017-04-28,0.024929795,1426,1425
temporal_tabular_small_ft_warmstart_er_train,test,2017-05-31,-0.009823415,1429,1428
temporal_tabular_small_ft_warmstart_er_train,test,2017-06-30,0.01932988,1430,1429
temporal_tabular_small_ft_warmstart_er_train,test,2017-07-31,0.0011513485,1432,1431
temporal_tabular_small_ft_warmstart_er_train,test,2017-08-31,-0.007303588,1427,1426
temporal_tabular_small_ft_warmstart_er_train,test,2017-09-29,0.030407686,1424,1423
temporal_tabular_small_ft_warmstart_er_train,test,2017-10-31,0.0031282566,1431,1430
temporal_tabular_small_ft_warmstart_er_train,test,2017-11-30,-0.014177331,1442,1441
temporal_tabular_small_ft_warmstart_er_train,test,2017-12-29,0.0037581176,1441,1441
temporal_tabular_small_ft_warmstart_er_train,test,2018-01-31,0.003906846,1449,1448
temporal_tabular_small_ft_warmstart_er_train,test,2018-02-28,0.010732321,1453,1452
temporal_tabular_small_ft_warmstart_er_train,test,2018-03-29,0.00733821,1443,1442
temporal_tabular_small_ft_warmstart_er_train,test,2018-04-30,-0.0044445284,1452,1451
temporal_tabular_small_ft_warmstart_er_train,test,2018-05-31,0.0063935,1454,1454
temporal_tabular_small_ft_warmstart_er_train,test,2018-06-29,0.035611838,1465,1464
temporal_tabular_small_ft_warmstart_er_train,test,2018-07-31,0.0059095677,1471,1471
temporal_tabular_small_ft_warmstart_er_train,test,2018-08-31,-0.006281359,1469,1468
temporal_tabular_small_ft_warmstart_er_train,test,2018-09-28,-0.0021355227,1475,1474
temporal_tabular_small_ft_warmstart_er_train,test,2018-10-31,0.027648747,1483,1482
temporal_tabular_small_ft_warmstart_er_train,test,2018-11-30,0.042368956,1483,1482
temporal_tabular_small_ft_warmstart_er_train,test,2018-12-31,-0.062218584,1482,1481
temporal_tabular_small_ft_warmstart_er_train,test,2019-01-31,0.004681688,1482,1481
temporal_tabular_small_ft_warmstart_er_train,test,2019-02-28,-0.023835454,1478,1478
temporal_tabular_small_ft_warmstart_er_train,test,2019-03-29,0.03896487,1478,1478
temporal_tabular_small_ft_warmstart_er_train,test,2019-04-30,-0.0038739517,1480,1479
temporal_tabular_small_ft_warmstart_er_train,test,2019-05-31,0.04842843,1492,1491
temporal_tabular_small_ft_warmstart_er_train,test,2019-06-28,0.0393167,1495,1494
temporal_tabular_small_ft_warmstart_er_train,test,2019-07-31,-0.013698574,1499,1498
temporal_tabular_small_ft_warmstart_er_train,test,2019-08-30,0.0336595,1498,1497
temporal_tabular_small_ft_warmstart_er_train,test,2019-09-30,0.040811665,1500,1500
temporal_tabular_small_ft_warmstart_er_train,test,2019-10-31,0.016317436,1501,1500
temporal_tabular_small_ft_warmstart_er_train,test,2019-11-29,-0.03257341,1501,1500
temporal_tabular_small_ft_warmstart_er_train,test,2019-12-31,-0.050600987,1500,1500
temporal_tabular_small_ft_warmstart_er_train,test,2020-01-31,-0.039816473,1502,1501
temporal_tabular_small_ft_warmstart_er_train,test,2020-02-28,-0.07501462,1502,1501
temporal_tabular_small_ft_warmstart_er_train,test,2020-03-31,-0.030312598,1495,1495
temporal_tabular_small_ft_warmstart_er_train,test,2020-04-30,-0.011010125,1496,1496
temporal_tabular_small_ft_warmstart_er_train,test,2020-05-29,-0.057245485,1495,1494
temporal_tabular_small_ft_warmstart_er_train,test,2020-06-30,-0.012966298,1504,1503
temporal_tabular_small_ft_warmstart_er_train,test,2020-07-31,0.04897853,1510,1509
temporal_tabular_small_ft_warmstart_er_train,test,2020-08-31,-0.012835691,1515,1514
temporal_tabular_small_ft_warmstart_er_train,test,2020-09-30,0.029201234,1526,1525
temporal_tabular_small_ft_warmstart_er_train,test,2020-10-30,-0.039758414,1541,1540
temporal_tabular_small_ft_warmstart_er_train,test,2020-11-30,-0.00064160675,1555,1554
temporal_tabular_small_ft_warmstart_er_train,test,2020-12-31,-0.16938882,1575,1575
temporal_tabular_small_ft_warmstart_er_train,test,2021-01-29,0.010764159,1593,1592
temporal_tabular_small_ft_warmstart_er_train,test,2021-02-26,0.050033297,1611,1611
temporal_tabular_small_ft_warmstart_er_train,test,2021-03-31,0.065331385,1643,1642
temporal_tabular_small_ft_warmstart_er_train,test,2021-04-30,0.026413385,1672,1672
temporal_tabular_small_ft_warmstart_er_train,test,2021-05-28,-0.061679494,1696,1695
temporal_tabular_small_ft_warmstart_er_train,test,2021-06-30,0.09386558,1718,1717
temporal_tabular_small_ft_warmstart_er_train,test,2021-07-30,0.0030845702,1745,1744
temporal_tabular_small_ft_warmstart_er_train,test,2021-08-31,0.014239559,1756,1755
temporal_tabular_small_ft_warmstart_er_train,test,2021-09-30,0.051156063,1775,1774
temporal_tabular_small_ft_warmstart_er_train,test,2021-10-29,0.052909244,1794,1793
temporal_tabular_small_ft_warmstart_er_train,test,2021-11-30,0.118456185,1814,1813
temporal_tabular_small_ft_warmstart_er_train,test,2021-12-31,0.059804793,1838,1837
temporal_tabular_small_ft_warmstart_er_train,test,2022-01-31,0.03303855,1855,1854
temporal_tabular_small_ft_warmstart_er_train,test,2022-02-28,-0.009723,1870,1869
temporal_tabular_small_ft_warmstart_er_train,test,2022-03-31,0.08246661,1877,1876
temporal_tabular_small_ft_warmstart_er_train,test,2022-04-29,0.05418194,1885,1884
temporal_tabular_small_ft_warmstart_er_train,test,2022-05-31,-0.04057159,1887,1886
temporal_tabular_small_ft_warmstart_er_train,test,2022-06-30,0.028169014,1892,1891
temporal_tabular_small_ft_warmstart_er_train,test,2022-07-29,-0.030670796,1892,1891
temporal_tabular_small_ft_warmstart_er_train,test,2022-08-31,0.025368437,1894,1893
temporal_tabular_small_ft_warmstart_er_train,test,2022-09-30,0.10983642,1899,1899
temporal_tabular_small_ft_warmstart_er_train,test,2022-10-31,0.07944229,1897,1896
temporal_tabular_small_ft_warmstart_er_train,test,2022-11-30,0.026298404,1893,1893
temporal_tabular_small_ft_warmstart_er_train,test,2022-12-30,-0.09143508,1881,1880
temporal_tabular_small_ft_warmstart_er_train,test,2023-01-31,0.034977436,1876,1875
temporal_tabular_small_ft_warmstart_er_train,test,2023-02-28,0.057231344,1871,1870
temporal_tabular_small_ft_warmstart_er_train,test,2023-03-31,-0.010368581,1865,1864
temporal_tabular_small_ft_warmstart_er_train,test,2023-04-28,-0.015842952,1860,1859
temporal_tabular_small_ft_warmstart_er_train,test,2023-05-31,0.06595866,1861,1860
temporal_tabular_small_ft_warmstart_er_train,test,2023-06-30,0.017716479,1859,1858
temporal_tabular_small_ft_warmstart_er_train,test,2023-07-31,0.06031278,1853,1853
temporal_tabular_small_ft_warmstart_er_train,test,2023-08-31,0.053778943,1856,1855
temporal_tabular_small_ft_warmstart_er_train,test,2023-09-29,0.05026753,1864,1863
temporal_tabular_small_ft_warmstart_er_train,test,2023-10-31,0.010643944,1867,1866
temporal_tabular_small_ft_warmstart_er_train,test,2023-11-30,-0.001494199,1866,1865
temporal_tabular_small_ft_warmstart_er_train,test,2023-12-29,0.019014837,1862,1861
temporal_tabular_small_ft_warmstart_er_train,test,2024-01-31,-0.035788037,1874,1873
temporal_tabular_small_ft_warmstart_er_train,test,2024-02-29,0.04954144,1866,1865
temporal_tabular_small_ft_warmstart_er_train,test,2024-03-28,0.03509282,1867,1866
temporal_tabular_small_ft_warmstart_er_train,test,2024-04-30,-0.0052320994,1869,1868
temporal_tabular_small_ft_warmstart_er_train,test,2024-05-31,0.04510401,1875,1874
temporal_tabular_small_ft_warmstart_er_train,test,2024-06-28,0.034659654,1881,1880
temporal_tabular_small_ft_warmstart_er_train,test,2024-07-31,0.057699706,1888,1887
temporal_tabular_small_ft_warmstart_er_train,test,2024-08-30,0.01584407,1888,1887
temporal_tabular_small_ft_warmstart_er_train,test,2024-09-30,-0.023300236,1909,1908
temporal_tabular_small_ft_warmstart_er_train,test,2024-10-31,0.00838767,1917,1916
temporal_tabular_small_ft_warmstart_er_train,validation,2010-12-31,-0.008795493,1302,1301
temporal_tabular_small_ft_warmstart_er_train,validation,2011-01-31,0.015838163,1307,1306
temporal_tabular_small_ft_warmstart_er_train,validation,2011-02-28,0.031171644,1307,1306
temporal_tabular_small_ft_warmstart_er_train,validation,2011-03-31,0.019813735,1309,1308
temporal_tabular_small_ft_warmstart_er_train,validation,2011-04-29,0.0049473867,1313,1312
temporal_tabular_small_ft_warmstart_er_train,validation,2011-05-31,0.017691273,1319,1318
temporal_tabular_small_ft_warmstart_er_train,validation,2011-06-30,-0.021074127,1323,1322
temporal_tabular_small_ft_warmstart_er_train,validation,2011-07-29,-0.017332934,1325,1324
temporal_tabular_small_ft_warmstart_er_train,validation,2011-08-31,-0.025449753,1325,1324
temporal_tabular_small_ft_warmstart_er_train,validation,2011-09-30,0.07408711,1326,1325
temporal_tabular_small_ft_warmstart_er_train,validation,2011-10-31,0.022699125,1323,1322
temporal_tabular_small_ft_warmstart_er_train,validation,2011-11-30,0.0034381629,1322,1322
temporal_tabular_small_ft_warmstart_er_train,validation,2011-12-30,-0.01651676,1321,1320
temporal_tabular_small_ft_warmstart_er_train,validation,2012-01-31,0.014169756,1325,1325
temporal_tabular_small_ft_warmstart_er_train,validation,2012-02-29,0.016148642,1331,1330
temporal_tabular_small_ft_warmstart_er_train,validation,2012-03-30,-0.004984769,1333,1332
temporal_tabular_small_ft_warmstart_er_train,validation,2012-04-30,-0.029075015,1337,1336
temporal_tabular_small_ft_warmstart_er_train,validation,2012-05-31,0.022065269,1338,1337
temporal_tabular_small_ft_warmstart_er_train,validation,2012-06-29,0.004050035,1334,1333
temporal_tabular_small_ft_warmstart_er_train,validation,2012-07-31,0.024523512,1334,1333
temporal_tabular_small_ft_warmstart_er_train,validation,2012-08-31,0.002581071,1328,1327
temporal_tabular_small_ft_warmstart_er_train,validation,2012-09-28,0.01700888,1322,1322
temporal_tabular_small_ft_warmstart_er_train,validation,2012-10-31,0.009540297,1319,1318
temporal_tabular_small_ft_warmstart_er_train,validation,2012-11-30,0.033757687,1318,1317
temporal_tabular_small_ft_warmstart_er_train,validation,2012-12-31,0.0077910125,1317,1316
temporal_tabular_small_ft_warmstart_er_train,validation,2013-01-31,0.0131370295,1315,1314
temporal_tabular_small_ft_warmstart_er_train,validation,2013-02-28,0.019803269,1315,1314
temporal_tabular_small_ft_warmstart_er_train,validation,2013-03-28,-0.0040397,1311,1310
temporal_tabular_small_ft_warmstart_er_train,validation,2013-04-30,0.02224077,1313,1312
temporal_tabular_small_ft_warmstart_er_train,validation,2013-05-31,0.021790313,1317,1316
temporal_tabular_small_ft_warmstart_er_train,validation,2013-06-28,-0.00092180073,1321,1320
temporal_tabular_small_ft_warmstart_er_train,validation,2013-07-31,-0.009566514,1326,1325
temporal_tabular_small_ft_warmstart_er_train,validation,2013-08-30,0.012401342,1329,1329
temporal_tabular_small_ft_warmstart_er_train,validation,2013-09-30,0.028052468,1332,1331
temporal_tabular_small_ft_warmstart_er_train,validation,2013-10-31,0.017943488,1338,1337
temporal_tabular_small_ft_warmstart_er_train,validation,2013-11-29,-0.0012134295,1343,1342
temporal_tabular_small_ft_warmstart_er_train,validation,2013-12-31,-0.07236093,1344,1343
temporal_tabular_small_ft_warmstart_er_train,validation,2014-01-31,-5.1915646e-05,1350,1349
temporal_tabular_small_ft_warmstart_er_train,validation,2014-02-28,0.015358379,1354,1353
temporal_tabular_small_ft_warmstart_er_train,validation,2014-03-31,0.022881558,1359,1358
temporal_tabular_small_ft_warmstart_er_train,validation,2014-04-30,0.023798035,1363,1363
temporal_tabular_small_ft_warmstart_er_train,validation,2014-05-30,-0.012225777,1370,1369
temporal_tabular_small_ft_warmstart_er_train,validation,2014-06-30,0.0027837306,1378,1377
temporal_tabular_small_ft_warmstart_er_train,validation,2014-07-31,0.011235394,1385,1384
temporal_tabular_small_ft_warmstart_er_train,validation,2014-08-29,0.0044517554,1390,1389
temporal_tabular_small_ft_warmstart_er_train,validation,2014-09-30,0.06003822,1391,1390
temporal_tabular_small_ft_warmstart_er_train,validation,2014-10-31,0.015814383,1396,1395
temporal_tabular_small_ft_warmstart_er_train,validation,2014-11-28,0.036953483,1401,1400
temporal_tabular_small_ft_warmstart_er_train,validation,2014-12-31,-0.013025646,1399,1398
temporal_tabular_small_ft_warmstart_er_train,validation,2015-01-30,-0.018819552,1397,1396
temporal_tabular_small_ft_warmstart_er_train,validation,2015-02-27,0.04396037,1399,1399
temporal_tabular_small_ft_warmstart_er_train,validation,2015-03-31,-0.04215045,1400,1400
temporal_tabular_small_ft_warmstart_er_train,validation,2015-04-30,0.0136680715,1406,1405
temporal_tabular_small_ft_warmstart_er_train,validation,2015-05-29,0.028480845,1410,1409
temporal_tabular_small_ft_warmstart_er_train,validation,2015-06-30,0.045956425,1417,1417
temporal_tabular_small_ft_warmstart_er_train,validation,2015-07-31,-0.021305058,1428,1428
temporal_tabular_small_ft_warmstart_er_train,validation,2015-08-31,0.030459285,1430,1429
temporal_tabular_small_ft_warmstart_er_train,validation,2015-09-30,0.021261316,1430,1429
temporal_tabular_small_ft_warmstart_er_train,validation,2015-10-30,-0.0009066053,1431,1430
temporal_tabular_small_ft_warmstart_er_train,validation,2015-11-30,0.017538734,1436,1435
temporal_tabular_small_mlp_branch_classifier,test,2015-12-31,0.099882826,1435,1435
temporal_tabular_small_mlp_branch_classifier,test,2016-01-29,0.013542632,1430,1429
temporal_tabular_small_mlp_branch_classifier,test,2016-02-29,-0.0651342,1427,1426
temporal_tabular_small_mlp_branch_classifier,test,2016-03-31,-0.09580426,1423,1423
temporal_tabular_small_mlp_branch_classifier,test,2016-04-29,0.044241488,1422,1421
temporal_tabular_small_mlp_branch_classifier,test,2016-05-31,0.008840016,1423,1423
temporal_tabular_small_mlp_branch_classifier,test,2016-06-30,-0.034125917,1424,1423
temporal_tabular_small_mlp_branch_classifier,test,2016-07-29,-0.012716202,1424,1423
temporal_tabular_small_mlp_branch_classifier,test,2016-08-31,-0.03578138,1417,1416
temporal_tabular_small_mlp_branch_classifier,test,2016-09-30,0.07918189,1418,1418
temporal_tabular_small_mlp_branch_classifier,test,2016-10-31,0.026750151,1422,1421
temporal_tabular_small_mlp_branch_classifier,test,2016-11-30,0.05776804,1420,1419
temporal_tabular_small_mlp_branch_classifier,test,2016-12-30,-0.042426076,1422,1421
temporal_tabular_small_mlp_branch_classifier,test,2017-01-31,0.010050778,1426,1425
temporal_tabular_small_mlp_branch_classifier,test,2017-02-28,0.003979873,1422,1421
temporal_tabular_small_mlp_branch_classifier,test,2017-03-31,0.050000455,1422,1422
temporal_tabular_small_mlp_branch_classifier,test,2017-04-28,0.04726332,1426,1425
temporal_tabular_small_mlp_branch_classifier,test,2017-05-31,-0.02930668,1429,1428
temporal_tabular_small_mlp_branch_classifier,test,2017-06-30,0.03294026,1430,1429
temporal_tabular_small_mlp_branch_classifier,test,2017-07-31,0.019541368,1432,1431
temporal_tabular_small_mlp_branch_classifier,test,2017-08-31,-0.039161224,1427,1426
temporal_tabular_small_mlp_branch_classifier,test,2017-09-29,0.042322382,1424,1423
temporal_tabular_small_mlp_branch_classifier,test,2017-10-31,-0.010137934,1431,1430
temporal_tabular_small_mlp_branch_classifier,test,2017-11-30,-0.023037981,1442,1441
temporal_tabular_small_mlp_branch_classifier,test,2017-12-29,-0.003387265,1441,1441
temporal_tabular_small_mlp_branch_classifier,test,2018-01-31,0.0007170476,1449,1448
temporal_tabular_small_mlp_branch_classifier,test,2018-02-28,0.007184768,1453,1452
temporal_tabular_small_mlp_branch_classifier,test,2018-03-29,8.657016e-05,1443,1442
temporal_tabular_small_mlp_branch_classifier,test,2018-04-30,-0.042349562,1452,1451
temporal_tabular_small_mlp_branch_classifier,test,2018-05-31,0.0005965254,1454,1454
temporal_tabular_small_mlp_branch_classifier,test,2018-06-29,0.055163972,1465,1464
temporal_tabular_small_mlp_branch_classifier,test,2018-07-31,-0.0064083673,1471,1471
temporal_tabular_small_mlp_branch_classifier,test,2018-08-31,-0.00036071707,1469,1468
temporal_tabular_small_mlp_branch_classifier,test,2018-09-28,0.040558554,1475,1474
temporal_tabular_small_mlp_branch_classifier,test,2018-10-31,0.045541048,1483,1482
temporal_tabular_small_mlp_branch_classifier,test,2018-11-30,0.09298072,1483,1482
temporal_tabular_small_mlp_branch_classifier,test,2018-12-31,-0.1240136,1482,1481
temporal_tabular_small_mlp_branch_classifier,test,2019-01-31,-0.023996025,1482,1481
temporal_tabular_small_mlp_branch_classifier,test,2019-02-28,-0.0033799927,1478,1478
temporal_tabular_small_mlp_branch_classifier,test,2019-03-29,0.038504027,1478,1478
temporal_tabular_small_mlp_branch_classifier,test,2019-04-30,0.03567366,1480,1479
temporal_tabular_small_mlp_branch_classifier,test,2019-05-31,0.04502159,1492,1491
temporal_tabular_small_mlp_branch_classifier,test,2019-06-28,0.056986503,1495,1494
temporal_tabular_small_mlp_branch_classifier,test,2019-07-31,0.03600958,1499,1498
temporal_tabular_small_mlp_branch_classifier,test,2019-08-30,0.02375032,1498,1497
temporal_tabular_small_mlp_branch_classifier,test,2019-09-30,0.038784415,1500,1500
temporal_tabular_small_mlp_branch_classifier,test,2019-10-31,-0.009605575,1501,1500
temporal_tabular_small_mlp_branch_classifier,test,2019-11-29,-0.063348696,1501,1500
temporal_tabular_small_mlp_branch_classifier,test,2019-12-31,-0.038950924,1500,1500
temporal_tabular_small_mlp_branch_classifier,test,2020-01-31,-0.034827508,1502,1501
temporal_tabular_small_mlp_branch_classifier,test,2020-02-28,0.01139693,1502,1501
temporal_tabular_small_mlp_branch_classifier,test,2020-03-31,-0.12765503,1495,1495
temporal_tabular_small_mlp_branch_classifier,test,2020-04-30,-0.061792996,1496,1496
temporal_tabular_small_mlp_branch_classifier,test,2020-05-29,-0.11515267,1495,1494
temporal_tabular_small_mlp_branch_classifier,test,2020-06-30,-0.003288485,1504,1503
temporal_tabular_small_mlp_branch_classifier,test,2020-07-31,0.022472735,1510,1509
temporal_tabular_small_mlp_branch_classifier,test,2020-08-31,0.007538853,1515,1514
temporal_tabular_small_mlp_branch_classifier,test,2020-09-30,0.023267979,1526,1525
temporal_tabular_small_mlp_branch_classifier,test,2020-10-30,-0.15623802,1541,1540
temporal_tabular_small_mlp_branch_classifier,test,2020-11-30,-0.04305075,1555,1554
temporal_tabular_small_mlp_branch_classifier,test,2020-12-31,-0.22380927,1575,1575
temporal_tabular_small_mlp_branch_classifier,test,2021-01-29,-0.044503484,1593,1592
temporal_tabular_small_mlp_branch_classifier,test,2021-02-26,0.075465515,1611,1611
temporal_tabular_small_mlp_branch_classifier,test,2021-03-31,0.06137109,1643,1642
temporal_tabular_small_mlp_branch_classifier,test,2021-04-30,0.039814547,1672,1672
temporal_tabular_small_mlp_branch_classifier,test,2021-05-28,-0.070267394,1696,1695
temporal_tabular_small_mlp_branch_classifier,test,2021-06-30,0.12536535,1718,1717
temporal_tabular_small_mlp_branch_classifier,test,2021-07-30,-0.0066746976,1745,1744
temporal_tabular_small_mlp_branch_classifier,test,2021-08-31,0.024484135,1756,1755
temporal_tabular_small_mlp_branch_classifier,test,2021-09-30,0.060948152,1775,1774
temporal_tabular_small_mlp_branch_classifier,test,2021-10-29,0.093615085,1794,1793
temporal_tabular_small_mlp_branch_classifier,test,2021-11-30,0.15687537,1814,1813
temporal_tabular_small_mlp_branch_classifier,test,2021-12-31,0.10742122,1838,1837
temporal_tabular_small_mlp_branch_classifier,test,2022-01-31,0.03029674,1855,1854
temporal_tabular_small_mlp_branch_classifier,test,2022-02-28,-0.011494718,1870,1869
temporal_tabular_small_mlp_branch_classifier,test,2022-03-31,0.1354707,1877,1876
temporal_tabular_small_mlp_branch_classifier,test,2022-04-29,0.101902,1885,1884
temporal_tabular_small_mlp_branch_classifier,test,2022-05-31,-0.025683288,1887,1886
temporal_tabular_small_mlp_branch_classifier,test,2022-06-30,0.0005418211,1892,1891
temporal_tabular_small_mlp_branch_classifier,test,2022-07-29,-0.041551575,1892,1891
temporal_tabular_small_mlp_branch_classifier,test,2022-08-31,0.072291456,1894,1893
temporal_tabular_small_mlp_branch_classifier,test,2022-09-30,0.11165785,1899,1899
temporal_tabular_small_mlp_branch_classifier,test,2022-10-31,0.08132003,1897,1896
temporal_tabular_small_mlp_branch_classifier,test,2022-11-30,0.039027575,1893,1893
temporal_tabular_small_mlp_branch_classifier,test,2022-12-30,-0.2045107,1881,1880
temporal_tabular_small_mlp_branch_classifier,test,2023-01-31,0.06865356,1876,1875
temporal_tabular_small_mlp_branch_classifier,test,2023-02-28,0.0730695,1871,1870
temporal_tabular_small_mlp_branch_classifier,test,2023-03-31,0.008500442,1865,1864
temporal_tabular_small_mlp_branch_classifier,test,2023-04-28,-0.044649873,1860,1859
temporal_tabular_small_mlp_branch_classifier,test,2023-05-31,0.047524538,1861,1860
temporal_tabular_small_mlp_branch_classifier,test,2023-06-30,-0.006225407,1859,1858
temporal_tabular_small_mlp_branch_classifier,test,2023-07-31,0.09935163,1853,1853
temporal_tabular_small_mlp_branch_classifier,test,2023-08-31,0.07021211,1856,1855
temporal_tabular_small_mlp_branch_classifier,test,2023-09-29,0.08170358,1864,1863
temporal_tabular_small_mlp_branch_classifier,test,2023-10-31,-0.0017952919,1867,1866
temporal_tabular_small_mlp_branch_classifier,test,2023-11-30,-0.0592316,1866,1865
temporal_tabular_small_mlp_branch_classifier,test,2023-12-29,0.03889972,1862,1861
temporal_tabular_small_mlp_branch_classifier,test,2024-01-31,-0.04207845,1874,1873
temporal_tabular_small_mlp_branch_classifier,test,2024-02-29,0.04046997,1866,1865
temporal_tabular_small_mlp_branch_classifier,test,2024-03-28,0.047920715,1867,1866
temporal_tabular_small_mlp_branch_classifier,test,2024-04-30,-0.013834931,1869,1868
temporal_tabular_small_mlp_branch_classifier,test,2024-05-31,0.06106376,1875,1874
temporal_tabular_small_mlp_branch_classifier,test,2024-06-28,0.022921253,1881,1880
temporal_tabular_small_mlp_branch_classifier,test,2024-07-31,0.083059296,1888,1887
temporal_tabular_small_mlp_branch_classifier,test,2024-08-30,0.011388592,1888,1887
temporal_tabular_small_mlp_branch_classifier,test,2024-09-30,-0.026467092,1909,1908
temporal_tabular_small_mlp_branch_classifier,test,2024-10-31,-0.012884751,1917,1916
temporal_tabular_small_mlp_branch_classifier,validation,2010-12-31,-0.02496132,1302,1301
temporal_tabular_small_mlp_branch_classifier,validation,2011-01-31,0.011413312,1307,1306
temporal_tabular_small_mlp_branch_classifier,validation,2011-02-28,0.03562595,1307,1306
temporal_tabular_small_mlp_branch_classifier,validation,2011-03-31,0.021342028,1309,1308
temporal_tabular_small_mlp_branch_classifier,validation,2011-04-29,0.025792096,1313,1312
temporal_tabular_small_mlp_branch_classifier,validation,2011-05-31,0.04786209,1319,1318
temporal_tabular_small_mlp_branch_classifier,validation,2011-06-30,-0.014963651,1323,1322
temporal_tabular_small_mlp_branch_classifier,validation,2011-07-29,0.0533088,1325,1324
temporal_tabular_small_mlp_branch_classifier,validation,2011-08-31,0.034666583,1325,1324
temporal_tabular_small_mlp_branch_classifier,validation,2011-09-30,0.034940198,1326,1325
temporal_tabular_small_mlp_branch_classifier,validation,2011-10-31,0.07040045,1323,1322
temporal_tabular_small_mlp_branch_classifier,validation,2011-11-30,0.03897023,1322,1322
temporal_tabular_small_mlp_branch_classifier,validation,2011-12-30,-0.09551822,1321,1320
temporal_tabular_small_mlp_branch_classifier,validation,2012-01-31,-0.020218916,1325,1325
temporal_tabular_small_mlp_branch_classifier,validation,2012-02-29,0.006997101,1331,1330
temporal_tabular_small_mlp_branch_classifier,validation,2012-03-30,0.021541376,1333,1332
temporal_tabular_small_mlp_branch_classifier,validation,2012-04-30,0.018076882,1337,1336
temporal_tabular_small_mlp_branch_classifier,validation,2012-05-31,0.014685694,1338,1337
temporal_tabular_small_mlp_branch_classifier,validation,2012-06-29,0.0353918,1334,1333
temporal_tabular_small_mlp_branch_classifier,validation,2012-07-31,0.006400397,1334,1333
temporal_tabular_small_mlp_branch_classifier,validation,2012-08-31,-0.01937078,1328,1327
temporal_tabular_small_mlp_branch_classifier,validation,2012-09-28,0.03858696,1322,1322
temporal_tabular_small_mlp_branch_classifier,validation,2012-10-31,0.021113668,1319,1318
temporal_tabular_small_mlp_branch_classifier,validation,2012-11-30,0.004663639,1318,1317
temporal_tabular_small_mlp_branch_classifier,validation,2012-12-31,-0.016263448,1317,1316
temporal_tabular_small_mlp_branch_classifier,validation,2013-01-31,0.026349548,1315,1314
temporal_tabular_small_mlp_branch_classifier,validation,2013-02-28,0.016338708,1315,1314
temporal_tabular_small_mlp_branch_classifier,validation,2013-03-28,0.01855777,1311,1310
temporal_tabular_small_mlp_branch_classifier,validation,2013-04-30,-0.021247515,1313,1312
temporal_tabular_small_mlp_branch_classifier,validation,2013-05-31,0.017540455,1317,1316
temporal_tabular_small_mlp_branch_classifier,validation,2013-06-28,-0.021846604,1321,1320
temporal_tabular_small_mlp_branch_classifier,validation,2013-07-31,-0.031727728,1326,1325
temporal_tabular_small_mlp_branch_classifier,validation,2013-08-30,-0.0063200705,1329,1329
temporal_tabular_small_mlp_branch_classifier,validation,2013-09-30,0.03955887,1332,1331
temporal_tabular_small_mlp_branch_classifier,validation,2013-10-31,-0.0022311062,1338,1337
temporal_tabular_small_mlp_branch_classifier,validation,2013-11-29,-0.02199489,1343,1342
temporal_tabular_small_mlp_branch_classifier,validation,2013-12-31,-0.09910415,1344,1343
temporal_tabular_small_mlp_branch_classifier,validation,2014-01-31,-0.01049545,1350,1349
temporal_tabular_small_mlp_branch_classifier,validation,2014-02-28,0.027138118,1354,1353
temporal_tabular_small_mlp_branch_classifier,validation,2014-03-31,0.06613848,1359,1358
temporal_tabular_small_mlp_branch_classifier,validation,2014-04-30,0.03868547,1363,1363
temporal_tabular_small_mlp_branch_classifier,validation,2014-05-30,-0.033108093,1370,1369
temporal_tabular_small_mlp_branch_classifier,validation,2014-06-30,0.02377377,1378,1377
temporal_tabular_small_mlp_branch_classifier,validation,2014-07-31,0.014096664,1385,1384
temporal_tabular_small_mlp_branch_classifier,validation,2014-08-29,0.02411943,1390,1389
temporal_tabular_small_mlp_branch_classifier,validation,2014-09-30,0.082989,1391,1390
temporal_tabular_small_mlp_branch_classifier,validation,2014-10-31,0.040309563,1396,1395
temporal_tabular_small_mlp_branch_classifier,validation,2014-11-28,0.024834633,1401,1400
temporal_tabular_small_mlp_branch_classifier,validation,2014-12-31,0.01476495,1399,1398
temporal_tabular_small_mlp_branch_classifier,validation,2015-01-30,-0.05647838,1397,1396
temporal_tabular_small_mlp_branch_classifier,validation,2015-02-27,0.03796688,1399,1399
temporal_tabular_small_mlp_branch_classifier,validation,2015-03-31,-0.052894916,1400,1400
temporal_tabular_small_mlp_branch_classifier,validation,2015-04-30,-0.00046010083,1406,1405
temporal_tabular_small_mlp_branch_classifier,validation,2015-05-29,0.021517016,1410,1409
temporal_tabular_small_mlp_branch_classifier,validation,2015-06-30,0.086038694,1417,1417
temporal_tabular_small_mlp_branch_classifier,validation,2015-07-31,0.0074784234,1428,1428
temporal_tabular_small_mlp_branch_classifier,validation,2015-08-31,0.08778837,1430,1429
temporal_tabular_small_mlp_branch_classifier,validation,2015-09-30,0.006689824,1430,1429
temporal_tabular_small_mlp_branch_classifier,validation,2015-10-30,-0.01880485,1431,1430
temporal_tabular_small_mlp_branch_classifier,validation,2015-11-30,0.048496973,1436,1435
temporal_tabular_small_mlp_branch_er_train,test,2015-12-31,0.04366991,1435,1435
temporal_tabular_small_mlp_branch_er_train,test,2016-01-29,0.02018958,1430,1429
temporal_tabular_small_mlp_branch_er_train,test,2016-02-29,-0.05071377,1427,1426
temporal_tabular_small_mlp_branch_er_train,test,2016-03-31,-0.041637894,1423,1423
temporal_tabular_small_mlp_branch_er_train,test,2016-04-29,0.015272437,1422,1421
temporal_tabular_small_mlp_branch_er_train,test,2016-05-31,0.013901717,1423,1423
temporal_tabular_small_mlp_branch_er_train,test,2016-06-30,-0.0044961087,1424,1423
temporal_tabular_small_mlp_branch_er_train,test,2016-07-29,0.0007886337,1424,1423
temporal_tabular_small_mlp_branch_er_train,test,2016-08-31,-0.006177323,1417,1416
temporal_tabular_small_mlp_branch_er_train,test,2016-09-30,0.037280146,1418,1418
temporal_tabular_small_mlp_branch_er_train,test,2016-10-31,0.06219484,1422,1421
temporal_tabular_small_mlp_branch_er_train,test,2016-11-30,0.045257498,1420,1419
temporal_tabular_small_mlp_branch_er_train,test,2016-12-30,-0.03374683,1422,1421
temporal_tabular_small_mlp_branch_er_train,test,2017-01-31,0.0054870127,1426,1425
temporal_tabular_small_mlp_branch_er_train,test,2017-02-28,0.0005581146,1422,1421
temporal_tabular_small_mlp_branch_er_train,test,2017-03-31,0.035604812,1422,1422
temporal_tabular_small_mlp_branch_er_train,test,2017-04-28,0.020277001,1426,1425
temporal_tabular_small_mlp_branch_er_train,test,2017-05-31,-0.00021931529,1429,1428
temporal_tabular_small_mlp_branch_er_train,test,2017-06-30,0.022350648,1430,1429
temporal_tabular_small_mlp_branch_er_train,test,2017-07-31,0.016118897,1432,1431
temporal_tabular_small_mlp_branch_er_train,test,2017-08-31,0.000115368515,1427,1426
temporal_tabular_small_mlp_branch_er_train,test,2017-09-29,0.031079777,1424,1423
temporal_tabular_small_mlp_branch_er_train,test,2017-10-31,-0.006322056,1431,1430
temporal_tabular_small_mlp_branch_er_train,test,2017-11-30,-0.015693925,1442,1441
temporal_tabular_small_mlp_branch_er_train,test,2017-12-29,0.0046200603,1441,1441
temporal_tabular_small_mlp_branch_er_train,test,2018-01-31,0.00086121634,1449,1448
temporal_tabular_small_mlp_branch_er_train,test,2018-02-28,0.013377683,1453,1452
temporal_tabular_small_mlp_branch_er_train,test,2018-03-29,0.010239004,1443,1442
temporal_tabular_small_mlp_branch_er_train,test,2018-04-30,-0.010280829,1452,1451
temporal_tabular_small_mlp_branch_er_train,test,2018-05-31,0.0074277595,1454,1454
temporal_tabular_small_mlp_branch_er_train,test,2018-06-29,0.037428126,1465,1464
temporal_tabular_small_mlp_branch_er_train,test,2018-07-31,0.015911844,1471,1471
temporal_tabular_small_mlp_branch_er_train,test,2018-08-31,-0.015295575,1469,1468
temporal_tabular_small_mlp_branch_er_train,test,2018-09-28,-0.010256238,1475,1474
temporal_tabular_small_mlp_branch_er_train,test,2018-10-31,0.021686547,1483,1482
temporal_tabular_small_mlp_branch_er_train,test,2018-11-30,0.021555714,1483,1482
temporal_tabular_small_mlp_branch_er_train,test,2018-12-31,-0.068160616,1482,1481
temporal_tabular_small_mlp_branch_er_train,test,2019-01-31,0.003609065,1482,1481
temporal_tabular_small_mlp_branch_er_train,test,2019-02-28,-0.027970713,1478,1478
temporal_tabular_small_mlp_branch_er_train,test,2019-03-29,0.025905404,1478,1478
temporal_tabular_small_mlp_branch_er_train,test,2019-04-30,-0.012655646,1480,1479
temporal_tabular_small_mlp_branch_er_train,test,2019-05-31,0.04981668,1492,1491
temporal_tabular_small_mlp_branch_er_train,test,2019-06-28,0.045837335,1495,1494
temporal_tabular_small_mlp_branch_er_train,test,2019-07-31,-0.00092258304,1499,1498
temporal_tabular_small_mlp_branch_er_train,test,2019-08-30,0.02063492,1498,1497
temporal_tabular_small_mlp_branch_er_train,test,2019-09-30,0.033350945,1500,1500
temporal_tabular_small_mlp_branch_er_train,test,2019-10-31,0.0056262556,1501,1500
temporal_tabular_small_mlp_branch_er_train,test,2019-11-29,-0.032530807,1501,1500
temporal_tabular_small_mlp_branch_er_train,test,2019-12-31,-0.04958401,1500,1500
temporal_tabular_small_mlp_branch_er_train,test,2020-01-31,-0.0469741,1502,1501
temporal_tabular_small_mlp_branch_er_train,test,2020-02-28,-0.067785636,1502,1501
temporal_tabular_small_mlp_branch_er_train,test,2020-03-31,0.009721935,1495,1495
temporal_tabular_small_mlp_branch_er_train,test,2020-04-30,-0.029742926,1496,1496
temporal_tabular_small_mlp_branch_er_train,test,2020-05-29,-0.030523729,1495,1494
temporal_tabular_small_mlp_branch_er_train,test,2020-06-30,0.014910653,1504,1503
temporal_tabular_small_mlp_branch_er_train,test,2020-07-31,0.036134828,1510,1509
temporal_tabular_small_mlp_branch_er_train,test,2020-08-31,0.00077022426,1515,1514
temporal_tabular_small_mlp_branch_er_train,test,2020-09-30,0.033621598,1526,1525
temporal_tabular_small_mlp_branch_er_train,test,2020-10-30,-0.08190668,1541,1540
temporal_tabular_small_mlp_branch_er_train,test,2020-11-30,-0.029939376,1555,1554
temporal_tabular_small_mlp_branch_er_train,test,2020-12-31,-0.12670273,1575,1575
temporal_tabular_small_mlp_branch_er_train,test,2021-01-29,-0.014472097,1593,1592
temporal_tabular_small_mlp_branch_er_train,test,2021-02-26,0.06356079,1611,1611
temporal_tabular_small_mlp_branch_er_train,test,2021-03-31,0.058696702,1643,1642
temporal_tabular_small_mlp_branch_er_train,test,2021-04-30,0.04105547,1672,1672
temporal_tabular_small_mlp_branch_er_train,test,2021-05-28,-0.05973202,1696,1695
temporal_tabular_small_mlp_branch_er_train,test,2021-06-30,0.096223556,1718,1717
temporal_tabular_small_mlp_branch_er_train,test,2021-07-30,0.00050083175,1745,1744
temporal_tabular_small_mlp_branch_er_train,test,2021-08-31,0.023201467,1756,1755
temporal_tabular_small_mlp_branch_er_train,test,2021-09-30,0.06108722,1775,1774
temporal_tabular_small_mlp_branch_er_train,test,2021-10-29,0.08333441,1794,1793
temporal_tabular_small_mlp_branch_er_train,test,2021-11-30,0.14481075,1814,1813
temporal_tabular_small_mlp_branch_er_train,test,2021-12-31,0.07948739,1838,1837
temporal_tabular_small_mlp_branch_er_train,test,2022-01-31,0.036738932,1855,1854
temporal_tabular_small_mlp_branch_er_train,test,2022-02-28,-0.0061873477,1870,1869
temporal_tabular_small_mlp_branch_er_train,test,2022-03-31,0.09943177,1877,1876
temporal_tabular_small_mlp_branch_er_train,test,2022-04-29,0.06633206,1885,1884
temporal_tabular_small_mlp_branch_er_train,test,2022-05-31,-0.042011455,1887,1886
temporal_tabular_small_mlp_branch_er_train,test,2022-06-30,0.018528484,1892,1891
temporal_tabular_small_mlp_branch_er_train,test,2022-07-29,-0.008126764,1892,1891
temporal_tabular_small_mlp_branch_er_train,test,2022-08-31,0.027344935,1894,1893
temporal_tabular_small_mlp_branch_er_train,test,2022-09-30,0.09931155,1899,1899
temporal_tabular_small_mlp_branch_er_train,test,2022-10-31,0.046849698,1897,1896
temporal_tabular_small_mlp_branch_er_train,test,2022-11-30,0.026694141,1893,1893
temporal_tabular_small_mlp_branch_er_train,test,2022-12-30,-0.10504429,1881,1880
temporal_tabular_small_mlp_branch_er_train,test,2023-01-31,0.05468741,1876,1875
temporal_tabular_small_mlp_branch_er_train,test,2023-02-28,0.035710994,1871,1870
temporal_tabular_small_mlp_branch_er_train,test,2023-03-31,-0.0059006084,1865,1864
temporal_tabular_small_mlp_branch_er_train,test,2023-04-28,-0.023108777,1860,1859
temporal_tabular_small_mlp_branch_er_train,test,2023-05-31,0.060731478,1861,1860
temporal_tabular_small_mlp_branch_er_train,test,2023-06-30,0.015341695,1859,1858
temporal_tabular_small_mlp_branch_er_train,test,2023-07-31,0.0739456,1853,1853
temporal_tabular_small_mlp_branch_er_train,test,2023-08-31,0.064340115,1856,1855
temporal_tabular_small_mlp_branch_er_train,test,2023-09-29,0.04290183,1864,1863
temporal_tabular_small_mlp_branch_er_train,test,2023-10-31,0.008338958,1867,1866
temporal_tabular_small_mlp_branch_er_train,test,2023-11-30,-0.012639381,1866,1865
temporal_tabular_small_mlp_branch_er_train,test,2023-12-29,0.013348239,1862,1861
temporal_tabular_small_mlp_branch_er_train,test,2024-01-31,-0.03124024,1874,1873
temporal_tabular_small_mlp_branch_er_train,test,2024-02-29,0.040142704,1866,1865
temporal_tabular_small_mlp_branch_er_train,test,2024-03-28,0.035334293,1867,1866
temporal_tabular_small_mlp_branch_er_train,test,2024-04-30,0.022057656,1869,1868
temporal_tabular_small_mlp_branch_er_train,test,2024-05-31,0.03316945,1875,1874
temporal_tabular_small_mlp_branch_er_train,test,2024-06-28,0.037697475,1881,1880
temporal_tabular_small_mlp_branch_er_train,test,2024-07-31,0.053644966,1888,1887
temporal_tabular_small_mlp_branch_er_train,test,2024-08-30,0.00989607,1888,1887
temporal_tabular_small_mlp_branch_er_train,test,2024-09-30,-0.025787955,1909,1908
temporal_tabular_small_mlp_branch_er_train,test,2024-10-31,0.0022714362,1917,1916
temporal_tabular_small_mlp_branch_er_train,validation,2010-12-31,-0.013074228,1302,1301
temporal_tabular_small_mlp_branch_er_train,validation,2011-01-31,0.031642895,1307,1306
temporal_tabular_small_mlp_branch_er_train,validation,2011-02-28,0.030725557,1307,1306
temporal_tabular_small_mlp_branch_er_train,validation,2011-03-31,0.012775085,1309,1308
temporal_tabular_small_mlp_branch_er_train,validation,2011-04-29,-0.011809634,1313,1312
temporal_tabular_small_mlp_branch_er_train,validation,2011-05-31,0.012190418,1319,1318
temporal_tabular_small_mlp_branch_er_train,validation,2011-06-30,-0.014080289,1323,1322
temporal_tabular_small_mlp_branch_er_train,validation,2011-07-29,-0.031179689,1325,1324
temporal_tabular_small_mlp_branch_er_train,validation,2011-08-31,-0.031614378,1325,1324
temporal_tabular_small_mlp_branch_er_train,validation,2011-09-30,0.081491865,1326,1325
temporal_tabular_small_mlp_branch_er_train,validation,2011-10-31,0.028897295,1323,1322
temporal_tabular_small_mlp_branch_er_train,validation,2011-11-30,0.012833557,1322,1322
temporal_tabular_small_mlp_branch_er_train,validation,2011-12-30,-0.008559443,1321,1320
temporal_tabular_small_mlp_branch_er_train,validation,2012-01-31,-3.9767474e-05,1325,1325
temporal_tabular_small_mlp_branch_er_train,validation,2012-02-29,0.009071853,1331,1330
temporal_tabular_small_mlp_branch_er_train,validation,2012-03-30,-0.0023144977,1333,1332
temporal_tabular_small_mlp_branch_er_train,validation,2012-04-30,-0.03858807,1337,1336
temporal_tabular_small_mlp_branch_er_train,validation,2012-05-31,0.0073356796,1338,1337
temporal_tabular_small_mlp_branch_er_train,validation,2012-06-29,-0.0042731194,1334,1333
temporal_tabular_small_mlp_branch_er_train,validation,2012-07-31,0.022992311,1334,1333
temporal_tabular_small_mlp_branch_er_train,validation,2012-08-31,0.005545009,1328,1327
temporal_tabular_small_mlp_branch_er_train,validation,2012-09-28,0.0122652985,1322,1322
temporal_tabular_small_mlp_branch_er_train,validation,2012-10-31,0.011462654,1319,1318
temporal_tabular_small_mlp_branch_er_train,validation,2012-11-30,0.017330885,1318,1317
temporal_tabular_small_mlp_branch_er_train,validation,2012-12-31,0.018213063,1317,1316
temporal_tabular_small_mlp_branch_er_train,validation,2013-01-31,0.0217903,1315,1314
temporal_tabular_small_mlp_branch_er_train,validation,2013-02-28,0.033831056,1315,1314
temporal_tabular_small_mlp_branch_er_train,validation,2013-03-28,-0.0029059888,1311,1310
temporal_tabular_small_mlp_branch_er_train,validation,2013-04-30,0.039330266,1313,1312
temporal_tabular_small_mlp_branch_er_train,validation,2013-05-31,0.025625616,1317,1316
temporal_tabular_small_mlp_branch_er_train,validation,2013-06-28,0.01744213,1321,1320
temporal_tabular_small_mlp_branch_er_train,validation,2013-07-31,-0.010211199,1326,1325
temporal_tabular_small_mlp_branch_er_train,validation,2013-08-30,0.016986653,1329,1329
temporal_tabular_small_mlp_branch_er_train,validation,2013-09-30,0.027053181,1332,1331
temporal_tabular_small_mlp_branch_er_train,validation,2013-10-31,0.027693313,1338,1337
temporal_tabular_small_mlp_branch_er_train,validation,2013-11-29,0.0014148019,1343,1342
temporal_tabular_small_mlp_branch_er_train,validation,2013-12-31,-0.08206076,1344,1343
temporal_tabular_small_mlp_branch_er_train,validation,2014-01-31,0.012659054,1350,1349
temporal_tabular_small_mlp_branch_er_train,validation,2014-02-28,0.010433402,1354,1353
temporal_tabular_small_mlp_branch_er_train,validation,2014-03-31,0.009268191,1359,1358
temporal_tabular_small_mlp_branch_er_train,validation,2014-04-30,0.0154936565,1363,1363
temporal_tabular_small_mlp_branch_er_train,validation,2014-05-30,0.0016939826,1370,1369
temporal_tabular_small_mlp_branch_er_train,validation,2014-06-30,-0.0055382885,1378,1377
temporal_tabular_small_mlp_branch_er_train,validation,2014-07-31,0.019923167,1385,1384
temporal_tabular_small_mlp_branch_er_train,validation,2014-08-29,-0.0064987056,1390,1389
temporal_tabular_small_mlp_branch_er_train,validation,2014-09-30,0.03899141,1391,1390
temporal_tabular_small_mlp_branch_er_train,validation,2014-10-31,0.012460457,1396,1395
temporal_tabular_small_mlp_branch_er_train,validation,2014-11-28,0.03555018,1401,1400
temporal_tabular_small_mlp_branch_er_train,validation,2014-12-31,-0.012277915,1399,1398
temporal_tabular_small_mlp_branch_er_train,validation,2015-01-30,-0.03519604,1397,1396
temporal_tabular_small_mlp_branch_er_train,validation,2015-02-27,0.03972864,1399,1399
temporal_tabular_small_mlp_branch_er_train,validation,2015-03-31,-0.03934475,1400,1400
temporal_tabular_small_mlp_branch_er_train,validation,2015-04-30,0.0066054296,1406,1405
temporal_tabular_small_mlp_branch_er_train,validation,2015-05-29,0.024552062,1410,1409
temporal_tabular_small_mlp_branch_er_train,validation,2015-06-30,0.062367287,1417,1417
temporal_tabular_small_mlp_branch_er_train,validation,2015-07-31,-0.006682437,1428,1428
temporal_tabular_small_mlp_branch_er_train,validation,2015-08-31,0.0671597,1430,1429
temporal_tabular_small_mlp_branch_er_train,validation,2015-09-30,0.009285498,1430,1429
temporal_tabular_small_mlp_branch_er_train,validation,2015-10-30,-0.01750322,1431,1430
temporal_tabular_small_mlp_branch_er_train,validation,2015-11-30,0.018596523,1436,1435
temporal_tabular_small_mlp_warmstart_classifier,test,2015-12-31,0.08049867,1435,1435
temporal_tabular_small_mlp_warmstart_classifier,test,2016-01-29,0.006895573,1430,1429
temporal_tabular_small_mlp_warmstart_classifier,test,2016-02-29,-0.040105492,1427,1426
temporal_tabular_small_mlp_warmstart_classifier,test,2016-03-31,-0.086260036,1423,1423
temporal_tabular_small_mlp_warmstart_classifier,test,2016-04-29,0.039746743,1422,1421
temporal_tabular_small_mlp_warmstart_classifier,test,2016-05-31,-0.0028878336,1423,1423
temporal_tabular_small_mlp_warmstart_classifier,test,2016-06-30,-0.031777352,1424,1423
temporal_tabular_small_mlp_warmstart_classifier,test,2016-07-29,-0.0050238157,1424,1423
temporal_tabular_small_mlp_warmstart_classifier,test,2016-08-31,-0.025688604,1417,1416
temporal_tabular_small_mlp_warmstart_classifier,test,2016-09-30,0.07058256,1418,1418
temporal_tabular_small_mlp_warmstart_classifier,test,2016-10-31,0.019910429,1422,1421
temporal_tabular_small_mlp_warmstart_classifier,test,2016-11-30,0.05187562,1420,1419
temporal_tabular_small_mlp_warmstart_classifier,test,2016-12-30,-0.045526918,1422,1421
temporal_tabular_small_mlp_warmstart_classifier,test,2017-01-31,0.007758798,1426,1425
temporal_tabular_small_mlp_warmstart_classifier,test,2017-02-28,0.004873161,1422,1421
temporal_tabular_small_mlp_warmstart_classifier,test,2017-03-31,0.05335912,1422,1422
temporal_tabular_small_mlp_warmstart_classifier,test,2017-04-28,0.04746991,1426,1425
temporal_tabular_small_mlp_warmstart_classifier,test,2017-05-31,-0.025378548,1429,1428
temporal_tabular_small_mlp_warmstart_classifier,test,2017-06-30,0.03165879,1430,1429
temporal_tabular_small_mlp_warmstart_classifier,test,2017-07-31,0.011566869,1432,1431
temporal_tabular_small_mlp_warmstart_classifier,test,2017-08-31,-0.033217307,1427,1426
temporal_tabular_small_mlp_warmstart_classifier,test,2017-09-29,0.043093324,1424,1423
temporal_tabular_small_mlp_warmstart_classifier,test,2017-10-31,-0.0021274574,1431,1430
temporal_tabular_small_mlp_warmstart_classifier,test,2017-11-30,-0.024664558,1442,1441
temporal_tabular_small_mlp_warmstart_classifier,test,2017-12-29,-0.005046483,1441,1441
temporal_tabular_small_mlp_warmstart_classifier,test,2018-01-31,0.0074663945,1449,1448
temporal_tabular_small_mlp_warmstart_classifier,test,2018-02-28,0.0040661776,1453,1452
temporal_tabular_small_mlp_warmstart_classifier,test,2018-03-29,-0.0057588075,1443,1442
temporal_tabular_small_mlp_warmstart_classifier,test,2018-04-30,-0.043659344,1452,1451
temporal_tabular_small_mlp_warmstart_classifier,test,2018-05-31,0.007342311,1454,1454
temporal_tabular_small_mlp_warmstart_classifier,test,2018-06-29,0.052460685,1465,1464
temporal_tabular_small_mlp_warmstart_classifier,test,2018-07-31,-0.009178508,1471,1471
temporal_tabular_small_mlp_warmstart_classifier,test,2018-08-31,0.002583919,1469,1468
temporal_tabular_small_mlp_warmstart_classifier,test,2018-09-28,0.04023186,1475,1474
temporal_tabular_small_mlp_warmstart_classifier,test,2018-10-31,0.042095933,1483,1482
temporal_tabular_small_mlp_warmstart_classifier,test,2018-11-30,0.07467436,1483,1482
temporal_tabular_small_mlp_warmstart_classifier,test,2018-12-31,-0.10543316,1482,1481
temporal_tabular_small_mlp_warmstart_classifier,test,2019-01-31,-0.0077842735,1482,1481
temporal_tabular_small_mlp_warmstart_classifier,test,2019-02-28,-0.0038125538,1478,1478
temporal_tabular_small_mlp_warmstart_classifier,test,2019-03-29,0.038443156,1478,1478
temporal_tabular_small_mlp_warmstart_classifier,test,2019-04-30,0.014347911,1480,1479
temporal_tabular_small_mlp_warmstart_classifier,test,2019-05-31,0.04933504,1492,1491
temporal_tabular_small_mlp_warmstart_classifier,test,2019-06-28,0.05441072,1495,1494
temporal_tabular_small_mlp_warmstart_classifier,test,2019-07-31,0.021572348,1499,1498
temporal_tabular_small_mlp_warmstart_classifier,test,2019-08-30,0.026384914,1498,1497
temporal_tabular_small_mlp_warmstart_classifier,test,2019-09-30,0.03776899,1500,1500
temporal_tabular_small_mlp_warmstart_classifier,test,2019-10-31,0.0020197667,1501,1500
temporal_tabular_small_mlp_warmstart_classifier,test,2019-11-29,-0.050949052,1501,1500
temporal_tabular_small_mlp_warmstart_classifier,test,2019-12-31,-0.041106045,1500,1500
temporal_tabular_small_mlp_warmstart_classifier,test,2020-01-31,-0.0416103,1502,1501
temporal_tabular_small_mlp_warmstart_classifier,test,2020-02-28,0.008118823,1502,1501
temporal_tabular_small_mlp_warmstart_classifier,test,2020-03-31,-0.08169241,1495,1495
temporal_tabular_small_mlp_warmstart_classifier,test,2020-04-30,-0.034036554,1496,1496
temporal_tabular_small_mlp_warmstart_classifier,test,2020-05-29,-0.10663105,1495,1494
temporal_tabular_small_mlp_warmstart_classifier,test,2020-06-30,-0.017777603,1504,1503
temporal_tabular_small_mlp_warmstart_classifier,test,2020-07-31,0.038620114,1510,1509
temporal_tabular_small_mlp_warmstart_classifier,test,2020-08-31,0.0012400635,1515,1514
temporal_tabular_small_mlp_warmstart_classifier,test,2020-09-30,0.018673262,1526,1525
temporal_tabular_small_mlp_warmstart_classifier,test,2020-10-30,-0.13485843,1541,1540
temporal_tabular_small_mlp_warmstart_classifier,test,2020-11-30,-0.0376442,1555,1554
temporal_tabular_small_mlp_warmstart_classifier,test,2020-12-31,-0.23345022,1575,1575
temporal_tabular_small_mlp_warmstart_classifier,test,2021-01-29,-0.039916433,1593,1592
temporal_tabular_small_mlp_warmstart_classifier,test,2021-02-26,0.06920875,1611,1611
temporal_tabular_small_mlp_warmstart_classifier,test,2021-03-31,0.062818244,1643,1642
temporal_tabular_small_mlp_warmstart_classifier,test,2021-04-30,0.034002397,1672,1672
temporal_tabular_small_mlp_warmstart_classifier,test,2021-05-28,-0.06965063,1696,1695
temporal_tabular_small_mlp_warmstart_classifier,test,2021-06-30,0.12514175,1718,1717
temporal_tabular_small_mlp_warmstart_classifier,test,2021-07-30,-0.008446077,1745,1744
temporal_tabular_small_mlp_warmstart_classifier,test,2021-08-31,0.02113556,1756,1755
temporal_tabular_small_mlp_warmstart_classifier,test,2021-09-30,0.054322477,1775,1774
temporal_tabular_small_mlp_warmstart_classifier,test,2021-10-29,0.09496877,1794,1793
temporal_tabular_small_mlp_warmstart_classifier,test,2021-11-30,0.1535245,1814,1813
temporal_tabular_small_mlp_warmstart_classifier,test,2021-12-31,0.09352474,1838,1837
temporal_tabular_small_mlp_warmstart_classifier,test,2022-01-31,0.02952974,1855,1854
temporal_tabular_small_mlp_warmstart_classifier,test,2022-02-28,-0.01015833,1870,1869
temporal_tabular_small_mlp_warmstart_classifier,test,2022-03-31,0.12353619,1877,1876
temporal_tabular_small_mlp_warmstart_classifier,test,2022-04-29,0.08815526,1885,1884
temporal_tabular_small_mlp_warmstart_classifier,test,2022-05-31,-0.033763785,1887,1886
temporal_tabular_small_mlp_warmstart_classifier,test,2022-06-30,0.0036743581,1892,1891
temporal_tabular_small_mlp_warmstart_classifier,test,2022-07-29,-0.048710253,1892,1891
temporal_tabular_small_mlp_warmstart_classifier,test,2022-08-31,0.08020536,1894,1893
temporal_tabular_small_mlp_warmstart_classifier,test,2022-09-30,0.10670013,1899,1899
temporal_tabular_small_mlp_warmstart_classifier,test,2022-10-31,0.098499246,1897,1896
temporal_tabular_small_mlp_warmstart_classifier,test,2022-11-30,0.04356046,1893,1893
temporal_tabular_small_mlp_warmstart_classifier,test,2022-12-30,-0.18892406,1881,1880
temporal_tabular_small_mlp_warmstart_classifier,test,2023-01-31,0.05341377,1876,1875
temporal_tabular_small_mlp_warmstart_classifier,test,2023-02-28,0.07719667,1871,1870
temporal_tabular_small_mlp_warmstart_classifier,test,2023-03-31,0.0017668,1865,1864
temporal_tabular_small_mlp_warmstart_classifier,test,2023-04-28,-0.036089327,1860,1859
temporal_tabular_small_mlp_warmstart_classifier,test,2023-05-31,0.051265188,1861,1860
temporal_tabular_small_mlp_warmstart_classifier,test,2023-06-30,-0.006112516,1859,1858
temporal_tabular_small_mlp_warmstart_classifier,test,2023-07-31,0.09927375,1853,1853
temporal_tabular_small_mlp_warmstart_classifier,test,2023-08-31,0.06541777,1856,1855
temporal_tabular_small_mlp_warmstart_classifier,test,2023-09-29,0.07376744,1864,1863
temporal_tabular_small_mlp_warmstart_classifier,test,2023-10-31,0.0061537325,1867,1866
temporal_tabular_small_mlp_warmstart_classifier,test,2023-11-30,-0.05229415,1866,1865
temporal_tabular_small_mlp_warmstart_classifier,test,2023-12-29,0.042023234,1862,1861
temporal_tabular_small_mlp_warmstart_classifier,test,2024-01-31,-0.04655755,1874,1873
temporal_tabular_small_mlp_warmstart_classifier,test,2024-02-29,0.041277334,1866,1865
temporal_tabular_small_mlp_warmstart_classifier,test,2024-03-28,0.046035122,1867,1866
temporal_tabular_small_mlp_warmstart_classifier,test,2024-04-30,-0.014241606,1869,1868
temporal_tabular_small_mlp_warmstart_classifier,test,2024-05-31,0.053725563,1875,1874
temporal_tabular_small_mlp_warmstart_classifier,test,2024-06-28,0.025552858,1881,1880
temporal_tabular_small_mlp_warmstart_classifier,test,2024-07-31,0.074529074,1888,1887
temporal_tabular_small_mlp_warmstart_classifier,test,2024-08-30,0.008526729,1888,1887
temporal_tabular_small_mlp_warmstart_classifier,test,2024-09-30,-0.029022971,1909,1908
temporal_tabular_small_mlp_warmstart_classifier,test,2024-10-31,-0.005824223,1917,1916
temporal_tabular_small_mlp_warmstart_classifier,validation,2010-12-31,-0.012227653,1302,1301
temporal_tabular_small_mlp_warmstart_classifier,validation,2011-01-31,0.014154466,1307,1306
temporal_tabular_small_mlp_warmstart_classifier,validation,2011-02-28,0.031219691,1307,1306
temporal_tabular_small_mlp_warmstart_classifier,validation,2011-03-31,0.022330364,1309,1308
temporal_tabular_small_mlp_warmstart_classifier,validation,2011-04-29,0.021155981,1313,1312
temporal_tabular_small_mlp_warmstart_classifier,validation,2011-05-31,0.038985938,1319,1318
temporal_tabular_small_mlp_warmstart_classifier,validation,2011-06-30,-0.019584414,1323,1322
temporal_tabular_small_mlp_warmstart_classifier,validation,2011-07-29,0.028544232,1325,1324
temporal_tabular_small_mlp_warmstart_classifier,validation,2011-08-31,0.020933568,1325,1324
temporal_tabular_small_mlp_warmstart_classifier,validation,2011-09-30,0.08703235,1326,1325
temporal_tabular_small_mlp_warmstart_classifier,validation,2011-10-31,0.0060287043,1323,1322
temporal_tabular_small_mlp_warmstart_classifier,validation,2011-11-30,0.036770623,1322,1322
temporal_tabular_small_mlp_warmstart_classifier,validation,2011-12-30,-0.027498156,1321,1320
temporal_tabular_small_mlp_warmstart_classifier,validation,2012-01-31,0.0019368939,1325,1325
temporal_tabular_small_mlp_warmstart_classifier,validation,2012-02-29,0.021024175,1331,1330
temporal_tabular_small_mlp_warmstart_classifier,validation,2012-03-30,0.003612331,1333,1332
temporal_tabular_small_mlp_warmstart_classifier,validation,2012-04-30,-0.026052058,1337,1336
temporal_tabular_small_mlp_warmstart_classifier,validation,2012-05-31,0.014030958,1338,1337
temporal_tabular_small_mlp_warmstart_classifier,validation,2012-06-29,0.012716305,1334,1333
temporal_tabular_small_mlp_warmstart_classifier,validation,2012-07-31,0.017552972,1334,1333
temporal_tabular_small_mlp_warmstart_classifier,validation,2012-08-31,-0.0033525303,1328,1327
temporal_tabular_small_mlp_warmstart_classifier,validation,2012-09-28,0.01933077,1322,1322
temporal_tabular_small_mlp_warmstart_classifier,validation,2012-10-31,0.02104945,1319,1318
temporal_tabular_small_mlp_warmstart_classifier,validation,2012-11-30,0.010352604,1318,1317
temporal_tabular_small_mlp_warmstart_classifier,validation,2012-12-31,-0.0014771447,1317,1316
temporal_tabular_small_mlp_warmstart_classifier,validation,2013-01-31,0.026025966,1315,1314
temporal_tabular_small_mlp_warmstart_classifier,validation,2013-02-28,0.017780423,1315,1314
temporal_tabular_small_mlp_warmstart_classifier,validation,2013-03-28,0.012709839,1311,1310
temporal_tabular_small_mlp_warmstart_classifier,validation,2013-04-30,-0.007945549,1313,1312
temporal_tabular_small_mlp_warmstart_classifier,validation,2013-05-31,0.011822008,1317,1316
temporal_tabular_small_mlp_warmstart_classifier,validation,2013-06-28,-0.02447388,1321,1320
temporal_tabular_small_mlp_warmstart_classifier,validation,2013-07-31,-0.027285997,1326,1325
temporal_tabular_small_mlp_warmstart_classifier,validation,2013-08-30,-0.011694852,1329,1329
temporal_tabular_small_mlp_warmstart_classifier,validation,2013-09-30,0.038824078,1332,1331
temporal_tabular_small_mlp_warmstart_classifier,validation,2013-10-31,0.0032795798,1338,1337
temporal_tabular_small_mlp_warmstart_classifier,validation,2013-11-29,-0.02286158,1343,1342
temporal_tabular_small_mlp_warmstart_classifier,validation,2013-12-31,-0.09625747,1344,1343
temporal_tabular_small_mlp_warmstart_classifier,validation,2014-01-31,-0.010551866,1350,1349
temporal_tabular_small_mlp_warmstart_classifier,validation,2014-02-28,0.036918692,1354,1353
temporal_tabular_small_mlp_warmstart_classifier,validation,2014-03-31,0.07291648,1359,1358
temporal_tabular_small_mlp_warmstart_classifier,validation,2014-04-30,0.039590675,1363,1363
temporal_tabular_small_mlp_warmstart_classifier,validation,2014-05-30,-0.034672603,1370,1369
temporal_tabular_small_mlp_warmstart_classifier,validation,2014-06-30,0.023283642,1378,1377
temporal_tabular_small_mlp_warmstart_classifier,validation,2014-07-31,0.011845421,1385,1384
temporal_tabular_small_mlp_warmstart_classifier,validation,2014-08-29,0.010714605,1390,1389
temporal_tabular_small_mlp_warmstart_classifier,validation,2014-09-30,0.07030915,1391,1390
temporal_tabular_small_mlp_warmstart_classifier,validation,2014-10-31,0.03428916,1396,1395
temporal_tabular_small_mlp_warmstart_classifier,validation,2014-11-28,0.024658967,1401,1400
temporal_tabular_small_mlp_warmstart_classifier,validation,2014-12-31,0.0030729026,1399,1398
temporal_tabular_small_mlp_warmstart_classifier,validation,2015-01-30,-0.03992783,1397,1396
temporal_tabular_small_mlp_warmstart_classifier,validation,2015-02-27,0.036976583,1399,1399
temporal_tabular_small_mlp_warmstart_classifier,validation,2015-03-31,-0.04862176,1400,1400
temporal_tabular_small_mlp_warmstart_classifier,validation,2015-04-30,0.004668885,1406,1405
temporal_tabular_small_mlp_warmstart_classifier,validation,2015-05-29,0.016961146,1410,1409
temporal_tabular_small_mlp_warmstart_classifier,validation,2015-06-30,0.08322826,1417,1417
temporal_tabular_small_mlp_warmstart_classifier,validation,2015-07-31,-0.0042433664,1428,1428
temporal_tabular_small_mlp_warmstart_classifier,validation,2015-08-31,0.0705706,1430,1429
temporal_tabular_small_mlp_warmstart_classifier,validation,2015-09-30,0.013277102,1430,1429
temporal_tabular_small_mlp_warmstart_classifier,validation,2015-10-30,-0.01720245,1431,1430
temporal_tabular_small_mlp_warmstart_classifier,validation,2015-11-30,0.043581255,1436,1435
temporal_tabular_small_mlp_warmstart_er_train,test,2015-12-31,0.028816357,1435,1435
temporal_tabular_small_mlp_warmstart_er_train,test,2016-01-29,0.01086512,1430,1429
temporal_tabular_small_mlp_warmstart_er_train,test,2016-02-29,0.00590761,1427,1426
temporal_tabular_small_mlp_warmstart_er_train,test,2016-03-31,-0.02049841,1423,1423
temporal_tabular_small_mlp_warmstart_er_train,test,2016-04-29,0.017075434,1422,1421
temporal_tabular_small_mlp_warmstart_er_train,test,2016-05-31,-0.0029759551,1423,1423
temporal_tabular_small_mlp_warmstart_er_train,test,2016-06-30,-0.0012878515,1424,1423
temporal_tabular_small_mlp_warmstart_er_train,test,2016-07-29,0.01071433,1424,1423
temporal_tabular_small_mlp_warmstart_er_train,test,2016-08-31,5.430542e-05,1417,1416
temporal_tabular_small_mlp_warmstart_er_train,test,2016-09-30,0.02300854,1418,1418
temporal_tabular_small_mlp_warmstart_er_train,test,2016-10-31,0.068541415,1422,1421
temporal_tabular_small_mlp_warmstart_er_train,test,2016-11-30,0.03563238,1420,1419
temporal_tabular_small_mlp_warmstart_er_train,test,2016-12-30,-0.044987537,1422,1421
temporal_tabular_small_mlp_warmstart_er_train,test,2017-01-31,0.0037059272,1426,1425
temporal_tabular_small_mlp_warmstart_er_train,test,2017-02-28,0.009663055,1422,1421
temporal_tabular_small_mlp_warmstart_er_train,test,2017-03-31,0.03642404,1422,1422
temporal_tabular_small_mlp_warmstart_er_train,test,2017-04-28,0.016557364,1426,1425
temporal_tabular_small_mlp_warmstart_er_train,test,2017-05-31,-0.006153211,1429,1428
temporal_tabular_small_mlp_warmstart_er_train,test,2017-06-30,0.021677196,1430,1429
temporal_tabular_small_mlp_warmstart_er_train,test,2017-07-31,0.012043154,1432,1431
temporal_tabular_small_mlp_warmstart_er_train,test,2017-08-31,-0.0219618,1427,1426
temporal_tabular_small_mlp_warmstart_er_train,test,2017-09-29,0.037005305,1424,1423
temporal_tabular_small_mlp_warmstart_er_train,test,2017-10-31,-0.0029172245,1431,1430
temporal_tabular_small_mlp_warmstart_er_train,test,2017-11-30,-0.020597257,1442,1441
temporal_tabular_small_mlp_warmstart_er_train,test,2017-12-29,0.00016580895,1441,1441
temporal_tabular_small_mlp_warmstart_er_train,test,2018-01-31,-0.001763504,1449,1448
temporal_tabular_small_mlp_warmstart_er_train,test,2018-02-28,0.008423189,1453,1452
temporal_tabular_small_mlp_warmstart_er_train,test,2018-03-29,8.003949e-05,1443,1442
temporal_tabular_small_mlp_warmstart_er_train,test,2018-04-30,-0.03770362,1452,1451
temporal_tabular_small_mlp_warmstart_er_train,test,2018-05-31,0.008412296,1454,1454
temporal_tabular_small_mlp_warmstart_er_train,test,2018-06-29,0.048384722,1465,1464
temporal_tabular_small_mlp_warmstart_er_train,test,2018-07-31,0.0065384414,1471,1471
temporal_tabular_small_mlp_warmstart_er_train,test,2018-08-31,-0.004301824,1469,1468
temporal_tabular_small_mlp_warmstart_er_train,test,2018-09-28,0.0008794293,1475,1474
temporal_tabular_small_mlp_warmstart_er_train,test,2018-10-31,0.025420291,1483,1482
temporal_tabular_small_mlp_warmstart_er_train,test,2018-11-30,0.030553237,1483,1482
temporal_tabular_small_mlp_warmstart_er_train,test,2018-12-31,-0.044414543,1482,1481
temporal_tabular_small_mlp_warmstart_er_train,test,2019-01-31,0.023085406,1482,1481
temporal_tabular_small_mlp_warmstart_er_train,test,2019-02-28,-0.016457004,1478,1478
temporal_tabular_small_mlp_warmstart_er_train,test,2019-03-29,0.030420316,1478,1478
temporal_tabular_small_mlp_warmstart_er_train,test,2019-04-30,-0.036500547,1480,1479
temporal_tabular_small_mlp_warmstart_er_train,test,2019-05-31,0.05131568,1492,1491
temporal_tabular_small_mlp_warmstart_er_train,test,2019-06-28,0.032491907,1495,1494
temporal_tabular_small_mlp_warmstart_er_train,test,2019-07-31,-0.021331362,1499,1498
temporal_tabular_small_mlp_warmstart_er_train,test,2019-08-30,0.022994615,1498,1497
temporal_tabular_small_mlp_warmstart_er_train,test,2019-09-30,0.021328975,1500,1500
temporal_tabular_small_mlp_warmstart_er_train,test,2019-10-31,0.018067095,1501,1500
temporal_tabular_small_mlp_warmstart_er_train,test,2019-11-29,-0.0045336336,1501,1500
temporal_tabular_small_mlp_warmstart_er_train,test,2019-12-31,-0.052201945,1500,1500
temporal_tabular_small_mlp_warmstart_er_train,test,2020-01-31,-0.05493016,1502,1501
temporal_tabular_small_mlp_warmstart_er_train,test,2020-02-28,-0.06798084,1502,1501
temporal_tabular_small_mlp_warmstart_er_train,test,2020-03-31,0.080236934,1495,1495
temporal_tabular_small_mlp_warmstart_er_train,test,2020-04-30,0.025761064,1496,1496
temporal_tabular_small_mlp_warmstart_er_train,test,2020-05-29,-0.054280728,1495,1494
temporal_tabular_small_mlp_warmstart_er_train,test,2020-06-30,0.01168279,1504,1503
temporal_tabular_small_mlp_warmstart_er_train,test,2020-07-31,0.049908653,1510,1509
temporal_tabular_small_mlp_warmstart_er_train,test,2020-08-31,-0.016994845,1515,1514
temporal_tabular_small_mlp_warmstart_er_train,test,2020-09-30,0.022849213,1526,1525
temporal_tabular_small_mlp_warmstart_er_train,test,2020-10-30,-0.031166479,1541,1540
temporal_tabular_small_mlp_warmstart_er_train,test,2020-11-30,-0.015903391,1555,1554
temporal_tabular_small_mlp_warmstart_er_train,test,2020-12-31,-0.22247697,1575,1575
temporal_tabular_small_mlp_warmstart_er_train,test,2021-01-29,-0.014429174,1593,1592
temporal_tabular_small_mlp_warmstart_er_train,test,2021-02-26,0.0645682,1611,1611
temporal_tabular_small_mlp_warmstart_er_train,test,2021-03-31,0.063053094,1643,1642
temporal_tabular_small_mlp_warmstart_er_train,test,2021-04-30,0.040021196,1672,1672
temporal_tabular_small_mlp_warmstart_er_train,test,2021-05-28,-0.055898022,1696,1695
temporal_tabular_small_mlp_warmstart_er_train,test,2021-06-30,0.12091978,1718,1717
temporal_tabular_small_mlp_warmstart_er_train,test,2021-07-30,0.0048993863,1745,1744
temporal_tabular_small_mlp_warmstart_er_train,test,2021-08-31,0.018465552,1756,1755
temporal_tabular_small_mlp_warmstart_er_train,test,2021-09-30,0.054322384,1775,1774
temporal_tabular_small_mlp_warmstart_er_train,test,2021-10-29,0.09540855,1794,1793
temporal_tabular_small_mlp_warmstart_er_train,test,2021-11-30,0.150498,1814,1813
temporal_tabular_small_mlp_warmstart_er_train,test,2021-12-31,0.056759473,1838,1837
temporal_tabular_small_mlp_warmstart_er_train,test,2022-01-31,0.035302494,1855,1854
temporal_tabular_small_mlp_warmstart_er_train,test,2022-02-28,-0.0045683663,1870,1869
temporal_tabular_small_mlp_warmstart_er_train,test,2022-03-31,0.08856764,1877,1876
temporal_tabular_small_mlp_warmstart_er_train,test,2022-04-29,0.06438434,1885,1884
temporal_tabular_small_mlp_warmstart_er_train,test,2022-05-31,-0.05975143,1887,1886
temporal_tabular_small_mlp_warmstart_er_train,test,2022-06-30,0.018719949,1892,1891
temporal_tabular_small_mlp_warmstart_er_train,test,2022-07-29,-0.03587369,1892,1891
temporal_tabular_small_mlp_warmstart_er_train,test,2022-08-31,0.047693342,1894,1893
temporal_tabular_small_mlp_warmstart_er_train,test,2022-09-30,0.11237496,1899,1899
temporal_tabular_small_mlp_warmstart_er_train,test,2022-10-31,0.06479816,1897,1896
temporal_tabular_small_mlp_warmstart_er_train,test,2022-11-30,0.022455793,1893,1893
temporal_tabular_small_mlp_warmstart_er_train,test,2022-12-30,-0.06596596,1881,1880
temporal_tabular_small_mlp_warmstart_er_train,test,2023-01-31,0.024922207,1876,1875
temporal_tabular_small_mlp_warmstart_er_train,test,2023-02-28,0.069634564,1871,1870
temporal_tabular_small_mlp_warmstart_er_train,test,2023-03-31,-0.010193827,1865,1864
temporal_tabular_small_mlp_warmstart_er_train,test,2023-04-28,-0.010212066,1860,1859
temporal_tabular_small_mlp_warmstart_er_train,test,2023-05-31,0.05261263,1861,1860
temporal_tabular_small_mlp_warmstart_er_train,test,2023-06-30,0.013340414,1859,1858
temporal_tabular_small_mlp_warmstart_er_train,test,2023-07-31,0.07927912,1853,1853
temporal_tabular_small_mlp_warmstart_er_train,test,2023-08-31,0.061889656,1856,1855
temporal_tabular_small_mlp_warmstart_er_train,test,2023-09-29,0.023840033,1864,1863
temporal_tabular_small_mlp_warmstart_er_train,test,2023-10-31,0.033637155,1867,1866
temporal_tabular_small_mlp_warmstart_er_train,test,2023-11-30,0.022988647,1866,1865
temporal_tabular_small_mlp_warmstart_er_train,test,2023-12-29,0.023076618,1862,1861
temporal_tabular_small_mlp_warmstart_er_train,test,2024-01-31,-0.03055137,1874,1873
temporal_tabular_small_mlp_warmstart_er_train,test,2024-02-29,0.047957968,1866,1865
temporal_tabular_small_mlp_warmstart_er_train,test,2024-03-28,0.017798793,1867,1866
temporal_tabular_small_mlp_warmstart_er_train,test,2024-04-30,0.024280682,1869,1868
temporal_tabular_small_mlp_warmstart_er_train,test,2024-05-31,0.009649608,1875,1874
temporal_tabular_small_mlp_warmstart_er_train,test,2024-06-28,0.0341393,1881,1880
temporal_tabular_small_mlp_warmstart_er_train,test,2024-07-31,0.03959205,1888,1887
temporal_tabular_small_mlp_warmstart_er_train,test,2024-08-30,0.009431821,1888,1887
temporal_tabular_small_mlp_warmstart_er_train,test,2024-09-30,-0.025253637,1909,1908
temporal_tabular_small_mlp_warmstart_er_train,test,2024-10-31,0.007656604,1917,1916
temporal_tabular_small_mlp_warmstart_er_train,validation,2010-12-31,0.00540986,1302,1301
temporal_tabular_small_mlp_warmstart_er_train,validation,2011-01-31,0.024993418,1307,1306
temporal_tabular_small_mlp_warmstart_er_train,validation,2011-02-28,0.023909578,1307,1306
temporal_tabular_small_mlp_warmstart_er_train,validation,2011-03-31,0.012559947,1309,1308
temporal_tabular_small_mlp_warmstart_er_train,validation,2011-04-29,-0.015633203,1313,1312
temporal_tabular_small_mlp_warmstart_er_train,validation,2011-05-31,0.00021451712,1319,1318
temporal_tabular_small_mlp_warmstart_er_train,validation,2011-06-30,-0.012659924,1323,1322
temporal_tabular_small_mlp_warmstart_er_train,validation,2011-07-29,-0.05562954,1325,1324
temporal_tabular_small_mlp_warmstart_er_train,validation,2011-08-31,-0.057100464,1325,1324
temporal_tabular_small_mlp_warmstart_er_train,validation,2011-09-30,0.12323524,1326,1325
temporal_tabular_small_mlp_warmstart_er_train,validation,2011-10-31,-0.032003384,1323,1322
temporal_tabular_small_mlp_warmstart_er_train,validation,2011-11-30,0.016382737,1322,1322
temporal_tabular_small_mlp_warmstart_er_train,validation,2011-12-30,0.052699346,1321,1320
temporal_tabular_small_mlp_warmstart_er_train,validation,2012-01-31,0.018625613,1325,1325
temporal_tabular_small_mlp_warmstart_er_train,validation,2012-02-29,0.025413556,1331,1330
temporal_tabular_small_mlp_warmstart_er_train,validation,2012-03-30,-0.0175874,1333,1332
temporal_tabular_small_mlp_warmstart_er_train,validation,2012-04-30,-0.07480497,1337,1336
temporal_tabular_small_mlp_warmstart_er_train,validation,2012-05-31,0.0140886735,1338,1337
temporal_tabular_small_mlp_warmstart_er_train,validation,2012-06-29,-0.018530801,1334,1333
temporal_tabular_small_mlp_warmstart_er_train,validation,2012-07-31,0.027045514,1334,1333
temporal_tabular_small_mlp_warmstart_er_train,validation,2012-08-31,0.01950368,1328,1327
temporal_tabular_small_mlp_warmstart_er_train,validation,2012-09-28,-0.007261607,1322,1322
temporal_tabular_small_mlp_warmstart_er_train,validation,2012-10-31,0.0099728275,1319,1318
temporal_tabular_small_mlp_warmstart_er_train,validation,2012-11-30,0.016125772,1318,1317
temporal_tabular_small_mlp_warmstart_er_train,validation,2012-12-31,0.031100545,1317,1316
temporal_tabular_small_mlp_warmstart_er_train,validation,2013-01-31,0.015918205,1315,1314
temporal_tabular_small_mlp_warmstart_er_train,validation,2013-02-28,0.031238373,1315,1314
temporal_tabular_small_mlp_warmstart_er_train,validation,2013-03-28,-0.011913018,1311,1310
temporal_tabular_small_mlp_warmstart_er_train,validation,2013-04-30,0.051047508,1313,1312
temporal_tabular_small_mlp_warmstart_er_train,validation,2013-05-31,0.021705808,1317,1316
temporal_tabular_small_mlp_warmstart_er_train,validation,2013-06-28,0.025326755,1321,1320
temporal_tabular_small_mlp_warmstart_er_train,validation,2013-07-31,-0.012509427,1326,1325
temporal_tabular_small_mlp_warmstart_er_train,validation,2013-08-30,0.012594733,1329,1329
temporal_tabular_small_mlp_warmstart_er_train,validation,2013-09-30,0.036065206,1332,1331
temporal_tabular_small_mlp_warmstart_er_train,validation,2013-10-31,0.023292348,1338,1337
temporal_tabular_small_mlp_warmstart_er_train,validation,2013-11-29,-0.0044845305,1343,1342
temporal_tabular_small_mlp_warmstart_er_train,validation,2013-12-31,-0.0865632,1344,1343
temporal_tabular_small_mlp_warmstart_er_train,validation,2014-01-31,0.015403658,1350,1349
temporal_tabular_small_mlp_warmstart_er_train,validation,2014-02-28,0.019955415,1354,1353
temporal_tabular_small_mlp_warmstart_er_train,validation,2014-03-31,0.024045382,1359,1358
temporal_tabular_small_mlp_warmstart_er_train,validation,2014-04-30,0.028937608,1363,1363
temporal_tabular_small_mlp_warmstart_er_train,validation,2014-05-30,-0.01156747,1370,1369
temporal_tabular_small_mlp_warmstart_er_train,validation,2014-06-30,-0.0063293166,1378,1377
temporal_tabular_small_mlp_warmstart_er_train,validation,2014-07-31,0.021738641,1385,1384
temporal_tabular_small_mlp_warmstart_er_train,validation,2014-08-29,-0.016739022,1390,1389
temporal_tabular_small_mlp_warmstart_er_train,validation,2014-09-30,0.045885645,1391,1390
temporal_tabular_small_mlp_warmstart_er_train,validation,2014-10-31,0.009441657,1396,1395
temporal_tabular_small_mlp_warmstart_er_train,validation,2014-11-28,0.030074816,1401,1400
temporal_tabular_small_mlp_warmstart_er_train,validation,2014-12-31,-0.018764492,1399,1398
temporal_tabular_small_mlp_warmstart_er_train,validation,2015-01-30,-0.021002833,1397,1396
temporal_tabular_small_mlp_warmstart_er_train,validation,2015-02-27,0.034052532,1399,1399
temporal_tabular_small_mlp_warmstart_er_train,validation,2015-03-31,-0.042286888,1400,1400
temporal_tabular_small_mlp_warmstart_er_train,validation,2015-04-30,0.0052772346,1406,1405
temporal_tabular_small_mlp_warmstart_er_train,validation,2015-05-29,0.022955893,1410,1409
temporal_tabular_small_mlp_warmstart_er_train,validation,2015-06-30,0.06458929,1417,1417
temporal_tabular_small_mlp_warmstart_er_train,validation,2015-07-31,-0.010930546,1428,1428
temporal_tabular_small_mlp_warmstart_er_train,validation,2015-08-31,0.047270603,1430,1429
temporal_tabular_small_mlp_warmstart_er_train,validation,2015-09-30,0.020316802,1430,1429
temporal_tabular_small_mlp_warmstart_er_train,validation,2015-10-30,-0.01769236,1431,1430
temporal_tabular_small_mlp_warmstart_er_train,validation,2015-11-30,0.008592546,1436,1435
temporal_tabular_small_random_classifier,test,2015-12-31,0.10760751,1435,1435
temporal_tabular_small_random_classifier,test,2016-01-29,0.0078089004,1430,1429
temporal_tabular_small_random_classifier,test,2016-02-29,-0.059181694,1427,1426
temporal_tabular_small_random_classifier,test,2016-03-31,-0.10100628,1423,1423
temporal_tabular_small_random_classifier,test,2016-04-29,0.046749495,1422,1421
temporal_tabular_small_random_classifier,test,2016-05-31,0.0030138209,1423,1423
temporal_tabular_small_random_classifier,test,2016-06-30,-0.039357994,1424,1423
temporal_tabular_small_random_classifier,test,2016-07-29,-0.018742036,1424,1423
temporal_tabular_small_random_classifier,test,2016-08-31,-0.040083054,1417,1416
temporal_tabular_small_random_classifier,test,2016-09-30,0.08842691,1418,1418
temporal_tabular_small_random_classifier,test,2016-10-31,0.019873329,1422,1421
temporal_tabular_small_random_classifier,test,2016-11-30,0.06373824,1420,1419
temporal_tabular_small_random_classifier,test,2016-12-30,-0.04398952,1422,1421
temporal_tabular_small_random_classifier,test,2017-01-31,0.00867045,1426,1425
temporal_tabular_small_random_classifier,test,2017-02-28,0.005810082,1422,1421
temporal_tabular_small_random_classifier,test,2017-03-31,0.04784649,1422,1422
temporal_tabular_small_random_classifier,test,2017-04-28,0.048568416,1426,1425
temporal_tabular_small_random_classifier,test,2017-05-31,-0.03137032,1429,1428
temporal_tabular_small_random_classifier,test,2017-06-30,0.026176343,1430,1429
temporal_tabular_small_random_classifier,test,2017-07-31,0.011208062,1432,1431
temporal_tabular_small_random_classifier,test,2017-08-31,-0.041259017,1427,1426
temporal_tabular_small_random_classifier,test,2017-09-29,0.042544007,1424,1423
temporal_tabular_small_random_classifier,test,2017-10-31,-0.00677786,1431,1430
temporal_tabular_small_random_classifier,test,2017-11-30,-0.02582385,1442,1441
temporal_tabular_small_random_classifier,test,2017-12-29,-0.0128714405,1441,1441
temporal_tabular_small_random_classifier,test,2018-01-31,0.0085202865,1449,1448
temporal_tabular_small_random_classifier,test,2018-02-28,0.015229376,1453,1452
temporal_tabular_small_random_classifier,test,2018-03-29,-0.0051507847,1443,1442
temporal_tabular_small_random_classifier,test,2018-04-30,-0.042345315,1452,1451
temporal_tabular_small_random_classifier,test,2018-05-31,0.007818829,1454,1454
temporal_tabular_small_random_classifier,test,2018-06-29,0.047915027,1465,1464
temporal_tabular_small_random_classifier,test,2018-07-31,-0.01702022,1471,1471
temporal_tabular_small_random_classifier,test,2018-08-31,3.3766963e-05,1469,1468
temporal_tabular_small_random_classifier,test,2018-09-28,0.05004351,1475,1474
temporal_tabular_small_random_classifier,test,2018-10-31,0.049014047,1483,1482
temporal_tabular_small_random_classifier,test,2018-11-30,0.093427606,1483,1482
temporal_tabular_small_random_classifier,test,2018-12-31,-0.13488442,1482,1481
temporal_tabular_small_random_classifier,test,2019-01-31,-0.028217494,1482,1481
temporal_tabular_small_random_classifier,test,2019-02-28,-0.00010085013,1478,1478
temporal_tabular_small_random_classifier,test,2019-03-29,0.035055988,1478,1478
temporal_tabular_small_random_classifier,test,2019-04-30,0.05680616,1480,1479
temporal_tabular_small_random_classifier,test,2019-05-31,0.034933746,1492,1491
temporal_tabular_small_random_classifier,test,2019-06-28,0.055042274,1495,1494
temporal_tabular_small_random_classifier,test,2019-07-31,0.047362022,1499,1498
temporal_tabular_small_random_classifier,test,2019-08-30,0.031720705,1498,1497
temporal_tabular_small_random_classifier,test,2019-09-30,0.03824419,1500,1500
temporal_tabular_small_random_classifier,test,2019-10-31,-0.010993138,1501,1500
temporal_tabular_small_random_classifier,test,2019-11-29,-0.0707409,1501,1500
temporal_tabular_small_random_classifier,test,2019-12-31,-0.036692597,1500,1500
temporal_tabular_small_random_classifier,test,2020-01-31,-0.031132922,1502,1501
temporal_tabular_small_random_classifier,test,2020-02-28,0.033588722,1502,1501
temporal_tabular_small_random_classifier,test,2020-03-31,-0.16553175,1495,1495
temporal_tabular_small_random_classifier,test,2020-04-30,-0.075396344,1496,1496
temporal_tabular_small_random_classifier,test,2020-05-29,-0.114330634,1495,1494
temporal_tabular_small_random_classifier,test,2020-06-30,-0.013516132,1504,1503
temporal_tabular_small_random_classifier,test,2020-07-31,0.01469866,1510,1509
temporal_tabular_small_random_classifier,test,2020-08-31,0.008159766,1515,1514
temporal_tabular_small_random_classifier,test,2020-09-30,0.024482947,1526,1525
temporal_tabular_small_random_classifier,test,2020-10-30,-0.16544743,1541,1540
temporal_tabular_small_random_classifier,test,2020-11-30,-0.056582827,1555,1554
temporal_tabular_small_random_classifier,test,2020-12-31,-0.23469287,1575,1575
temporal_tabular_small_random_classifier,test,2021-01-29,-0.041546274,1593,1592
temporal_tabular_small_random_classifier,test,2021-02-26,0.08573316,1611,1611
temporal_tabular_small_random_classifier,test,2021-03-31,0.07002263,1643,1642
temporal_tabular_small_random_classifier,test,2021-04-30,0.029121727,1672,1672
temporal_tabular_small_random_classifier,test,2021-05-28,-0.07990181,1696,1695
temporal_tabular_small_random_classifier,test,2021-06-30,0.12859198,1718,1717
temporal_tabular_small_random_classifier,test,2021-07-30,-0.004116459,1745,1744
temporal_tabular_small_random_classifier,test,2021-08-31,0.02095818,1756,1755
temporal_tabular_small_random_classifier,test,2021-09-30,0.054214988,1775,1774
temporal_tabular_small_random_classifier,test,2021-10-29,0.092018776,1794,1793
temporal_tabular_small_random_classifier,test,2021-11-30,0.15225586,1814,1813
temporal_tabular_small_random_classifier,test,2021-12-31,0.112259865,1838,1837
temporal_tabular_small_random_classifier,test,2022-01-31,0.020870492,1855,1854
temporal_tabular_small_random_classifier,test,2022-02-28,-0.011832948,1870,1869
temporal_tabular_small_random_classifier,test,2022-03-31,0.136522,1877,1876
temporal_tabular_small_random_classifier,test,2022-04-29,0.09511194,1885,1884
temporal_tabular_small_random_classifier,test,2022-05-31,-0.015899263,1887,1886
temporal_tabular_small_random_classifier,test,2022-06-30,0.005545184,1892,1891
temporal_tabular_small_random_classifier,test,2022-07-29,-0.042820968,1892,1891
temporal_tabular_small_random_classifier,test,2022-08-31,0.0814377,1894,1893
temporal_tabular_small_random_classifier,test,2022-09-30,0.09926543,1899,1899
temporal_tabular_small_random_classifier,test,2022-10-31,0.08702859,1897,1896
temporal_tabular_small_random_classifier,test,2022-11-30,0.042933747,1893,1893
temporal_tabular_small_random_classifier,test,2022-12-30,-0.21823318,1881,1880
temporal_tabular_small_random_classifier,test,2023-01-31,0.06751046,1876,1875
temporal_tabular_small_random_classifier,test,2023-02-28,0.07194708,1871,1870
temporal_tabular_small_random_classifier,test,2023-03-31,0.0063445913,1865,1864
temporal_tabular_small_random_classifier,test,2023-04-28,-0.046264995,1860,1859
temporal_tabular_small_random_classifier,test,2023-05-31,0.041881207,1861,1860
temporal_tabular_small_random_classifier,test,2023-06-30,-0.006894976,1859,1858
temporal_tabular_small_random_classifier,test,2023-07-31,0.102698185,1853,1853
temporal_tabular_small_random_classifier,test,2023-08-31,0.07435631,1856,1855
temporal_tabular_small_random_classifier,test,2023-09-29,0.08784596,1864,1863
temporal_tabular_small_random_classifier,test,2023-10-31,-0.017163962,1867,1866
temporal_tabular_small_random_classifier,test,2023-11-30,-0.061102808,1866,1865
temporal_tabular_small_random_classifier,test,2023-12-29,0.043086965,1862,1861
temporal_tabular_small_random_classifier,test,2024-01-31,-0.047479138,1874,1873
temporal_tabular_small_random_classifier,test,2024-02-29,0.04372751,1866,1865
temporal_tabular_small_random_classifier,test,2024-03-28,0.051717535,1867,1866
temporal_tabular_small_random_classifier,test,2024-04-30,-0.015000261,1869,1868
temporal_tabular_small_random_classifier,test,2024-05-31,0.060140382,1875,1874
temporal_tabular_small_random_classifier,test,2024-06-28,0.027868789,1881,1880
temporal_tabular_small_random_classifier,test,2024-07-31,0.08232349,1888,1887
temporal_tabular_small_random_classifier,test,2024-08-30,0.010876578,1888,1887
temporal_tabular_small_random_classifier,test,2024-09-30,-0.022766592,1909,1908
temporal_tabular_small_random_classifier,test,2024-10-31,-0.014555484,1917,1916
temporal_tabular_small_random_classifier,validation,2010-12-31,-0.02605565,1302,1301
temporal_tabular_small_random_classifier,validation,2011-01-31,0.003655564,1307,1306
temporal_tabular_small_random_classifier,validation,2011-02-28,0.026162168,1307,1306
temporal_tabular_small_random_classifier,validation,2011-03-31,0.021048516,1309,1308
temporal_tabular_small_random_classifier,validation,2011-04-29,0.037411027,1313,1312
temporal_tabular_small_random_classifier,validation,2011-05-31,0.05434844,1319,1318
temporal_tabular_small_random_classifier,validation,2011-06-30,-0.008111311,1323,1322
temporal_tabular_small_random_classifier,validation,2011-07-29,0.07821815,1325,1324
temporal_tabular_small_random_classifier,validation,2011-08-31,0.0757392,1325,1324
temporal_tabular_small_random_classifier,validation,2011-09-30,-0.019583017,1326,1325
temporal_tabular_small_random_classifier,validation,2011-10-31,0.0710294,1323,1322
temporal_tabular_small_random_classifier,validation,2011-11-30,0.042227417,1322,1322
temporal_tabular_small_random_classifier,validation,2011-12-30,-0.119789675,1321,1320
temporal_tabular_small_random_classifier,validation,2012-01-31,-0.020619746,1325,1325
temporal_tabular_small_random_classifier,validation,2012-02-29,0.0034516435,1331,1330
temporal_tabular_small_random_classifier,validation,2012-03-30,0.030046463,1333,1332
temporal_tabular_small_random_classifier,validation,2012-04-30,0.04555056,1337,1336
temporal_tabular_small_random_classifier,validation,2012-05-31,0.013267489,1338,1337
temporal_tabular_small_random_classifier,validation,2012-06-29,0.034792393,1334,1333
temporal_tabular_small_random_classifier,validation,2012-07-31,0.0015115775,1334,1333
temporal_tabular_small_random_classifier,validation,2012-08-31,-0.022187263,1328,1327
temporal_tabular_small_random_classifier,validation,2012-09-28,0.042006668,1322,1322
temporal_tabular_small_random_classifier,validation,2012-10-31,0.01496708,1319,1318
temporal_tabular_small_random_classifier,validation,2012-11-30,6.511621e-05,1318,1317
temporal_tabular_small_random_classifier,validation,2012-12-31,-0.025832072,1317,1316
temporal_tabular_small_random_classifier,validation,2013-01-31,0.026184594,1315,1314
temporal_tabular_small_random_classifier,validation,2013-02-28,0.009797413,1315,1314
temporal_tabular_small_random_classifier,validation,2013-03-28,0.018454133,1311,1310
temporal_tabular_small_random_classifier,validation,2013-04-30,-0.03236382,1313,1312
temporal_tabular_small_random_classifier,validation,2013-05-31,0.02310613,1317,1316
temporal_tabular_small_random_classifier,validation,2013-06-28,-0.03355185,1321,1320
temporal_tabular_small_random_classifier,validation,2013-07-31,-0.026892526,1326,1325
temporal_tabular_small_random_classifier,validation,2013-08-30,-0.020303663,1329,1329
temporal_tabular_small_random_classifier,validation,2013-09-30,0.037292257,1332,1331
temporal_tabular_small_random_classifier,validation,2013-10-31,-0.00061538443,1338,1337
temporal_tabular_small_random_classifier,validation,2013-11-29,-0.02712837,1343,1342
temporal_tabular_small_random_classifier,validation,2013-12-31,-0.09402934,1344,1343
temporal_tabular_small_random_classifier,validation,2014-01-31,-0.025411315,1350,1349
temporal_tabular_small_random_classifier,validation,2014-02-28,0.03963389,1354,1353
temporal_tabular_small_random_classifier,validation,2014-03-31,0.07345349,1359,1358
temporal_tabular_small_random_classifier,validation,2014-04-30,0.036752477,1363,1363
temporal_tabular_small_random_classifier,validation,2014-05-30,-0.042793825,1370,1369
temporal_tabular_small_random_classifier,validation,2014-06-30,0.0322879,1378,1377
temporal_tabular_small_random_classifier,validation,2014-07-31,0.0021263994,1385,1384
temporal_tabular_small_random_classifier,validation,2014-08-29,0.03582662,1390,1389
temporal_tabular_small_random_classifier,validation,2014-09-30,0.07413101,1391,1390
temporal_tabular_small_random_classifier,validation,2014-10-31,0.038779758,1396,1395
temporal_tabular_small_random_classifier,validation,2014-11-28,0.026105205,1401,1400
temporal_tabular_small_random_classifier,validation,2014-12-31,0.008239407,1399,1398
temporal_tabular_small_random_classifier,validation,2015-01-30,-0.0497983,1397,1396
temporal_tabular_small_random_classifier,validation,2015-02-27,0.043451484,1399,1399
temporal_tabular_small_random_classifier,validation,2015-03-31,-0.05712089,1400,1400
temporal_tabular_small_random_classifier,validation,2015-04-30,0.008639671,1406,1405
temporal_tabular_small_random_classifier,validation,2015-05-29,0.023469275,1410,1409
temporal_tabular_small_random_classifier,validation,2015-06-30,0.1000012,1417,1417
temporal_tabular_small_random_classifier,validation,2015-07-31,0.006365288,1428,1428
temporal_tabular_small_random_classifier,validation,2015-08-31,0.09851594,1430,1429
temporal_tabular_small_random_classifier,validation,2015-09-30,0.0072444305,1430,1429
temporal_tabular_small_random_classifier,validation,2015-10-30,0.0019813646,1431,1430
temporal_tabular_small_random_classifier,validation,2015-11-30,0.051065974,1436,1435
temporal_tabular_small_random_er_train,test,2015-12-31,0.093136504,1435,1435
temporal_tabular_small_random_er_train,test,2016-01-29,0.014417624,1430,1429
temporal_tabular_small_random_er_train,test,2016-02-29,-0.04361387,1427,1426
temporal_tabular_small_random_er_train,test,2016-03-31,-0.045492947,1423,1423
temporal_tabular_small_random_er_train,test,2016-04-29,0.014131473,1422,1421
temporal_tabular_small_random_er_train,test,2016-05-31,0.0023107654,1423,1423
temporal_tabular_small_random_er_train,test,2016-06-30,-0.007370267,1424,1423
temporal_tabular_small_random_er_train,test,2016-07-29,-0.00092028873,1424,1423
temporal_tabular_small_random_er_train,test,2016-08-31,-0.011190734,1417,1416
temporal_tabular_small_random_er_train,test,2016-09-30,0.028041216,1418,1418
temporal_tabular_small_random_er_train,test,2016-10-31,0.051771842,1422,1421
temporal_tabular_small_random_er_train,test,2016-11-30,0.04171127,1420,1419
temporal_tabular_small_random_er_train,test,2016-12-30,-0.0394353,1422,1421
temporal_tabular_small_random_er_train,test,2017-01-31,-0.0022345334,1426,1425
temporal_tabular_small_random_er_train,test,2017-02-28,0.0004316829,1422,1421
temporal_tabular_small_random_er_train,test,2017-03-31,0.038042493,1422,1422
temporal_tabular_small_random_er_train,test,2017-04-28,0.015454105,1426,1425
temporal_tabular_small_random_er_train,test,2017-05-31,-0.008826327,1429,1428
temporal_tabular_small_random_er_train,test,2017-06-30,0.018943692,1430,1429
temporal_tabular_small_random_er_train,test,2017-07-31,0.0038972283,1432,1431
temporal_tabular_small_random_er_train,test,2017-08-31,-0.008968122,1427,1426
temporal_tabular_small_random_er_train,test,2017-09-29,0.026561297,1424,1423
temporal_tabular_small_random_er_train,test,2017-10-31,-0.004795827,1431,1430
temporal_tabular_small_random_er_train,test,2017-11-30,-0.02017213,1442,1441
temporal_tabular_small_random_er_train,test,2017-12-29,0.00026282668,1441,1441
temporal_tabular_small_random_er_train,test,2018-01-31,0.0031183138,1449,1448
temporal_tabular_small_random_er_train,test,2018-02-28,0.013643535,1453,1452
temporal_tabular_small_random_er_train,test,2018-03-29,0.003072679,1443,1442
temporal_tabular_small_random_er_train,test,2018-04-30,-0.0022202134,1452,1451
temporal_tabular_small_random_er_train,test,2018-05-31,0.008993833,1454,1454
temporal_tabular_small_random_er_train,test,2018-06-29,0.039732657,1465,1464
temporal_tabular_small_random_er_train,test,2018-07-31,-0.0016592704,1471,1471
temporal_tabular_small_random_er_train,test,2018-08-31,-0.010588946,1469,1468
temporal_tabular_small_random_er_train,test,2018-09-28,0.011199594,1475,1474
temporal_tabular_small_random_er_train,test,2018-10-31,0.021868298,1483,1482
temporal_tabular_small_random_er_train,test,2018-11-30,0.030500434,1483,1482
temporal_tabular_small_random_er_train,test,2018-12-31,-0.076676115,1482,1481
temporal_tabular_small_random_er_train,test,2019-01-31,-0.010566182,1482,1481
temporal_tabular_small_random_er_train,test,2019-02-28,-0.02363243,1478,1478
temporal_tabular_small_random_er_train,test,2019-03-29,0.021399645,1478,1478
temporal_tabular_small_random_er_train,test,2019-04-30,0.013046622,1480,1479
temporal_tabular_small_random_er_train,test,2019-05-31,0.026293144,1492,1491
temporal_tabular_small_random_er_train,test,2019-06-28,0.031103859,1495,1494
temporal_tabular_small_random_er_train,test,2019-07-31,0.0074281543,1499,1498
temporal_tabular_small_random_er_train,test,2019-08-30,0.015579665,1498,1497
temporal_tabular_small_random_er_train,test,2019-09-30,0.0243279,1500,1500
temporal_tabular_small_random_er_train,test,2019-10-31,0.0010811482,1501,1500
temporal_tabular_small_random_er_train,test,2019-11-29,-0.023865107,1501,1500
temporal_tabular_small_random_er_train,test,2019-12-31,-0.037488833,1500,1500
temporal_tabular_small_random_er_train,test,2020-01-31,-0.025265083,1502,1501
temporal_tabular_small_random_er_train,test,2020-02-28,-0.034427345,1502,1501
temporal_tabular_small_random_er_train,test,2020-03-31,-0.03827761,1495,1495
temporal_tabular_small_random_er_train,test,2020-04-30,-0.010095455,1496,1496
temporal_tabular_small_random_er_train,test,2020-05-29,-0.0075866096,1495,1494
temporal_tabular_small_random_er_train,test,2020-06-30,0.011904437,1504,1503
temporal_tabular_small_random_er_train,test,2020-07-31,0.019206196,1510,1509
temporal_tabular_small_random_er_train,test,2020-08-31,0.010093998,1515,1514
temporal_tabular_small_random_er_train,test,2020-09-30,0.034261342,1526,1525
temporal_tabular_small_random_er_train,test,2020-10-30,-0.09296529,1541,1540
temporal_tabular_small_random_er_train,test,2020-11-30,-0.006810751,1555,1554
temporal_tabular_small_random_er_train,test,2020-12-31,-0.1012595,1575,1575
temporal_tabular_small_random_er_train,test,2021-01-29,0.002420608,1593,1592
temporal_tabular_small_random_er_train,test,2021-02-26,0.04623793,1611,1611
temporal_tabular_small_random_er_train,test,2021-03-31,0.05674716,1643,1642
temporal_tabular_small_random_er_train,test,2021-04-30,0.0248569,1672,1672
temporal_tabular_small_random_er_train,test,2021-05-28,-0.0563024,1696,1695
temporal_tabular_small_random_er_train,test,2021-06-30,0.05698207,1718,1717
temporal_tabular_small_random_er_train,test,2021-07-30,0.0023133438,1745,1744
temporal_tabular_small_random_er_train,test,2021-08-31,0.025103008,1756,1755
temporal_tabular_small_random_er_train,test,2021-09-30,0.021314641,1775,1774
temporal_tabular_small_random_er_train,test,2021-10-29,0.045314275,1794,1793
temporal_tabular_small_random_er_train,test,2021-11-30,0.079000875,1814,1813
temporal_tabular_small_random_er_train,test,2021-12-31,0.058754057,1838,1837
temporal_tabular_small_random_er_train,test,2022-01-31,0.026102843,1855,1854
temporal_tabular_small_random_er_train,test,2022-02-28,-0.0132409865,1870,1869
temporal_tabular_small_random_er_train,test,2022-03-31,0.07259053,1877,1876
temporal_tabular_small_random_er_train,test,2022-04-29,0.0405301,1885,1884
temporal_tabular_small_random_er_train,test,2022-05-31,-0.023373142,1887,1886
temporal_tabular_small_random_er_train,test,2022-06-30,0.002585411,1892,1891
temporal_tabular_small_random_er_train,test,2022-07-29,-0.010321524,1892,1891
temporal_tabular_small_random_er_train,test,2022-08-31,0.040163375,1894,1893
temporal_tabular_small_random_er_train,test,2022-09-30,0.0717392,1899,1899
temporal_tabular_small_random_er_train,test,2022-10-31,0.02709254,1897,1896
temporal_tabular_small_random_er_train,test,2022-11-30,0.01867427,1893,1893
temporal_tabular_small_random_er_train,test,2022-12-30,-0.1027878,1881,1880
temporal_tabular_small_random_er_train,test,2023-01-31,0.040188696,1876,1875
temporal_tabular_small_random_er_train,test,2023-02-28,0.03272019,1871,1870
temporal_tabular_small_random_er_train,test,2023-03-31,0.001439671,1865,1864
temporal_tabular_small_random_er_train,test,2023-04-28,-0.017262146,1860,1859
temporal_tabular_small_random_er_train,test,2023-05-31,0.048275936,1861,1860
temporal_tabular_small_random_er_train,test,2023-06-30,0.0120074,1859,1858
temporal_tabular_small_random_er_train,test,2023-07-31,0.036577072,1853,1853
temporal_tabular_small_random_er_train,test,2023-08-31,0.042262554,1856,1855
temporal_tabular_small_random_er_train,test,2023-09-29,0.04009777,1864,1863
temporal_tabular_small_random_er_train,test,2023-10-31,-0.007820077,1867,1866
temporal_tabular_small_random_er_train,test,2023-11-30,0.0026488677,1866,1865
temporal_tabular_small_random_er_train,test,2023-12-29,0.015479213,1862,1861
temporal_tabular_small_random_er_train,test,2024-01-31,-0.0293925,1874,1873
temporal_tabular_small_random_er_train,test,2024-02-29,0.041109364,1866,1865
temporal_tabular_small_random_er_train,test,2024-03-28,0.023122951,1867,1866
temporal_tabular_small_random_er_train,test,2024-04-30,0.0115787275,1869,1868
temporal_tabular_small_random_er_train,test,2024-05-31,0.0150485,1875,1874
temporal_tabular_small_random_er_train,test,2024-06-28,0.054291077,1881,1880
temporal_tabular_small_random_er_train,test,2024-07-31,0.03767302,1888,1887
temporal_tabular_small_random_er_train,test,2024-08-30,0.01070544,1888,1887
temporal_tabular_small_random_er_train,test,2024-09-30,-0.0038362504,1909,1908
temporal_tabular_small_random_er_train,test,2024-10-31,0.0016859397,1917,1916
temporal_tabular_small_random_er_train,validation,2010-12-31,-0.018683232,1302,1301
temporal_tabular_small_random_er_train,validation,2011-01-31,0.012820244,1307,1306
temporal_tabular_small_random_er_train,validation,2011-02-28,0.022659117,1307,1306
temporal_tabular_small_random_er_train,validation,2011-03-31,0.0102106435,1309,1308
temporal_tabular_small_random_er_train,validation,2011-04-29,0.006582359,1313,1312
temporal_tabular_small_random_er_train,validation,2011-05-31,0.02062932,1319,1318
temporal_tabular_small_random_er_train,validation,2011-06-30,-0.007399855,1323,1322
temporal_tabular_small_random_er_train,validation,2011-07-29,0.017136164,1325,1324
temporal_tabular_small_random_er_train,validation,2011-08-31,0.020390928,1325,1324
temporal_tabular_small_random_er_train,validation,2011-09-30,0.01915352,1326,1325
temporal_tabular_small_random_er_train,validation,2011-10-31,0.045980174,1323,1322
temporal_tabular_small_random_er_train,validation,2011-11-30,0.021202205,1322,1322
temporal_tabular_small_random_er_train,validation,2011-12-30,-0.033671334,1321,1320
temporal_tabular_small_random_er_train,validation,2012-01-31,0.003308814,1325,1325
temporal_tabular_small_random_er_train,validation,2012-02-29,0.013868405,1331,1330
temporal_tabular_small_random_er_train,validation,2012-03-30,0.007977806,1333,1332
temporal_tabular_small_random_er_train,validation,2012-04-30,-0.01053147,1337,1336
temporal_tabular_small_random_er_train,validation,2012-05-31,0.0052400455,1338,1337
temporal_tabular_small_random_er_train,validation,2012-06-29,-0.0024215216,1334,1333
temporal_tabular_small_random_er_train,validation,2012-07-31,0.01798003,1334,1333
temporal_tabular_small_random_er_train,validation,2012-08-31,0.003450252,1328,1327
temporal_tabular_small_random_er_train,validation,2012-09-28,0.011045471,1322,1322
temporal_tabular_small_random_er_train,validation,2012-10-31,0.0032733518,1319,1318
temporal_tabular_small_random_er_train,validation,2012-11-30,0.011689657,1318,1317
temporal_tabular_small_random_er_train,validation,2012-12-31,0.01993569,1317,1316
temporal_tabular_small_random_er_train,validation,2013-01-31,0.016548838,1315,1314
temporal_tabular_small_random_er_train,validation,2013-02-28,0.021451144,1315,1314
temporal_tabular_small_random_er_train,validation,2013-03-28,-0.0069770534,1311,1310
temporal_tabular_small_random_er_train,validation,2013-04-30,0.032827966,1313,1312
temporal_tabular_small_random_er_train,validation,2013-05-31,0.0232015,1317,1316
temporal_tabular_small_random_er_train,validation,2013-06-28,-0.0002752915,1321,1320
temporal_tabular_small_random_er_train,validation,2013-07-31,-0.0035366658,1326,1325
temporal_tabular_small_random_er_train,validation,2013-08-30,0.0041231327,1329,1329
temporal_tabular_small_random_er_train,validation,2013-09-30,0.024218634,1332,1331
temporal_tabular_small_random_er_train,validation,2013-10-31,0.01711662,1338,1337
temporal_tabular_small_random_er_train,validation,2013-11-29,-0.012462407,1343,1342
temporal_tabular_small_random_er_train,validation,2013-12-31,-0.08890882,1344,1343
temporal_tabular_small_random_er_train,validation,2014-01-31,-0.010167997,1350,1349
temporal_tabular_small_random_er_train,validation,2014-02-28,0.029851327,1354,1353
temporal_tabular_small_random_er_train,validation,2014-03-31,0.04919749,1359,1358
temporal_tabular_small_random_er_train,validation,2014-04-30,0.024839122,1363,1363
temporal_tabular_small_random_er_train,validation,2014-05-30,-0.018811122,1370,1369
temporal_tabular_small_random_er_train,validation,2014-06-30,0.0032596514,1378,1377
temporal_tabular_small_random_er_train,validation,2014-07-31,0.011671891,1385,1384
temporal_tabular_small_random_er_train,validation,2014-08-29,0.0062425807,1390,1389
temporal_tabular_small_random_er_train,validation,2014-09-30,0.036253173,1391,1390
temporal_tabular_small_random_er_train,validation,2014-10-31,0.012166995,1396,1395
temporal_tabular_small_random_er_train,validation,2014-11-28,0.031659156,1401,1400
temporal_tabular_small_random_er_train,validation,2014-12-31,-0.010584989,1399,1398
temporal_tabular_small_random_er_train,validation,2015-01-30,-0.032323334,1397,1396
temporal_tabular_small_random_er_train,validation,2015-02-27,0.04214565,1399,1399
temporal_tabular_small_random_er_train,validation,2015-03-31,-0.04359372,1400,1400
temporal_tabular_small_random_er_train,validation,2015-04-30,0.0046506505,1406,1405
temporal_tabular_small_random_er_train,validation,2015-05-29,0.030622512,1410,1409
temporal_tabular_small_random_er_train,validation,2015-06-30,0.04638038,1417,1417
temporal_tabular_small_random_er_train,validation,2015-07-31,0.0057003573,1428,1428
temporal_tabular_small_random_er_train,validation,2015-08-31,0.06768468,1430,1429
temporal_tabular_small_random_er_train,validation,2015-09-30,0.005234733,1430,1429
temporal_tabular_small_random_er_train,validation,2015-10-30,0.0025816169,1431,1430
temporal_tabular_small_random_er_train,validation,2015-11-30,0.022424953,1436,1435
temporal_tabular_tiny_random_classifier,test,2015-12-31,0.10536654,1435,1435
temporal_tabular_tiny_random_classifier,test,2016-01-29,0.005559335,1430,1429
temporal_tabular_tiny_random_classifier,test,2016-02-29,-0.058146525,1427,1426
temporal_tabular_tiny_random_classifier,test,2016-03-31,-0.093135804,1423,1423
temporal_tabular_tiny_random_classifier,test,2016-04-29,0.046224944,1422,1421
temporal_tabular_tiny_random_classifier,test,2016-05-31,-0.00045821606,1423,1423
temporal_tabular_tiny_random_classifier,test,2016-06-30,-0.039675545,1424,1423
temporal_tabular_tiny_random_classifier,test,2016-07-29,-0.01851042,1424,1423
temporal_tabular_tiny_random_classifier,test,2016-08-31,-0.038917024,1417,1416
temporal_tabular_tiny_random_classifier,test,2016-09-30,0.08958676,1418,1418
temporal_tabular_tiny_random_classifier,test,2016-10-31,0.015897859,1422,1421
temporal_tabular_tiny_random_classifier,test,2016-11-30,0.058937155,1420,1419
temporal_tabular_tiny_random_classifier,test,2016-12-30,-0.04252485,1422,1421
temporal_tabular_tiny_random_classifier,test,2017-01-31,0.01047531,1426,1425
temporal_tabular_tiny_random_classifier,test,2017-02-28,0.0055271676,1422,1421
temporal_tabular_tiny_random_classifier,test,2017-03-31,0.047070853,1422,1422
temporal_tabular_tiny_random_classifier,test,2017-04-28,0.05452602,1426,1425
temporal_tabular_tiny_random_classifier,test,2017-05-31,-0.030570153,1429,1428
temporal_tabular_tiny_random_classifier,test,2017-06-30,0.02917928,1430,1429
temporal_tabular_tiny_random_classifier,test,2017-07-31,0.015264876,1432,1431
temporal_tabular_tiny_random_classifier,test,2017-08-31,-0.0384309,1427,1426
temporal_tabular_tiny_random_classifier,test,2017-09-29,0.048305973,1424,1423
temporal_tabular_tiny_random_classifier,test,2017-10-31,-0.0071082097,1431,1430
temporal_tabular_tiny_random_classifier,test,2017-11-30,-0.02646201,1442,1441
temporal_tabular_tiny_random_classifier,test,2017-12-29,-0.0052110106,1441,1441
temporal_tabular_tiny_random_classifier,test,2018-01-31,0.011936229,1449,1448
temporal_tabular_tiny_random_classifier,test,2018-02-28,0.012467451,1453,1452
temporal_tabular_tiny_random_classifier,test,2018-03-29,-0.010294123,1443,1442
temporal_tabular_tiny_random_classifier,test,2018-04-30,-0.040288735,1452,1451
temporal_tabular_tiny_random_classifier,test,2018-05-31,0.008795776,1454,1454
temporal_tabular_tiny_random_classifier,test,2018-06-29,0.0515144,1465,1464
temporal_tabular_tiny_random_classifier,test,2018-07-31,-0.013247732,1471,1471
temporal_tabular_tiny_random_classifier,test,2018-08-31,9.920914e-05,1469,1468
temporal_tabular_tiny_random_classifier,test,2018-09-28,0.046312295,1475,1474
temporal_tabular_tiny_random_classifier,test,2018-10-31,0.04827573,1483,1482
temporal_tabular_tiny_random_classifier,test,2018-11-30,0.08883936,1483,1482
temporal_tabular_tiny_random_classifier,test,2018-12-31,-0.13283858,1482,1481
temporal_tabular_tiny_random_classifier,test,2019-01-31,-0.0217482,1482,1481
temporal_tabular_tiny_random_classifier,test,2019-02-28,-0.0076899356,1478,1478
temporal_tabular_tiny_random_classifier,test,2019-03-29,0.03788194,1478,1478
temporal_tabular_tiny_random_classifier,test,2019-04-30,0.05705866,1480,1479
temporal_tabular_tiny_random_classifier,test,2019-05-31,0.034561396,1492,1491
temporal_tabular_tiny_random_classifier,test,2019-06-28,0.055659648,1495,1494
temporal_tabular_tiny_random_classifier,test,2019-07-31,0.04388448,1499,1498
temporal_tabular_tiny_random_classifier,test,2019-08-30,0.03053502,1498,1497
temporal_tabular_tiny_random_classifier,test,2019-09-30,0.039201416,1500,1500
temporal_tabular_tiny_random_classifier,test,2019-10-31,-0.013097044,1501,1500
temporal_tabular_tiny_random_classifier,test,2019-11-29,-0.06934028,1501,1500
temporal_tabular_tiny_random_classifier,test,2019-12-31,-0.03318401,1500,1500
temporal_tabular_tiny_random_classifier,test,2020-01-31,-0.029889863,1502,1501
temporal_tabular_tiny_random_classifier,test,2020-02-28,0.039700076,1502,1501
temporal_tabular_tiny_random_classifier,test,2020-03-31,-0.17824051,1495,1495
temporal_tabular_tiny_random_classifier,test,2020-04-30,-0.086407736,1496,1496
temporal_tabular_tiny_random_classifier,test,2020-05-29,-0.1169458,1495,1494
temporal_tabular_tiny_random_classifier,test,2020-06-30,-0.03857451,1504,1503
temporal_tabular_tiny_random_classifier,test,2020-07-31,0.015871102,1510,1509
temporal_tabular_tiny_random_classifier,test,2020-08-31,0.0030270703,1515,1514
temporal_tabular_tiny_random_classifier,test,2020-09-30,0.026198234,1526,1525
temporal_tabular_tiny_random_classifier,test,2020-10-30,-0.16908865,1541,1540
temporal_tabular_tiny_random_classifier,test,2020-11-30,-0.057118192,1555,1554
temporal_tabular_tiny_random_classifier,test,2020-12-31,-0.23450474,1575,1575
temporal_tabular_tiny_random_classifier,test,2021-01-29,-0.048371907,1593,1592
temporal_tabular_tiny_random_classifier,test,2021-02-26,0.081156,1611,1611
temporal_tabular_tiny_random_classifier,test,2021-03-31,0.071313635,1643,1642
temporal_tabular_tiny_random_classifier,test,2021-04-30,0.031706713,1672,1672
temporal_tabular_tiny_random_classifier,test,2021-05-28,-0.07893085,1696,1695
temporal_tabular_tiny_random_classifier,test,2021-06-30,0.13247865,1718,1717
temporal_tabular_tiny_random_classifier,test,2021-07-30,-0.0064879153,1745,1744
temporal_tabular_tiny_random_classifier,test,2021-08-31,0.02344792,1756,1755
temporal_tabular_tiny_random_classifier,test,2021-09-30,0.05861984,1775,1774
temporal_tabular_tiny_random_classifier,test,2021-10-29,0.09146599,1794,1793
temporal_tabular_tiny_random_classifier,test,2021-11-30,0.14957091,1814,1813
temporal_tabular_tiny_random_classifier,test,2021-12-31,0.113709256,1838,1837
temporal_tabular_tiny_random_classifier,test,2022-01-31,0.024836501,1855,1854
temporal_tabular_tiny_random_classifier,test,2022-02-28,-0.01052639,1870,1869
temporal_tabular_tiny_random_classifier,test,2022-03-31,0.13858247,1877,1876
temporal_tabular_tiny_random_classifier,test,2022-04-29,0.10089104,1885,1884
temporal_tabular_tiny_random_classifier,test,2022-05-31,-0.014017403,1887,1886
temporal_tabular_tiny_random_classifier,test,2022-06-30,-0.00033248216,1892,1891
temporal_tabular_tiny_random_classifier,test,2022-07-29,-0.04642011,1892,1891
temporal_tabular_tiny_random_classifier,test,2022-08-31,0.078258015,1894,1893
temporal_tabular_tiny_random_classifier,test,2022-09-30,0.103725426,1899,1899
temporal_tabular_tiny_random_classifier,test,2022-10-31,0.09185146,1897,1896
temporal_tabular_tiny_random_classifier,test,2022-11-30,0.047035847,1893,1893
temporal_tabular_tiny_random_classifier,test,2022-12-30,-0.21810775,1881,1880
temporal_tabular_tiny_random_classifier,test,2023-01-31,0.06417393,1876,1875
temporal_tabular_tiny_random_classifier,test,2023-02-28,0.07792623,1871,1870
temporal_tabular_tiny_random_classifier,test,2023-03-31,0.013785985,1865,1864
temporal_tabular_tiny_random_classifier,test,2023-04-28,-0.049306117,1860,1859
temporal_tabular_tiny_random_classifier,test,2023-05-31,0.04136906,1861,1860
temporal_tabular_tiny_random_classifier,test,2023-06-30,-0.0038803443,1859,1858
temporal_tabular_tiny_random_classifier,test,2023-07-31,0.10335193,1853,1853
temporal_tabular_tiny_random_classifier,test,2023-08-31,0.073397085,1856,1855
temporal_tabular_tiny_random_classifier,test,2023-09-29,0.09311863,1864,1863
temporal_tabular_tiny_random_classifier,test,2023-10-31,-0.01390858,1867,1866
temporal_tabular_tiny_random_classifier,test,2023-11-30,-0.056038864,1866,1865
temporal_tabular_tiny_random_classifier,test,2023-12-29,0.04453191,1862,1861
temporal_tabular_tiny_random_classifier,test,2024-01-31,-0.048356764,1874,1873
temporal_tabular_tiny_random_classifier,test,2024-02-29,0.039342266,1866,1865
temporal_tabular_tiny_random_classifier,test,2024-03-28,0.054624528,1867,1866
temporal_tabular_tiny_random_classifier,test,2024-04-30,-0.015522569,1869,1868
temporal_tabular_tiny_random_classifier,test,2024-05-31,0.06633514,1875,1874
temporal_tabular_tiny_random_classifier,test,2024-06-28,0.021177724,1881,1880
temporal_tabular_tiny_random_classifier,test,2024-07-31,0.08452425,1888,1887
temporal_tabular_tiny_random_classifier,test,2024-08-30,0.0095562395,1888,1887
temporal_tabular_tiny_random_classifier,test,2024-09-30,-0.023588883,1909,1908
temporal_tabular_tiny_random_classifier,test,2024-10-31,-0.01720453,1917,1916
temporal_tabular_tiny_random_classifier,validation,2010-12-31,-0.02592703,1302,1301
temporal_tabular_tiny_random_classifier,validation,2011-01-31,0.003993202,1307,1306
temporal_tabular_tiny_random_classifier,validation,2011-02-28,0.029695468,1307,1306
temporal_tabular_tiny_random_classifier,validation,2011-03-31,0.02412622,1309,1308
temporal_tabular_tiny_random_classifier,validation,2011-04-29,0.033301886,1313,1312
temporal_tabular_tiny_random_classifier,validation,2011-05-31,0.054386932,1319,1318
temporal_tabular_tiny_random_classifier,validation,2011-06-30,-0.010309085,1323,1322
temporal_tabular_tiny_random_classifier,validation,2011-07-29,0.08023719,1325,1324
temporal_tabular_tiny_random_classifier,validation,2011-08-31,0.07484691,1325,1324
temporal_tabular_tiny_random_classifier,validation,2011-09-30,-0.022729948,1326,1325
temporal_tabular_tiny_random_classifier,validation,2011-10-31,0.07496532,1323,1322
temporal_tabular_tiny_random_classifier,validation,2011-11-30,0.039641842,1322,1322
temporal_tabular_tiny_random_classifier,validation,2011-12-30,-0.118201375,1321,1320
temporal_tabular_tiny_random_classifier,validation,2012-01-31,-0.017671753,1325,1325
temporal_tabular_tiny_random_classifier,validation,2012-02-29,0.008976201,1331,1330
temporal_tabular_tiny_random_classifier,validation,2012-03-30,0.031339396,1333,1332
temporal_tabular_tiny_random_classifier,validation,2012-04-30,0.048004683,1337,1336
temporal_tabular_tiny_random_classifier,validation,2012-05-31,0.008716708,1338,1337
temporal_tabular_tiny_random_classifier,validation,2012-06-29,0.031136764,1334,1333
temporal_tabular_tiny_random_classifier,validation,2012-07-31,0.0009313803,1334,1333
temporal_tabular_tiny_random_classifier,validation,2012-08-31,-0.023303574,1328,1327
temporal_tabular_tiny_random_classifier,validation,2012-09-28,0.04618703,1322,1322
temporal_tabular_tiny_random_classifier,validation,2012-10-31,0.01612259,1319,1318
temporal_tabular_tiny_random_classifier,validation,2012-11-30,-0.002561573,1318,1317
temporal_tabular_tiny_random_classifier,validation,2012-12-31,-0.022790074,1317,1316
temporal_tabular_tiny_random_classifier,validation,2013-01-31,0.027799997,1315,1314
temporal_tabular_tiny_random_classifier,validation,2013-02-28,0.0094685,1315,1314
temporal_tabular_tiny_random_classifier,validation,2013-03-28,0.012899692,1311,1310
temporal_tabular_tiny_random_classifier,validation,2013-04-30,-0.03019851,1313,1312
temporal_tabular_tiny_random_classifier,validation,2013-05-31,0.02373627,1317,1316
temporal_tabular_tiny_random_classifier,validation,2013-06-28,-0.031238902,1321,1320
temporal_tabular_tiny_random_classifier,validation,2013-07-31,-0.027355295,1326,1325
temporal_tabular_tiny_random_classifier,validation,2013-08-30,-0.017400395,1329,1329
temporal_tabular_tiny_random_classifier,validation,2013-09-30,0.039258167,1332,1331
temporal_tabular_tiny_random_classifier,validation,2013-10-31,0.0019013807,1338,1337
temporal_tabular_tiny_random_classifier,validation,2013-11-29,-0.023845628,1343,1342
temporal_tabular_tiny_random_classifier,validation,2013-12-31,-0.09575561,1344,1343
temporal_tabular_tiny_random_classifier,validation,2014-01-31,-0.01832014,1350,1349
temporal_tabular_tiny_random_classifier,validation,2014-02-28,0.03496109,1354,1353
temporal_tabular_tiny_random_classifier,validation,2014-03-31,0.068631925,1359,1358
temporal_tabular_tiny_random_classifier,validation,2014-04-30,0.036902398,1363,1363
temporal_tabular_tiny_random_classifier,validation,2014-05-30,-0.039088413,1370,1369
temporal_tabular_tiny_random_classifier,validation,2014-06-30,0.029886086,1378,1377
temporal_tabular_tiny_random_classifier,validation,2014-07-31,0.005234197,1385,1384
temporal_tabular_tiny_random_classifier,validation,2014-08-29,0.03705203,1390,1389
temporal_tabular_tiny_random_classifier,validation,2014-09-30,0.07486385,1391,1390
temporal_tabular_tiny_random_classifier,validation,2014-10-31,0.04294935,1396,1395
temporal_tabular_tiny_random_classifier,validation,2014-11-28,0.02643783,1401,1400
temporal_tabular_tiny_random_classifier,validation,2014-12-31,0.0067581646,1399,1398
temporal_tabular_tiny_random_classifier,validation,2015-01-30,-0.04905832,1397,1396
temporal_tabular_tiny_random_classifier,validation,2015-02-27,0.045409437,1399,1399
temporal_tabular_tiny_random_classifier,validation,2015-03-31,-0.053128835,1400,1400
temporal_tabular_tiny_random_classifier,validation,2015-04-30,0.012284697,1406,1405
temporal_tabular_tiny_random_classifier,validation,2015-05-29,0.027401844,1410,1409
temporal_tabular_tiny_random_classifier,validation,2015-06-30,0.09745144,1417,1417
temporal_tabular_tiny_random_classifier,validation,2015-07-31,0.006598763,1428,1428
temporal_tabular_tiny_random_classifier,validation,2015-08-31,0.09654831,1430,1429
temporal_tabular_tiny_random_classifier,validation,2015-09-30,0.004746247,1430,1429
temporal_tabular_tiny_random_classifier,validation,2015-10-30,-0.0008161031,1431,1430
temporal_tabular_tiny_random_classifier,validation,2015-11-30,0.0484773,1436,1435
temporal_tabular_tiny_random_er_train,test,2015-12-31,0.09330003,1435,1435
temporal_tabular_tiny_random_er_train,test,2016-01-29,0.008421193,1430,1429
temporal_tabular_tiny_random_er_train,test,2016-02-29,-0.04430656,1427,1426
temporal_tabular_tiny_random_er_train,test,2016-03-31,-0.08123825,1423,1423
temporal_tabular_tiny_random_er_train,test,2016-04-29,0.029823426,1422,1421
temporal_tabular_tiny_random_er_train,test,2016-05-31,-0.0064546787,1423,1423
temporal_tabular_tiny_random_er_train,test,2016-06-30,-0.015008867,1424,1423
temporal_tabular_tiny_random_er_train,test,2016-07-29,-0.008747902,1424,1423
temporal_tabular_tiny_random_er_train,test,2016-08-31,-0.031071428,1417,1416
temporal_tabular_tiny_random_er_train,test,2016-09-30,0.06930754,1418,1418
temporal_tabular_tiny_random_er_train,test,2016-10-31,0.035019606,1422,1421
temporal_tabular_tiny_random_er_train,test,2016-11-30,0.045900308,1420,1419
temporal_tabular_tiny_random_er_train,test,2016-12-30,-0.04127994,1422,1421
temporal_tabular_tiny_random_er_train,test,2017-01-31,0.0036847163,1426,1425
temporal_tabular_tiny_random_er_train,test,2017-02-28,0.00558999,1422,1421
temporal_tabular_tiny_random_er_train,test,2017-03-31,0.047239143,1422,1422
temporal_tabular_tiny_random_er_train,test,2017-04-28,0.034918234,1426,1425
temporal_tabular_tiny_random_er_train,test,2017-05-31,-0.021351863,1429,1428
temporal_tabular_tiny_random_er_train,test,2017-06-30,0.024799101,1430,1429
temporal_tabular_tiny_random_er_train,test,2017-07-31,0.007511792,1432,1431
temporal_tabular_tiny_random_er_train,test,2017-08-31,-0.016968384,1427,1426
temporal_tabular_tiny_random_er_train,test,2017-09-29,0.037509743,1424,1423
temporal_tabular_tiny_random_er_train,test,2017-10-31,0.0021229554,1431,1430
temporal_tabular_tiny_random_er_train,test,2017-11-30,-0.018062007,1442,1441
temporal_tabular_tiny_random_er_train,test,2017-12-29,0.0030015819,1441,1441
temporal_tabular_tiny_random_er_train,test,2018-01-31,0.0049230903,1449,1448
temporal_tabular_tiny_random_er_train,test,2018-02-28,0.0164076,1453,1452
temporal_tabular_tiny_random_er_train,test,2018-03-29,-0.0020356555,1443,1442
temporal_tabular_tiny_random_er_train,test,2018-04-30,-0.022792082,1452,1451
temporal_tabular_tiny_random_er_train,test,2018-05-31,0.01152866,1454,1454
temporal_tabular_tiny_random_er_train,test,2018-06-29,0.036908545,1465,1464
temporal_tabular_tiny_random_er_train,test,2018-07-31,0.00032548793,1471,1471
temporal_tabular_tiny_random_er_train,test,2018-08-31,-0.005724838,1469,1468
temporal_tabular_tiny_random_er_train,test,2018-09-28,0.014947377,1475,1474
temporal_tabular_tiny_random_er_train,test,2018-10-31,0.025048397,1483,1482
temporal_tabular_tiny_random_er_train,test,2018-11-30,0.022872612,1483,1482
temporal_tabular_tiny_random_er_train,test,2018-12-31,-0.06616198,1482,1481
temporal_tabular_tiny_random_er_train,test,2019-01-31,-0.018954802,1482,1481
temporal_tabular_tiny_random_er_train,test,2019-02-28,-0.021221481,1478,1478
temporal_tabular_tiny_random_er_train,test,2019-03-29,0.041872997,1478,1478
temporal_tabular_tiny_random_er_train,test,2019-04-30,0.018304981,1480,1479
temporal_tabular_tiny_random_er_train,test,2019-05-31,0.047096223,1492,1491
temporal_tabular_tiny_random_er_train,test,2019-06-28,0.048137248,1495,1494
temporal_tabular_tiny_random_er_train,test,2019-07-31,0.015223883,1499,1498
temporal_tabular_tiny_random_er_train,test,2019-08-30,0.036800385,1498,1497
temporal_tabular_tiny_random_er_train,test,2019-09-30,0.038798265,1500,1500
temporal_tabular_tiny_random_er_train,test,2019-10-31,-0.0019520633,1501,1500
temporal_tabular_tiny_random_er_train,test,2019-11-29,-0.06482145,1501,1500
temporal_tabular_tiny_random_er_train,test,2019-12-31,-0.043022417,1500,1500
temporal_tabular_tiny_random_er_train,test,2020-01-31,-0.036381617,1502,1501
temporal_tabular_tiny_random_er_train,test,2020-02-28,-0.017701373,1502,1501
temporal_tabular_tiny_random_er_train,test,2020-03-31,-0.12728341,1495,1495
temporal_tabular_tiny_random_er_train,test,2020-04-30,-0.064895354,1496,1496
temporal_tabular_tiny_random_er_train,test,2020-05-29,-0.07115854,1495,1494
temporal_tabular_tiny_random_er_train,test,2020-06-30,-0.027267862,1504,1503
temporal_tabular_tiny_random_er_train,test,2020-07-31,0.02307442,1510,1509
temporal_tabular_tiny_random_er_train,test,2020-08-31,-0.002603583,1515,1514
temporal_tabular_tiny_random_er_train,test,2020-09-30,0.036216754,1526,1525
temporal_tabular_tiny_random_er_train,test,2020-10-30,-0.13715255,1541,1540
temporal_tabular_tiny_random_er_train,test,2020-11-30,-0.041835077,1555,1554
temporal_tabular_tiny_random_er_train,test,2020-12-31,-0.17970422,1575,1575
temporal_tabular_tiny_random_er_train,test,2021-01-29,0.003247045,1593,1592
temporal_tabular_tiny_random_er_train,test,2021-02-26,0.06876371,1611,1611
temporal_tabular_tiny_random_er_train,test,2021-03-31,0.06028261,1643,1642
temporal_tabular_tiny_random_er_train,test,2021-04-30,0.0310699,1672,1672
temporal_tabular_tiny_random_er_train,test,2021-05-28,-0.067873605,1696,1695
temporal_tabular_tiny_random_er_train,test,2021-06-30,0.087650664,1718,1717
temporal_tabular_tiny_random_er_train,test,2021-07-30,-0.001327578,1745,1744
temporal_tabular_tiny_random_er_train,test,2021-08-31,0.02781147,1756,1755
temporal_tabular_tiny_random_er_train,test,2021-09-30,0.052902684,1775,1774
temporal_tabular_tiny_random_er_train,test,2021-10-29,0.06271364,1794,1793
temporal_tabular_tiny_random_er_train,test,2021-11-30,0.13316151,1814,1813
temporal_tabular_tiny_random_er_train,test,2021-12-31,0.089619726,1838,1837
temporal_tabular_tiny_random_er_train,test,2022-01-31,0.034432285,1855,1854
temporal_tabular_tiny_random_er_train,test,2022-02-28,-0.0021991506,1870,1869
temporal_tabular_tiny_random_er_train,test,2022-03-31,0.1320222,1877,1876
temporal_tabular_tiny_random_er_train,test,2022-04-29,0.08833735,1885,1884
temporal_tabular_tiny_random_er_train,test,2022-05-31,-0.025672816,1887,1886
temporal_tabular_tiny_random_er_train,test,2022-06-30,0.0074366853,1892,1891
temporal_tabular_tiny_random_er_train,test,2022-07-29,-0.04476159,1892,1891
temporal_tabular_tiny_random_er_train,test,2022-08-31,0.07307315,1894,1893
temporal_tabular_tiny_random_er_train,test,2022-09-30,0.10804102,1899,1899
temporal_tabular_tiny_random_er_train,test,2022-10-31,0.090949,1897,1896
temporal_tabular_tiny_random_er_train,test,2022-11-30,0.043445542,1893,1893
temporal_tabular_tiny_random_er_train,test,2022-12-30,-0.20372665,1881,1880
temporal_tabular_tiny_random_er_train,test,2023-01-31,0.06592485,1876,1875
temporal_tabular_tiny_random_er_train,test,2023-02-28,0.073196635,1871,1870
temporal_tabular_tiny_random_er_train,test,2023-03-31,0.007515381,1865,1864
temporal_tabular_tiny_random_er_train,test,2023-04-28,-0.04335634,1860,1859
temporal_tabular_tiny_random_er_train,test,2023-05-31,0.053065926,1861,1860
temporal_tabular_tiny_random_er_train,test,2023-06-30,0.0026630796,1859,1858
temporal_tabular_tiny_random_er_train,test,2023-07-31,0.09312595,1853,1853
temporal_tabular_tiny_random_er_train,test,2023-08-31,0.07023773,1856,1855
temporal_tabular_tiny_random_er_train,test,2023-09-29,0.07254508,1864,1863
temporal_tabular_tiny_random_er_train,test,2023-10-31,0.004705973,1867,1866
temporal_tabular_tiny_random_er_train,test,2023-11-30,-0.023903012,1866,1865
temporal_tabular_tiny_random_er_train,test,2023-12-29,0.03571103,1862,1861
temporal_tabular_tiny_random_er_train,test,2024-01-31,-0.037797842,1874,1873
temporal_tabular_tiny_random_er_train,test,2024-02-29,0.042932954,1866,1865
temporal_tabular_tiny_random_er_train,test,2024-03-28,0.04012544,1867,1866
temporal_tabular_tiny_random_er_train,test,2024-04-30,-0.015078429,1869,1868
temporal_tabular_tiny_random_er_train,test,2024-05-31,0.057247203,1875,1874
temporal_tabular_tiny_random_er_train,test,2024-06-28,0.028018378,1881,1880
temporal_tabular_tiny_random_er_train,test,2024-07-31,0.07798136,1888,1887
temporal_tabular_tiny_random_er_train,test,2024-08-30,0.010052499,1888,1887
temporal_tabular_tiny_random_er_train,test,2024-09-30,-0.023217294,1909,1908
temporal_tabular_tiny_random_er_train,test,2024-10-31,-0.006952621,1917,1916
temporal_tabular_tiny_random_er_train,validation,2010-12-31,-0.022954553,1302,1301
temporal_tabular_tiny_random_er_train,validation,2011-01-31,0.010406572,1307,1306
temporal_tabular_tiny_random_er_train,validation,2011-02-28,0.035853628,1307,1306
temporal_tabular_tiny_random_er_train,validation,2011-03-31,0.020953888,1309,1308
temporal_tabular_tiny_random_er_train,validation,2011-04-29,0.019183192,1313,1312
temporal_tabular_tiny_random_er_train,validation,2011-05-31,0.04363282,1319,1318
temporal_tabular_tiny_random_er_train,validation,2011-06-30,-0.012151648,1323,1322
temporal_tabular_tiny_random_er_train,validation,2011-07-29,0.013782613,1325,1324
temporal_tabular_tiny_random_er_train,validation,2011-08-31,0.02533625,1325,1324
temporal_tabular_tiny_random_er_train,validation,2011-09-30,0.017461307,1326,1325
temporal_tabular_tiny_random_er_train,validation,2011-10-31,0.05771744,1323,1322
temporal_tabular_tiny_random_er_train,validation,2011-11-30,0.02667212,1322,1322
temporal_tabular_tiny_random_er_train,validation,2011-12-30,-0.07019122,1321,1320
temporal_tabular_tiny_random_er_train,validation,2012-01-31,-0.003979724,1325,1325
temporal_tabular_tiny_random_er_train,validation,2012-02-29,0.019716976,1331,1330
temporal_tabular_tiny_random_er_train,validation,2012-03-30,0.019132439,1333,1332
temporal_tabular_tiny_random_er_train,validation,2012-04-30,0.005232051,1337,1336
temporal_tabular_tiny_random_er_train,validation,2012-05-31,0.010128859,1338,1337
temporal_tabular_tiny_random_er_train,validation,2012-06-29,0.013213226,1334,1333
temporal_tabular_tiny_random_er_train,validation,2012-07-31,0.013874921,1334,1333
temporal_tabular_tiny_random_er_train,validation,2012-08-31,-0.0066250265,1328,1327
temporal_tabular_tiny_random_er_train,validation,2012-09-28,0.02865468,1322,1322
temporal_tabular_tiny_random_er_train,validation,2012-10-31,0.01898563,1319,1318
temporal_tabular_tiny_random_er_train,validation,2012-11-30,0.020115072,1318,1317
temporal_tabular_tiny_random_er_train,validation,2012-12-31,0.00029651076,1317,1316
temporal_tabular_tiny_random_er_train,validation,2013-01-31,0.019614976,1315,1314
temporal_tabular_tiny_random_er_train,validation,2013-02-28,0.020950556,1315,1314
temporal_tabular_tiny_random_er_train,validation,2013-03-28,-0.0004102767,1311,1310
temporal_tabular_tiny_random_er_train,validation,2013-04-30,0.009665862,1313,1312
temporal_tabular_tiny_random_er_train,validation,2013-05-31,0.028373282,1317,1316
temporal_tabular_tiny_random_er_train,validation,2013-06-28,-0.011040658,1321,1320
temporal_tabular_tiny_random_er_train,validation,2013-07-31,-0.015138684,1326,1325
temporal_tabular_tiny_random_er_train,validation,2013-08-30,-0.0026036985,1329,1329
temporal_tabular_tiny_random_er_train,validation,2013-09-30,0.03859644,1332,1331
temporal_tabular_tiny_random_er_train,validation,2013-10-31,0.011017311,1338,1337
temporal_tabular_tiny_random_er_train,validation,2013-11-29,-0.013589781,1343,1342
temporal_tabular_tiny_random_er_train,validation,2013-12-31,-0.09619014,1344,1343
temporal_tabular_tiny_random_er_train,validation,2014-01-31,-0.009612694,1350,1349
temporal_tabular_tiny_random_er_train,validation,2014-02-28,0.028877072,1354,1353
temporal_tabular_tiny_random_er_train,validation,2014-03-31,0.058866486,1359,1358
temporal_tabular_tiny_random_er_train,validation,2014-04-30,0.03130133,1363,1363
temporal_tabular_tiny_random_er_train,validation,2014-05-30,-0.030053716,1370,1369
temporal_tabular_tiny_random_er_train,validation,2014-06-30,0.020198863,1378,1377
temporal_tabular_tiny_random_er_train,validation,2014-07-31,0.009207059,1385,1384
temporal_tabular_tiny_random_er_train,validation,2014-08-29,0.009526193,1390,1389
temporal_tabular_tiny_random_er_train,validation,2014-09-30,0.06165825,1391,1390
temporal_tabular_tiny_random_er_train,validation,2014-10-31,0.023387443,1396,1395
temporal_tabular_tiny_random_er_train,validation,2014-11-28,0.02557833,1401,1400
temporal_tabular_tiny_random_er_train,validation,2014-12-31,-0.010509939,1399,1398
temporal_tabular_tiny_random_er_train,validation,2015-01-30,-0.027473517,1397,1396
temporal_tabular_tiny_random_er_train,validation,2015-02-27,0.04495269,1399,1399
temporal_tabular_tiny_random_er_train,validation,2015-03-31,-0.040027864,1400,1400
temporal_tabular_tiny_random_er_train,validation,2015-04-30,0.009989332,1406,1405
temporal_tabular_tiny_random_er_train,validation,2015-05-29,0.028246311,1410,1409
temporal_tabular_tiny_random_er_train,validation,2015-06-30,0.05108773,1417,1417
temporal_tabular_tiny_random_er_train,validation,2015-07-31,0.00082314387,1428,1428
temporal_tabular_tiny_random_er_train,validation,2015-08-31,0.06246274,1430,1429
temporal_tabular_tiny_random_er_train,validation,2015-09-30,0.010912333,1430,1429
temporal_tabular_tiny_random_er_train,validation,2015-10-30,-0.0054148827,1431,1430
temporal_tabular_tiny_random_er_train,validation,2015-11-30,0.03393103,1436,1435
temporal_tabular_transformer_seed362559_classifier,test,2015-12-31,0.08971092,1435,1435
temporal_tabular_transformer_seed362559_classifier,test,2016-01-29,0.005727017,1430,1429
temporal_tabular_transformer_seed362559_classifier,test,2016-02-29,-0.057845995,1427,1426
temporal_tabular_transformer_seed362559_classifier,test,2016-03-31,-0.07824914,1423,1423
temporal_tabular_transformer_seed362559_classifier,test,2016-04-29,0.038202718,1422,1421
temporal_tabular_transformer_seed362559_classifier,test,2016-05-31,0.0083925,1423,1423
temporal_tabular_transformer_seed362559_classifier,test,2016-06-30,-0.025584482,1424,1423
temporal_tabular_transformer_seed362559_classifier,test,2016-07-29,-0.013983119,1424,1423
temporal_tabular_transformer_seed362559_classifier,test,2016-08-31,-0.025702953,1417,1416
temporal_tabular_transformer_seed362559_classifier,test,2016-09-30,0.06864142,1418,1418
temporal_tabular_transformer_seed362559_classifier,test,2016-10-31,0.024163172,1422,1421
temporal_tabular_transformer_seed362559_classifier,test,2016-11-30,0.0452525,1420,1419
temporal_tabular_transformer_seed362559_classifier,test,2016-12-30,-0.03660082,1422,1421
temporal_tabular_transformer_seed362559_classifier,test,2017-01-31,0.008812899,1426,1425
temporal_tabular_transformer_seed362559_classifier,test,2017-02-28,0.0050421706,1422,1421
temporal_tabular_transformer_seed362559_classifier,test,2017-03-31,0.047808956,1422,1422
temporal_tabular_transformer_seed362559_classifier,test,2017-04-28,0.05272406,1426,1425
temporal_tabular_transformer_seed362559_classifier,test,2017-05-31,-0.02311603,1429,1428
temporal_tabular_transformer_seed362559_classifier,test,2017-06-30,0.03892886,1430,1429
temporal_tabular_transformer_seed362559_classifier,test,2017-07-31,0.018966991,1432,1431
temporal_tabular_transformer_seed362559_classifier,test,2017-08-31,-0.04663567,1427,1426
temporal_tabular_transformer_seed362559_classifier,test,2017-09-29,0.050903756,1424,1423
temporal_tabular_transformer_seed362559_classifier,test,2017-10-31,-0.011988835,1431,1430
temporal_tabular_transformer_seed362559_classifier,test,2017-11-30,-0.02530568,1442,1441
temporal_tabular_transformer_seed362559_classifier,test,2017-12-29,0.0019159056,1441,1441
temporal_tabular_transformer_seed362559_classifier,test,2018-01-31,0.003204506,1449,1448
temporal_tabular_transformer_seed362559_classifier,test,2018-02-28,0.005536777,1453,1452
temporal_tabular_transformer_seed362559_classifier,test,2018-03-29,-0.013362035,1443,1442
temporal_tabular_transformer_seed362559_classifier,test,2018-04-30,-0.040840156,1452,1451
temporal_tabular_transformer_seed362559_classifier,test,2018-05-31,0.0014180455,1454,1454
temporal_tabular_transformer_seed362559_classifier,test,2018-06-29,0.05400712,1465,1464
temporal_tabular_transformer_seed362559_classifier,test,2018-07-31,-0.00062288716,1471,1471
temporal_tabular_transformer_seed362559_classifier,test,2018-08-31,0.0032995753,1469,1468
temporal_tabular_transformer_seed362559_classifier,test,2018-09-28,0.034883194,1475,1474
temporal_tabular_transformer_seed362559_classifier,test,2018-10-31,0.047351655,1483,1482
temporal_tabular_transformer_seed362559_classifier,test,2018-11-30,0.09402088,1483,1482
temporal_tabular_transformer_seed362559_classifier,test,2018-12-31,-0.11884126,1482,1481
temporal_tabular_transformer_seed362559_classifier,test,2019-01-31,-0.01880632,1482,1481
temporal_tabular_transformer_seed362559_classifier,test,2019-02-28,0.0028733215,1478,1478
temporal_tabular_transformer_seed362559_classifier,test,2019-03-29,0.03779195,1478,1478
temporal_tabular_transformer_seed362559_classifier,test,2019-04-30,0.03945697,1480,1479
temporal_tabular_transformer_seed362559_classifier,test,2019-05-31,0.051391684,1492,1491
temporal_tabular_transformer_seed362559_classifier,test,2019-06-28,0.055144407,1495,1494
temporal_tabular_transformer_seed362559_classifier,test,2019-07-31,0.020427614,1499,1498
temporal_tabular_transformer_seed362559_classifier,test,2019-08-30,0.032666784,1498,1497
temporal_tabular_transformer_seed362559_classifier,test,2019-09-30,0.040486656,1500,1500
temporal_tabular_transformer_seed362559_classifier,test,2019-10-31,-0.00656119,1501,1500
temporal_tabular_transformer_seed362559_classifier,test,2019-11-29,-0.046770558,1501,1500
temporal_tabular_transformer_seed362559_classifier,test,2019-12-31,-0.050342772,1500,1500
temporal_tabular_transformer_seed362559_classifier,test,2020-01-31,-0.042935885,1502,1501
temporal_tabular_transformer_seed362559_classifier,test,2020-02-28,0.021774918,1502,1501
temporal_tabular_transformer_seed362559_classifier,test,2020-03-31,-0.056404814,1495,1495
temporal_tabular_transformer_seed362559_classifier,test,2020-04-30,-0.05968741,1496,1496
temporal_tabular_transformer_seed362559_classifier,test,2020-05-29,-0.07997708,1495,1494
temporal_tabular_transformer_seed362559_classifier,test,2020-06-30,0.029287776,1504,1503
temporal_tabular_transformer_seed362559_classifier,test,2020-07-31,0.037768558,1510,1509
temporal_tabular_transformer_seed362559_classifier,test,2020-08-31,0.0075002313,1515,1514
temporal_tabular_transformer_seed362559_classifier,test,2020-09-30,0.023199417,1526,1525
temporal_tabular_transformer_seed362559_classifier,test,2020-10-30,-0.13321766,1541,1540
temporal_tabular_transformer_seed362559_classifier,test,2020-11-30,-0.052573007,1555,1554
temporal_tabular_transformer_seed362559_classifier,test,2020-12-31,-0.2070054,1575,1575
temporal_tabular_transformer_seed362559_classifier,test,2021-01-29,-0.037225936,1593,1592
temporal_tabular_transformer_seed362559_classifier,test,2021-02-26,0.08611399,1611,1611
temporal_tabular_transformer_seed362559_classifier,test,2021-03-31,0.07166552,1643,1642
temporal_tabular_transformer_seed362559_classifier,test,2021-04-30,0.04807352,1672,1672
temporal_tabular_transformer_seed362559_classifier,test,2021-05-28,-0.070524015,1696,1695
temporal_tabular_transformer_seed362559_classifier,test,2021-06-30,0.124223895,1718,1717
temporal_tabular_transformer_seed362559_classifier,test,2021-07-30,-0.0065576863,1745,1744
temporal_tabular_transformer_seed362559_classifier,test,2021-08-31,0.025559952,1756,1755
temporal_tabular_transformer_seed362559_classifier,test,2021-09-30,0.059164386,1775,1774
temporal_tabular_transformer_seed362559_classifier,test,2021-10-29,0.08959226,1794,1793
temporal_tabular_transformer_seed362559_classifier,test,2021-11-30,0.15103354,1814,1813
temporal_tabular_transformer_seed362559_classifier,test,2021-12-31,0.1095323,1838,1837
temporal_tabular_transformer_seed362559_classifier,test,2022-01-31,0.030281166,1855,1854
temporal_tabular_transformer_seed362559_classifier,test,2022-02-28,-0.0033396967,1870,1869
temporal_tabular_transformer_seed362559_classifier,test,2022-03-31,0.13889492,1877,1876
temporal_tabular_transformer_seed362559_classifier,test,2022-04-29,0.1001815,1885,1884
temporal_tabular_transformer_seed362559_classifier,test,2022-05-31,-0.035441265,1887,1886
temporal_tabular_transformer_seed362559_classifier,test,2022-06-30,0.015306592,1892,1891
temporal_tabular_transformer_seed362559_classifier,test,2022-07-29,-0.04010383,1892,1891
temporal_tabular_transformer_seed362559_classifier,test,2022-08-31,0.057684243,1894,1893
temporal_tabular_transformer_seed362559_classifier,test,2022-09-30,0.113788426,1899,1899
temporal_tabular_transformer_seed362559_classifier,test,2022-10-31,0.08793971,1897,1896
temporal_tabular_transformer_seed362559_classifier,test,2022-11-30,0.027251247,1893,1893
temporal_tabular_transformer_seed362559_classifier,test,2022-12-30,-0.17226002,1881,1880
temporal_tabular_transformer_seed362559_classifier,test,2023-01-31,0.053268097,1876,1875
temporal_tabular_transformer_seed362559_classifier,test,2023-02-28,0.0868398,1871,1870
temporal_tabular_transformer_seed362559_classifier,test,2023-03-31,-0.0029264968,1865,1864
temporal_tabular_transformer_seed362559_classifier,test,2023-04-28,-0.02596457,1860,1859
temporal_tabular_transformer_seed362559_classifier,test,2023-05-31,0.056775667,1861,1860
temporal_tabular_transformer_seed362559_classifier,test,2023-06-30,-0.00180237,1859,1858
temporal_tabular_transformer_seed362559_classifier,test,2023-07-31,0.0839168,1853,1853
temporal_tabular_transformer_seed362559_classifier,test,2023-08-31,0.054715123,1856,1855
temporal_tabular_transformer_seed362559_classifier,test,2023-09-29,0.071428396,1864,1863
temporal_tabular_transformer_seed362559_classifier,test,2023-10-31,0.008653887,1867,1866
temporal_tabular_transformer_seed362559_classifier,test,2023-11-30,-0.046206854,1866,1865
temporal_tabular_transformer_seed362559_classifier,test,2023-12-29,0.030516364,1862,1861
temporal_tabular_transformer_seed362559_classifier,test,2024-01-31,-0.025228065,1874,1873
temporal_tabular_transformer_seed362559_classifier,test,2024-02-29,0.035576485,1866,1865
temporal_tabular_transformer_seed362559_classifier,test,2024-03-28,0.03958766,1867,1866
temporal_tabular_transformer_seed362559_classifier,test,2024-04-30,-0.013050307,1869,1868
temporal_tabular_transformer_seed362559_classifier,test,2024-05-31,0.053412713,1875,1874
temporal_tabular_transformer_seed362559_classifier,test,2024-06-28,0.022682793,1881,1880
temporal_tabular_transformer_seed362559_classifier,test,2024-07-31,0.08569495,1888,1887
temporal_tabular_transformer_seed362559_classifier,test,2024-08-30,0.006823045,1888,1887
temporal_tabular_transformer_seed362559_classifier,test,2024-09-30,-0.030532964,1909,1908
temporal_tabular_transformer_seed362559_classifier,test,2024-10-31,-0.011455044,1917,1916
temporal_tabular_transformer_seed362559_classifier,validation,2010-12-31,-0.028243264,1302,1301
temporal_tabular_transformer_seed362559_classifier,validation,2011-01-31,0.013356844,1307,1306
temporal_tabular_transformer_seed362559_classifier,validation,2011-02-28,0.0298501,1307,1306
temporal_tabular_transformer_seed362559_classifier,validation,2011-03-31,0.026716493,1309,1308
temporal_tabular_transformer_seed362559_classifier,validation,2011-04-29,0.023411218,1313,1312
temporal_tabular_transformer_seed362559_classifier,validation,2011-05-31,0.04148572,1319,1318
temporal_tabular_transformer_seed362559_classifier,validation,2011-06-30,-0.022648305,1323,1322
temporal_tabular_transformer_seed362559_classifier,validation,2011-07-29,0.0546965,1325,1324
temporal_tabular_transformer_seed362559_classifier,validation,2011-08-31,0.032536462,1325,1324
temporal_tabular_transformer_seed362559_classifier,validation,2011-09-30,0.060701646,1326,1325
temporal_tabular_transformer_seed362559_classifier,validation,2011-10-31,0.02543554,1323,1322
temporal_tabular_transformer_seed362559_classifier,validation,2011-11-30,0.029811997,1322,1322
temporal_tabular_transformer_seed362559_classifier,validation,2011-12-30,-0.038698524,1321,1320
temporal_tabular_transformer_seed362559_classifier,validation,2012-01-31,-0.010346133,1325,1325
temporal_tabular_transformer_seed362559_classifier,validation,2012-02-29,0.00821274,1331,1330
temporal_tabular_transformer_seed362559_classifier,validation,2012-03-30,0.0027878163,1333,1332
temporal_tabular_transformer_seed362559_classifier,validation,2012-04-30,-0.050129723,1337,1336
temporal_tabular_transformer_seed362559_classifier,validation,2012-05-31,0.016466253,1338,1337
temporal_tabular_transformer_seed362559_classifier,validation,2012-06-29,0.02848694,1334,1333
temporal_tabular_transformer_seed362559_classifier,validation,2012-07-31,0.019699626,1334,1333
temporal_tabular_transformer_seed362559_classifier,validation,2012-08-31,-0.015196644,1328,1327
temporal_tabular_transformer_seed362559_classifier,validation,2012-09-28,0.031798333,1322,1322
temporal_tabular_transformer_seed362559_classifier,validation,2012-10-31,0.023199884,1319,1318
temporal_tabular_transformer_seed362559_classifier,validation,2012-11-30,0.005086681,1318,1317
temporal_tabular_transformer_seed362559_classifier,validation,2012-12-31,-0.0073636323,1317,1316
temporal_tabular_transformer_seed362559_classifier,validation,2013-01-31,0.019456357,1315,1314
temporal_tabular_transformer_seed362559_classifier,validation,2013-02-28,0.00735523,1315,1314
temporal_tabular_transformer_seed362559_classifier,validation,2013-03-28,0.020106079,1311,1310
temporal_tabular_transformer_seed362559_classifier,validation,2013-04-30,-0.018276388,1313,1312
temporal_tabular_transformer_seed362559_classifier,validation,2013-05-31,0.01158147,1317,1316
temporal_tabular_transformer_seed362559_classifier,validation,2013-06-28,-0.014975652,1321,1320
temporal_tabular_transformer_seed362559_classifier,validation,2013-07-31,-0.03253731,1326,1325
temporal_tabular_transformer_seed362559_classifier,validation,2013-08-30,-0.008029681,1329,1329
temporal_tabular_transformer_seed362559_classifier,validation,2013-09-30,0.036953814,1332,1331
temporal_tabular_transformer_seed362559_classifier,validation,2013-10-31,0.008709809,1338,1337
temporal_tabular_transformer_seed362559_classifier,validation,2013-11-29,-0.018091114,1343,1342
temporal_tabular_transformer_seed362559_classifier,validation,2013-12-31,-0.1055876,1344,1343
temporal_tabular_transformer_seed362559_classifier,validation,2014-01-31,-0.0137194805,1350,1349
temporal_tabular_transformer_seed362559_classifier,validation,2014-02-28,0.033566218,1354,1353
temporal_tabular_transformer_seed362559_classifier,validation,2014-03-31,0.06736241,1359,1358
temporal_tabular_transformer_seed362559_classifier,validation,2014-04-30,0.041472964,1363,1363
temporal_tabular_transformer_seed362559_classifier,validation,2014-05-30,-0.037522268,1370,1369
temporal_tabular_transformer_seed362559_classifier,validation,2014-06-30,0.024135128,1378,1377
temporal_tabular_transformer_seed362559_classifier,validation,2014-07-31,0.017739514,1385,1384
temporal_tabular_transformer_seed362559_classifier,validation,2014-08-29,0.024535127,1390,1389
temporal_tabular_transformer_seed362559_classifier,validation,2014-09-30,0.07505609,1391,1390
temporal_tabular_transformer_seed362559_classifier,validation,2014-10-31,0.043255452,1396,1395
temporal_tabular_transformer_seed362559_classifier,validation,2014-11-28,0.02730804,1401,1400
temporal_tabular_transformer_seed362559_classifier,validation,2014-12-31,0.0016750861,1399,1398
temporal_tabular_transformer_seed362559_classifier,validation,2015-01-30,-0.038299035,1397,1396
temporal_tabular_transformer_seed362559_classifier,validation,2015-02-27,0.046544302,1399,1399
temporal_tabular_transformer_seed362559_classifier,validation,2015-03-31,-0.056275584,1400,1400
temporal_tabular_transformer_seed362559_classifier,validation,2015-04-30,0.011584595,1406,1405
temporal_tabular_transformer_seed362559_classifier,validation,2015-05-29,0.01805166,1410,1409
temporal_tabular_transformer_seed362559_classifier,validation,2015-06-30,0.09528487,1417,1417
temporal_tabular_transformer_seed362559_classifier,validation,2015-07-31,-0.004625462,1428,1428
temporal_tabular_transformer_seed362559_classifier,validation,2015-08-31,0.08760579,1430,1429
temporal_tabular_transformer_seed362559_classifier,validation,2015-09-30,0.009169307,1430,1429
temporal_tabular_transformer_seed362559_classifier,validation,2015-10-30,0.00014153216,1431,1430
temporal_tabular_transformer_seed362559_classifier,validation,2015-11-30,0.03786523,1436,1435
temporal_tabular_transformer_seed362559_er_train,test,2015-12-31,0.07082991,1435,1435
temporal_tabular_transformer_seed362559_er_train,test,2016-01-29,0.0063919486,1430,1429
temporal_tabular_transformer_seed362559_er_train,test,2016-02-29,0.014036447,1427,1426
temporal_tabular_transformer_seed362559_er_train,test,2016-03-31,0.02701792,1423,1423
temporal_tabular_transformer_seed362559_er_train,test,2016-04-29,-0.0034024385,1422,1421
temporal_tabular_transformer_seed362559_er_train,test,2016-05-31,0.013821743,1423,1423
temporal_tabular_transformer_seed362559_er_train,test,2016-06-30,0.013045959,1424,1423
temporal_tabular_transformer_seed362559_er_train,test,2016-07-29,0.014669155,1424,1423
temporal_tabular_transformer_seed362559_er_train,test,2016-08-31,0.0082433205,1417,1416
temporal_tabular_transformer_seed362559_er_train,test,2016-09-30,0.0018734969,1418,1418
temporal_tabular_transformer_seed362559_er_train,test,2016-10-31,0.060021393,1422,1421
temporal_tabular_transformer_seed362559_er_train,test,2016-11-30,0.037091378,1420,1419
temporal_tabular_transformer_seed362559_er_train,test,2016-12-30,-0.01862278,1422,1421
temporal_tabular_transformer_seed362559_er_train,test,2017-01-31,-0.0017565228,1426,1425
temporal_tabular_transformer_seed362559_er_train,test,2017-02-28,-0.00025238376,1422,1421
temporal_tabular_transformer_seed362559_er_train,test,2017-03-31,0.03909406,1422,1422
temporal_tabular_transformer_seed362559_er_train,test,2017-04-28,0.02640642,1426,1425
temporal_tabular_transformer_seed362559_er_train,test,2017-05-31,-0.007087175,1429,1428
temporal_tabular_transformer_seed362559_er_train,test,2017-06-30,0.032012574,1430,1429
temporal_tabular_transformer_seed362559_er_train,test,2017-07-31,0.01862603,1432,1431
temporal_tabular_transformer_seed362559_er_train,test,2017-08-31,-0.040680766,1427,1426
temporal_tabular_transformer_seed362559_er_train,test,2017-09-29,0.039084457,1424,1423
temporal_tabular_transformer_seed362559_er_train,test,2017-10-31,-0.0113807,1431,1430
temporal_tabular_transformer_seed362559_er_train,test,2017-11-30,-0.022438092,1442,1441
temporal_tabular_transformer_seed362559_er_train,test,2017-12-29,0.00866862,1441,1441
temporal_tabular_transformer_seed362559_er_train,test,2018-01-31,0.00010379404,1449,1448
temporal_tabular_transformer_seed362559_er_train,test,2018-02-28,0.010975134,1453,1452
temporal_tabular_transformer_seed362559_er_train,test,2018-03-29,-0.0011664209,1443,1442
temporal_tabular_transformer_seed362559_er_train,test,2018-04-30,-0.023393933,1452,1451
temporal_tabular_transformer_seed362559_er_train,test,2018-05-31,0.0063464325,1454,1454
temporal_tabular_transformer_seed362559_er_train,test,2018-06-29,0.050379608,1465,1464
temporal_tabular_transformer_seed362559_er_train,test,2018-07-31,0.008007156,1471,1471
temporal_tabular_transformer_seed362559_er_train,test,2018-08-31,0.0021196473,1469,1468
temporal_tabular_transformer_seed362559_er_train,test,2018-09-28,0.029060438,1475,1474
temporal_tabular_transformer_seed362559_er_train,test,2018-10-31,0.03367512,1483,1482
temporal_tabular_transformer_seed362559_er_train,test,2018-11-30,0.06864746,1483,1482
temporal_tabular_transformer_seed362559_er_train,test,2018-12-31,-0.027811408,1482,1481
temporal_tabular_transformer_seed362559_er_train,test,2019-01-31,0.016383097,1482,1481
temporal_tabular_transformer_seed362559_er_train,test,2019-02-28,-0.017959062,1478,1478
temporal_tabular_transformer_seed362559_er_train,test,2019-03-29,0.022427391,1478,1478
temporal_tabular_transformer_seed362559_er_train,test,2019-04-30,-0.014587745,1480,1479
temporal_tabular_transformer_seed362559_er_train,test,2019-05-31,0.04178573,1492,1491
temporal_tabular_transformer_seed362559_er_train,test,2019-06-28,0.032671146,1495,1494
temporal_tabular_transformer_seed362559_er_train,test,2019-07-31,-0.027708909,1499,1498
temporal_tabular_transformer_seed362559_er_train,test,2019-08-30,0.025787292,1498,1497
temporal_tabular_transformer_seed362559_er_train,test,2019-09-30,0.0077020754,1500,1500
temporal_tabular_transformer_seed362559_er_train,test,2019-10-31,0.010012554,1501,1500
temporal_tabular_transformer_seed362559_er_train,test,2019-11-29,0.022941746,1501,1500
temporal_tabular_transformer_seed362559_er_train,test,2019-12-31,-0.052961733,1500,1500
temporal_tabular_transformer_seed362559_er_train,test,2020-01-31,-0.049260944,1502,1501
temporal_tabular_transformer_seed362559_er_train,test,2020-02-28,-0.037137628,1502,1501
temporal_tabular_transformer_seed362559_er_train,test,2020-03-31,0.10695962,1495,1495
temporal_tabular_transformer_seed362559_er_train,test,2020-04-30,-0.008278348,1496,1496
temporal_tabular_transformer_seed362559_er_train,test,2020-05-29,0.03194696,1495,1494
temporal_tabular_transformer_seed362559_er_train,test,2020-06-30,0.038650673,1504,1503
temporal_tabular_transformer_seed362559_er_train,test,2020-07-31,0.022001764,1510,1509
temporal_tabular_transformer_seed362559_er_train,test,2020-08-31,-0.00526903,1515,1514
temporal_tabular_transformer_seed362559_er_train,test,2020-09-30,0.037714627,1526,1525
temporal_tabular_transformer_seed362559_er_train,test,2020-10-30,-0.026723191,1541,1540
temporal_tabular_transformer_seed362559_er_train,test,2020-11-30,-0.002302207,1555,1554
temporal_tabular_transformer_seed362559_er_train,test,2020-12-31,-0.13095726,1575,1575
temporal_tabular_transformer_seed362559_er_train,test,2021-01-29,0.015920315,1593,1592
temporal_tabular_transformer_seed362559_er_train,test,2021-02-26,0.0766809,1611,1611
temporal_tabular_transformer_seed362559_er_train,test,2021-03-31,0.06924727,1643,1642
temporal_tabular_transformer_seed362559_er_train,test,2021-04-30,0.06145157,1672,1672
temporal_tabular_transformer_seed362559_er_train,test,2021-05-28,-0.050668314,1696,1695
temporal_tabular_transformer_seed362559_er_train,test,2021-06-30,0.09691402,1718,1717
temporal_tabular_transformer_seed362559_er_train,test,2021-07-30,-0.0035297796,1745,1744
temporal_tabular_transformer_seed362559_er_train,test,2021-08-31,0.027875997,1756,1755
temporal_tabular_transformer_seed362559_er_train,test,2021-09-30,0.059165202,1775,1774
temporal_tabular_transformer_seed362559_er_train,test,2021-10-29,0.08760388,1794,1793
temporal_tabular_transformer_seed362559_er_train,test,2021-11-30,0.14464156,1814,1813
temporal_tabular_transformer_seed362559_er_train,test,2021-12-31,0.07441107,1838,1837
temporal_tabular_transformer_seed362559_er_train,test,2022-01-31,0.03951596,1855,1854
temporal_tabular_transformer_seed362559_er_train,test,2022-02-28,-0.003120236,1870,1869
temporal_tabular_transformer_seed362559_er_train,test,2022-03-31,0.103981435,1877,1876
temporal_tabular_transformer_seed362559_er_train,test,2022-04-29,0.08260312,1885,1884
temporal_tabular_transformer_seed362559_er_train,test,2022-05-31,-0.033211388,1887,1886
temporal_tabular_transformer_seed362559_er_train,test,2022-06-30,0.025010139,1892,1891
temporal_tabular_transformer_seed362559_er_train,test,2022-07-29,-0.007312993,1892,1891
temporal_tabular_transformer_seed362559_er_train,test,2022-08-31,-0.0027976707,1894,1893
temporal_tabular_transformer_seed362559_er_train,test,2022-09-30,0.090379976,1899,1899
temporal_tabular_transformer_seed362559_er_train,test,2022-10-31,0.0018858872,1897,1896
temporal_tabular_transformer_seed362559_er_train,test,2022-11-30,-0.009478092,1893,1893
temporal_tabular_transformer_seed362559_er_train,test,2022-12-30,0.008618951,1881,1880
temporal_tabular_transformer_seed362559_er_train,test,2023-01-31,0.0047982186,1876,1875
temporal_tabular_transformer_seed362559_er_train,test,2023-02-28,0.0055674836,1871,1870
temporal_tabular_transformer_seed362559_er_train,test,2023-03-31,-0.03580246,1865,1864
temporal_tabular_transformer_seed362559_er_train,test,2023-04-28,-0.007452051,1860,1859
temporal_tabular_transformer_seed362559_er_train,test,2023-05-31,0.055555224,1861,1860
temporal_tabular_transformer_seed362559_er_train,test,2023-06-30,0.031217804,1859,1858
temporal_tabular_transformer_seed362559_er_train,test,2023-07-31,0.0064058527,1853,1853
temporal_tabular_transformer_seed362559_er_train,test,2023-08-31,0.005042486,1856,1855
temporal_tabular_transformer_seed362559_er_train,test,2023-09-29,0.006706856,1864,1863
temporal_tabular_transformer_seed362559_er_train,test,2023-10-31,0.025308535,1867,1866
temporal_tabular_transformer_seed362559_er_train,test,2023-11-30,0.023973696,1866,1865
temporal_tabular_transformer_seed362559_er_train,test,2023-12-29,-0.026642973,1862,1861
temporal_tabular_transformer_seed362559_er_train,test,2024-01-31,0.008637037,1874,1873
temporal_tabular_transformer_seed362559_er_train,test,2024-02-29,0.03091231,1866,1865
temporal_tabular_transformer_seed362559_er_train,test,2024-03-28,-0.00093364716,1867,1866
temporal_tabular_transformer_seed362559_er_train,test,2024-04-30,0.024232179,1869,1868
temporal_tabular_transformer_seed362559_er_train,test,2024-05-31,0.009295747,1875,1874
temporal_tabular_transformer_seed362559_er_train,test,2024-06-28,0.037847884,1881,1880
temporal_tabular_transformer_seed362559_er_train,test,2024-07-31,0.039407168,1888,1887
temporal_tabular_transformer_seed362559_er_train,test,2024-08-30,0.0068286317,1888,1887
temporal_tabular_transformer_seed362559_er_train,test,2024-09-30,-0.030962002,1909,1908
temporal_tabular_transformer_seed362559_er_train,test,2024-10-31,0.009889677,1917,1916
temporal_tabular_transformer_seed362559_er_train,validation,2010-12-31,-0.011851544,1302,1301
temporal_tabular_transformer_seed362559_er_train,validation,2011-01-31,0.023928704,1307,1306
temporal_tabular_transformer_seed362559_er_train,validation,2011-02-28,0.029250577,1307,1306
temporal_tabular_transformer_seed362559_er_train,validation,2011-03-31,0.020676933,1309,1308
temporal_tabular_transformer_seed362559_er_train,validation,2011-04-29,-0.0072388705,1313,1312
temporal_tabular_transformer_seed362559_er_train,validation,2011-05-31,0.005258672,1319,1318
temporal_tabular_transformer_seed362559_er_train,validation,2011-06-30,-0.016048515,1323,1322
temporal_tabular_transformer_seed362559_er_train,validation,2011-07-29,-0.009090781,1325,1324
temporal_tabular_transformer_seed362559_er_train,validation,2011-08-31,-0.005945958,1325,1324
temporal_tabular_transformer_seed362559_er_train,validation,2011-09-30,0.09019396,1326,1325
temporal_tabular_transformer_seed362559_er_train,validation,2011-10-31,-0.031886593,1323,1322
temporal_tabular_transformer_seed362559_er_train,validation,2011-11-30,0.0033893855,1322,1322
temporal_tabular_transformer_seed362559_er_train,validation,2011-12-30,0.065477215,1321,1320
temporal_tabular_transformer_seed362559_er_train,validation,2012-01-31,0.016384978,1325,1325
temporal_tabular_transformer_seed362559_er_train,validation,2012-02-29,0.00772913,1331,1330
temporal_tabular_transformer_seed362559_er_train,validation,2012-03-30,-0.021715952,1333,1332
temporal_tabular_transformer_seed362559_er_train,validation,2012-04-30,-0.08687732,1337,1336
temporal_tabular_transformer_seed362559_er_train,validation,2012-05-31,0.005344413,1338,1337
temporal_tabular_transformer_seed362559_er_train,validation,2012-06-29,-0.02681149,1334,1333
temporal_tabular_transformer_seed362559_er_train,validation,2012-07-31,0.03033068,1334,1333
temporal_tabular_transformer_seed362559_er_train,validation,2012-08-31,0.010950226,1328,1327
temporal_tabular_transformer_seed362559_er_train,validation,2012-09-28,0.005915623,1322,1322
temporal_tabular_transformer_seed362559_er_train,validation,2012-10-31,0.021164333,1319,1318
temporal_tabular_transformer_seed362559_er_train,validation,2012-11-30,0.015288515,1318,1317
temporal_tabular_transformer_seed362559_er_train,validation,2012-12-31,0.0312998,1317,1316
temporal_tabular_transformer_seed362559_er_train,validation,2013-01-31,0.017585453,1315,1314
temporal_tabular_transformer_seed362559_er_train,validation,2013-02-28,0.022683812,1315,1314
temporal_tabular_transformer_seed362559_er_train,validation,2013-03-28,-0.0009205612,1311,1310
temporal_tabular_transformer_seed362559_er_train,validation,2013-04-30,0.03665318,1313,1312
temporal_tabular_transformer_seed362559_er_train,validation,2013-05-31,0.018753788,1317,1316
temporal_tabular_transformer_seed362559_er_train,validation,2013-06-28,0.01605666,1321,1320
temporal_tabular_transformer_seed362559_er_train,validation,2013-07-31,-0.018140756,1326,1325
temporal_tabular_transformer_seed362559_er_train,validation,2013-08-30,-0.0004054308,1329,1329
temporal_tabular_transformer_seed362559_er_train,validation,2013-09-30,0.038826812,1332,1331
temporal_tabular_transformer_seed362559_er_train,validation,2013-10-31,0.021007538,1338,1337
temporal_tabular_transformer_seed362559_er_train,validation,2013-11-29,-0.016774174,1343,1342
temporal_tabular_transformer_seed362559_er_train,validation,2013-12-31,-0.10508047,1344,1343
temporal_tabular_transformer_seed362559_er_train,validation,2014-01-31,-0.004938863,1350,1349
temporal_tabular_transformer_seed362559_er_train,validation,2014-02-28,0.03194134,1354,1353
temporal_tabular_transformer_seed362559_er_train,validation,2014-03-31,0.051660683,1359,1358
temporal_tabular_transformer_seed362559_er_train,validation,2014-04-30,0.041100495,1363,1363
temporal_tabular_transformer_seed362559_er_train,validation,2014-05-30,-0.030995734,1370,1369
temporal_tabular_transformer_seed362559_er_train,validation,2014-06-30,0.015202813,1378,1377
temporal_tabular_transformer_seed362559_er_train,validation,2014-07-31,0.022339018,1385,1384
temporal_tabular_transformer_seed362559_er_train,validation,2014-08-29,0.014981486,1390,1389
temporal_tabular_transformer_seed362559_er_train,validation,2014-09-30,0.07214682,1391,1390
temporal_tabular_transformer_seed362559_er_train,validation,2014-10-31,0.031217327,1396,1395
temporal_tabular_transformer_seed362559_er_train,validation,2014-11-28,0.030133504,1401,1400
temporal_tabular_transformer_seed362559_er_train,validation,2014-12-31,-0.007955582,1399,1398
temporal_tabular_transformer_seed362559_er_train,validation,2015-01-30,-0.015996423,1397,1396
temporal_tabular_transformer_seed362559_er_train,validation,2015-02-27,0.046729185,1399,1399
temporal_tabular_transformer_seed362559_er_train,validation,2015-03-31,-0.046628125,1400,1400
temporal_tabular_transformer_seed362559_er_train,validation,2015-04-30,0.013911152,1406,1405
temporal_tabular_transformer_seed362559_er_train,validation,2015-05-29,0.02387185,1410,1409
temporal_tabular_transformer_seed362559_er_train,validation,2015-06-30,0.0701731,1417,1417
temporal_tabular_transformer_seed362559_er_train,validation,2015-07-31,-0.0016979873,1428,1428
temporal_tabular_transformer_seed362559_er_train,validation,2015-08-31,0.0533414,1430,1429
temporal_tabular_transformer_seed362559_er_train,validation,2015-09-30,0.0036939904,1430,1429
temporal_tabular_transformer_seed362559_er_train,validation,2015-10-30,0.0038833627,1431,1430
temporal_tabular_transformer_seed362559_er_train,validation,2015-11-30,-0.0082723275,1436,1435
