run_name,score_name,split,month,rank_ic,n_stocks
temporal_tabular_small_mlp_warmstart,prediction_temporal_tabular_classifier_score,train,1989-12-29,-0.03182182010709252,6334
temporal_tabular_small_mlp_warmstart,prediction_temporal_tabular_classifier_score,train,1990-01-31,0.0712893676676864,6342
temporal_tabular_small_mlp_warmstart,prediction_temporal_tabular_classifier_score,train,1990-02-28,0.1161326139893594,6337
temporal_tabular_small_mlp_warmstart,prediction_temporal_tabular_classifier_score,train,1990-03-30,0.09612634073262075,6347
temporal_tabular_small_mlp_warmstart,prediction_temporal_tabular_classifier_score,train,1990-04-30,0.19017779002063526,6357
temporal_tabular_small_mlp_warmstart,prediction_temporal_tabular_classifier_score,train,1990-05-31,0.09354446772557927,6352
temporal_tabular_small_mlp_warmstart,prediction_temporal_tabular_classifier_score,train,1990-06-29,0.1156246702873075,6358
temporal_tabular_small_mlp_warmstart,prediction_temporal_tabular_classifier_score,train,1990-07-31,0.1331997829640573,6367
temporal_tabular_small_mlp_warmstart,prediction_temporal_tabular_classifier_score,train,1990-08-31,0.09673825152558956,6369
temporal_tabular_small_mlp_warmstart,prediction_temporal_tabular_classifier_score,train,1990-09-28,0.1513440361144944,6354
temporal_tabular_small_mlp_warmstart,prediction_temporal_tabular_classifier_score,train,1990-10-31,0.1559851568885687,6339
temporal_tabular_small_mlp_warmstart,prediction_temporal_tabular_classifier_score,train,1990-11-30,0.24107995670596286,6322
temporal_tabular_small_mlp_warmstart,prediction_temporal_tabular_classifier_score,train,1990-12-31,-0.03419016173556646,6313
temporal_tabular_small_mlp_warmstart,prediction_temporal_tabular_classifier_score,train,1991-01-31,-0.0385189755775587,6304
temporal_tabular_small_mlp_warmstart,prediction_temporal_tabular_classifier_score,train,1991-02-28,0.030915354194113124,6288
temporal_tabular_small_mlp_warmstart,prediction_temporal_tabular_classifier_score,train,1991-03-28,0.040462232534842074,6282
temporal_tabular_small_mlp_warmstart,prediction_temporal_tabular_classifier_score,train,1991-04-30,0.15766677807159285,6294
temporal_tabular_small_mlp_warmstart,prediction_temporal_tabular_classifier_score,train,1991-05-31,0.07030697804656472,6312
temporal_tabular_small_mlp_warmstart,prediction_temporal_tabular_classifier_score,train,1991-06-28,0.1469573611454878,6342
temporal_tabular_small_mlp_warmstart,prediction_temporal_tabular_classifier_score,train,1991-07-31,0.1360561902985142,6364
temporal_tabular_small_mlp_warmstart,prediction_temporal_tabular_classifier_score,train,1991-08-30,0.06712977971259164,6391
temporal_tabular_small_mlp_warmstart,prediction_temporal_tabular_classifier_score,train,1991-09-30,0.09825456246243992,6411
temporal_tabular_small_mlp_warmstart,prediction_temporal_tabular_classifier_score,train,1991-10-31,0.06780556631072306,6445
temporal_tabular_small_mlp_warmstart,prediction_temporal_tabular_classifier_score,train,1991-11-29,0.26119353812953916,6479
temporal_tabular_small_mlp_warmstart,prediction_temporal_tabular_classifier_score,train,1991-12-31,-0.27958440580063637,6495
temporal_tabular_small_mlp_warmstart,prediction_temporal_tabular_classifier_score,train,1992-01-31,0.009120812176579726,6517
temporal_tabular_small_mlp_warmstart,prediction_temporal_tabular_classifier_score,train,1992-02-28,0.1523023372809751,6546
temporal_tabular_small_mlp_warmstart,prediction_temporal_tabular_classifier_score,train,1992-03-31,0.24080081718568166,6600
temporal_tabular_small_mlp_warmstart,prediction_temporal_tabular_classifier_score,train,1992-04-30,0.10204292495422164,6613
temporal_tabular_small_mlp_warmstart,prediction_temporal_tabular_classifier_score,train,1992-05-29,0.2071925249541995,6611
temporal_tabular_small_mlp_warmstart,prediction_temporal_tabular_classifier_score,train,1992-06-30,0.12115277363628532,6607
temporal_tabular_small_mlp_warmstart,prediction_temporal_tabular_classifier_score,train,1992-07-31,0.15612401720831734,6639
temporal_tabular_small_mlp_warmstart,prediction_temporal_tabular_classifier_score,train,1992-08-31,0.11718924662903553,6654
temporal_tabular_small_mlp_warmstart,prediction_temporal_tabular_classifier_score,train,1992-09-30,0.10479340897119747,6661
temporal_tabular_small_mlp_warmstart,prediction_temporal_tabular_classifier_score,train,1992-10-30,0.004187127983820738,6706
temporal_tabular_small_mlp_warmstart,prediction_temporal_tabular_classifier_score,train,1992-11-30,0.11155147682069289,6740
temporal_tabular_small_mlp_warmstart,prediction_temporal_tabular_classifier_score,train,1992-12-31,-0.03527036421694253,6783
temporal_tabular_small_mlp_warmstart,prediction_temporal_tabular_classifier_score,train,1993-01-29,0.14791813147898655,6812
temporal_tabular_small_mlp_warmstart,prediction_temporal_tabular_classifier_score,train,1993-02-26,0.11147756563741967,6855
temporal_tabular_small_mlp_warmstart,prediction_temporal_tabular_classifier_score,train,1993-03-31,0.06989493992726926,6922
temporal_tabular_small_mlp_warmstart,prediction_temporal_tabular_classifier_score,train,1993-04-30,-0.04494658573162692,6978
temporal_tabular_small_mlp_warmstart,prediction_temporal_tabular_classifier_score,train,1993-05-28,0.10509120955212015,7037
temporal_tabular_small_mlp_warmstart,prediction_temporal_tabular_classifier_score,train,1993-06-30,0.13571692570767185,7118
temporal_tabular_small_mlp_warmstart,prediction_temporal_tabular_classifier_score,train,1993-07-30,0.10524460036347583,7163
temporal_tabular_small_mlp_warmstart,prediction_temporal_tabular_classifier_score,train,1993-08-31,0.05570265916939231,7228
temporal_tabular_small_mlp_warmstart,prediction_temporal_tabular_classifier_score,train,1993-09-30,-0.026969594335539998,7310
temporal_tabular_small_mlp_warmstart,prediction_temporal_tabular_classifier_score,train,1993-10-29,0.08632254109250614,7390
temporal_tabular_small_mlp_warmstart,prediction_temporal_tabular_classifier_score,train,1993-11-30,0.16914195158859138,7494
temporal_tabular_small_mlp_warmstart,prediction_temporal_tabular_classifier_score,train,1993-12-31,-0.03711586061010871,7588
temporal_tabular_small_mlp_warmstart,prediction_temporal_tabular_classifier_score,train,1994-01-31,0.10620752328815908,7642
temporal_tabular_small_mlp_warmstart,prediction_temporal_tabular_classifier_score,train,1994-02-28,0.07207895091367432,7712
temporal_tabular_small_mlp_warmstart,prediction_temporal_tabular_classifier_score,train,1994-03-31,0.19272943484483068,7771
temporal_tabular_small_mlp_warmstart,prediction_temporal_tabular_classifier_score,train,1994-04-29,0.11796574851467163,7819
temporal_tabular_small_mlp_warmstart,prediction_temporal_tabular_classifier_score,train,1994-05-31,0.22282584239457953,7860
temporal_tabular_small_mlp_warmstart,prediction_temporal_tabular_classifier_score,train,1994-06-30,0.07183450230402386,7919
temporal_tabular_small_mlp_warmstart,prediction_temporal_tabular_classifier_score,train,1994-07-29,0.06426289194565968,7942
temporal_tabular_small_mlp_warmstart,prediction_temporal_tabular_classifier_score,train,1994-08-31,0.014401963184838853,7966
temporal_tabular_small_mlp_warmstart,prediction_temporal_tabular_classifier_score,train,1994-09-30,0.09187227564233992,7965
temporal_tabular_small_mlp_warmstart,prediction_temporal_tabular_classifier_score,train,1994-10-31,0.10430851995978277,8013
temporal_tabular_small_mlp_warmstart,prediction_temporal_tabular_classifier_score,train,1994-11-30,0.21973196214959692,8028
temporal_tabular_small_mlp_warmstart,prediction_temporal_tabular_classifier_score,train,1994-12-30,-0.03161487002439879,8027
temporal_tabular_small_mlp_warmstart,prediction_temporal_tabular_classifier_score,train,1995-01-31,0.10669618212876818,8011
temporal_tabular_small_mlp_warmstart,prediction_temporal_tabular_classifier_score,train,1995-02-28,0.0657065186160339,8019
temporal_tabular_small_mlp_warmstart,prediction_temporal_tabular_classifier_score,train,1995-03-31,0.06870455937185492,8025
temporal_tabular_small_mlp_warmstart,prediction_temporal_tabular_classifier_score,train,1995-04-28,0.10441475741796986,8039
temporal_tabular_small_mlp_warmstart,prediction_temporal_tabular_classifier_score,train,1995-05-31,0.010350291683040297,8041
temporal_tabular_small_mlp_warmstart,prediction_temporal_tabular_classifier_score,train,1995-06-30,0.0259497684624654,8065
temporal_tabular_small_mlp_warmstart,prediction_temporal_tabular_classifier_score,train,1995-07-31,0.07595152135193108,8097
temporal_tabular_small_mlp_warmstart,prediction_temporal_tabular_classifier_score,train,1995-08-31,0.07212070296512195,8125
temporal_tabular_small_mlp_warmstart,prediction_temporal_tabular_classifier_score,train,1995-09-29,0.25094565590796675,8133
temporal_tabular_small_mlp_warmstart,prediction_temporal_tabular_classifier_score,train,1995-10-31,0.1896823089658075,8169
temporal_tabular_small_mlp_warmstart,prediction_temporal_tabular_classifier_score,train,1995-11-30,0.16380072257558984,8219
temporal_tabular_small_mlp_warmstart,prediction_temporal_tabular_classifier_score,train,1995-12-29,-0.07921893488765652,8276
temporal_tabular_small_mlp_warmstart,prediction_temporal_tabular_classifier_score,train,1996-01-31,0.009476817950714046,8268
temporal_tabular_small_mlp_warmstart,prediction_temporal_tabular_classifier_score,train,1996-02-29,0.08001920888607776,8299
temporal_tabular_small_mlp_warmstart,prediction_temporal_tabular_classifier_score,train,1996-03-29,-0.10023475315927113,8366
temporal_tabular_small_mlp_warmstart,prediction_temporal_tabular_classifier_score,train,1996-04-30,-0.10004865553316465,8407
temporal_tabular_small_mlp_warmstart,prediction_temporal_tabular_classifier_score,train,1996-05-31,0.2913144281434792,8495
temporal_tabular_small_mlp_warmstart,prediction_temporal_tabular_classifier_score,train,1996-06-28,0.37688594943094617,8559
temporal_tabular_small_mlp_warmstart,prediction_temporal_tabular_classifier_score,train,1996-07-31,0.032455834939611995,8595
temporal_tabular_small_mlp_warmstart,prediction_temporal_tabular_classifier_score,train,1996-08-30,0.1102532345889278,8642
temporal_tabular_small_mlp_warmstart,prediction_temporal_tabular_classifier_score,train,1996-09-30,0.3146727686574209,8657
temporal_tabular_small_mlp_warmstart,prediction_temporal_tabular_classifier_score,train,1996-10-31,0.22180497409110617,8737
temporal_tabular_small_mlp_warmstart,prediction_temporal_tabular_classifier_score,train,1996-11-29,0.24087378580741922,8804
temporal_tabular_small_mlp_warmstart,prediction_temporal_tabular_classifier_score,train,1996-12-31,-0.11422567537426986,8822
temporal_tabular_small_mlp_warmstart,prediction_temporal_tabular_classifier_score,train,1997-01-31,0.23104193666214642,8818
temporal_tabular_small_mlp_warmstart,prediction_temporal_tabular_classifier_score,train,1997-02-28,0.27677407599188936,8832
temporal_tabular_small_mlp_warmstart,prediction_temporal_tabular_classifier_score,train,1997-03-31,0.23712876846871433,8835
temporal_tabular_small_mlp_warmstart,prediction_temporal_tabular_classifier_score,train,1997-04-30,-0.029332772642015892,8844
temporal_tabular_small_mlp_warmstart,prediction_temporal_tabular_classifier_score,train,1997-05-30,0.17032048011020415,8841
temporal_tabular_small_mlp_warmstart,prediction_temporal_tabular_classifier_score,train,1997-06-30,0.14580930816944584,8843
temporal_tabular_small_mlp_warmstart,prediction_temporal_tabular_classifier_score,train,1997-07-31,-0.011681585515122396,8856
temporal_tabular_small_mlp_warmstart,prediction_temporal_tabular_classifier_score,train,1997-08-29,0.05508162590232936,8855
temporal_tabular_small_mlp_warmstart,prediction_temporal_tabular_classifier_score,train,1997-09-30,0.16112293701094219,8853
temporal_tabular_small_mlp_warmstart,prediction_temporal_tabular_classifier_score,train,1997-10-31,0.31947895682751415,8883
temporal_tabular_small_mlp_warmstart,prediction_temporal_tabular_classifier_score,train,1997-11-28,0.43483197904693843,8903
temporal_tabular_small_mlp_warmstart,prediction_temporal_tabular_classifier_score,train,1997-12-31,-0.12312706356381518,8873
temporal_tabular_small_mlp_warmstart,prediction_temporal_tabular_classifier_score,train,1998-01-30,0.05911642484311391,8855
temporal_tabular_small_mlp_warmstart,prediction_temporal_tabular_classifier_score,train,1998-02-27,0.1069576305216361,8847
temporal_tabular_small_mlp_warmstart,prediction_temporal_tabular_classifier_score,train,1998-03-31,0.042391008116913036,8830
temporal_tabular_small_mlp_warmstart,prediction_temporal_tabular_classifier_score,train,1998-04-30,0.19769285818422785,8850
temporal_tabular_small_mlp_warmstart,prediction_temporal_tabular_classifier_score,train,1998-05-29,0.18799388058975988,8836
temporal_tabular_small_mlp_warmstart,prediction_temporal_tabular_classifier_score,train,1998-06-30,0.13110795801625627,8818
temporal_tabular_small_mlp_warmstart,prediction_temporal_tabular_classifier_score,train,1998-07-31,0.31385208418285826,8804
temporal_tabular_small_mlp_warmstart,prediction_temporal_tabular_classifier_score,train,1998-08-31,0.01637679262205788,8757
temporal_tabular_small_mlp_warmstart,prediction_temporal_tabular_classifier_score,train,1998-09-30,0.12776093147826875,8647
temporal_tabular_small_mlp_warmstart,prediction_temporal_tabular_classifier_score,train,1998-10-30,0.056308420919096935,8582
temporal_tabular_small_mlp_warmstart,prediction_temporal_tabular_classifier_score,train,1998-11-30,0.16827838372656068,8514
temporal_tabular_small_mlp_warmstart,prediction_temporal_tabular_classifier_score,train,1998-12-31,-0.1327982084778173,8489
temporal_tabular_small_mlp_warmstart,prediction_temporal_tabular_classifier_score,train,1999-01-29,0.0700327549684274,8445
temporal_tabular_small_mlp_warmstart,prediction_temporal_tabular_classifier_score,train,1999-02-26,0.04807947793550015,8403
temporal_tabular_small_mlp_warmstart,prediction_temporal_tabular_classifier_score,train,1999-03-31,0.018892916547458043,8328
temporal_tabular_small_mlp_warmstart,prediction_temporal_tabular_classifier_score,train,1999-04-30,0.06461080054927285,8305
temporal_tabular_small_mlp_warmstart,prediction_temporal_tabular_classifier_score,train,1999-05-28,0.09951416676417064,8295
temporal_tabular_small_mlp_warmstart,prediction_temporal_tabular_classifier_score,train,1999-06-30,0.021728787966199443,8281
temporal_tabular_small_mlp_warmstart,prediction_temporal_tabular_classifier_score,train,1999-07-30,0.08962487974342301,8272
temporal_tabular_small_mlp_warmstart,prediction_temporal_tabular_classifier_score,train,1999-08-31,0.03774104681174402,8237
temporal_tabular_small_mlp_warmstart,prediction_temporal_tabular_classifier_score,train,1999-09-30,0.0962315160001113,8226
temporal_tabular_small_mlp_warmstart,prediction_temporal_tabular_classifier_score,train,1999-10-29,-0.1984509171252444,8228
temporal_tabular_small_mlp_warmstart,prediction_temporal_tabular_classifier_score,train,1999-11-30,-0.08566286437093402,8209
temporal_tabular_small_mlp_warmstart,prediction_temporal_tabular_classifier_score,train,1999-12-31,-0.20283652394156718,8193
temporal_tabular_small_mlp_warmstart,prediction_temporal_tabular_classifier_score,train,2000-01-31,-0.20328515289216112,8154
temporal_tabular_small_mlp_warmstart,prediction_temporal_tabular_classifier_score,train,2000-02-29,0.26769881057338757,8155
temporal_tabular_small_mlp_warmstart,prediction_temporal_tabular_classifier_score,train,2000-03-31,0.5283547519726536,8148
temporal_tabular_small_mlp_warmstart,prediction_temporal_tabular_classifier_score,train,2000-04-28,0.3817274278853473,8166
temporal_tabular_small_mlp_warmstart,prediction_temporal_tabular_classifier_score,train,2000-05-31,-0.1703288411569121,8149
temporal_tabular_small_mlp_warmstart,prediction_temporal_tabular_classifier_score,train,2000-06-30,0.3000062056570413,8163
temporal_tabular_small_mlp_warmstart,prediction_temporal_tabular_classifier_score,train,2000-07-31,0.009816617840512753,8180
temporal_tabular_small_mlp_warmstart,prediction_temporal_tabular_classifier_score,train,2000-08-31,0.33739035918071814,8192
temporal_tabular_small_mlp_warmstart,prediction_temporal_tabular_classifier_score,train,2000-09-29,0.37092242800580877,8157
temporal_tabular_small_mlp_warmstart,prediction_temporal_tabular_classifier_score,train,2000-10-31,0.5412569423013792,8107
temporal_tabular_small_mlp_warmstart,prediction_temporal_tabular_classifier_score,train,2000-11-30,0.36815783979313577,8036
temporal_tabular_small_mlp_warmstart,prediction_temporal_tabular_classifier_score,train,2000-12-29,-0.3836937105970761,7954
temporal_tabular_small_mlp_warmstart,prediction_temporal_tabular_classifier_score,train,2001-01-31,0.5081109560754017,7893
temporal_tabular_small_mlp_warmstart,prediction_temporal_tabular_classifier_score,train,2001-02-28,0.3945010375252598,7836
temporal_tabular_small_mlp_warmstart,prediction_temporal_tabular_classifier_score,train,2001-03-30,-0.07046903436432198,7763
temporal_tabular_small_mlp_warmstart,prediction_temporal_tabular_classifier_score,train,2001-04-30,-0.002078560242057841,7679
temporal_tabular_small_mlp_warmstart,prediction_temporal_tabular_classifier_score,train,2001-05-31,0.14077532954285304,7628
temporal_tabular_small_mlp_warmstart,prediction_temporal_tabular_classifier_score,train,2001-06-29,0.2944110392425889,7575
temporal_tabular_small_mlp_warmstart,prediction_temporal_tabular_classifier_score,train,2001-07-31,0.3005955541020345,7517
temporal_tabular_small_mlp_warmstart,prediction_temporal_tabular_classifier_score,train,2001-08-31,0.3685964876617315,7461
temporal_tabular_small_mlp_warmstart,prediction_temporal_tabular_classifier_score,train,2001-09-28,-0.13432908014429082,7426
temporal_tabular_small_mlp_warmstart,prediction_temporal_tabular_classifier_score,train,2001-10-31,-0.08700431474647978,7375
temporal_tabular_small_mlp_warmstart,prediction_temporal_tabular_classifier_score,train,2001-11-30,0.005726458716266669,7341
temporal_tabular_small_mlp_warmstart,prediction_temporal_tabular_classifier_score,train,2001-12-31,0.11675420411046636,7300
temporal_tabular_small_mlp_warmstart,prediction_temporal_tabular_classifier_score,train,2002-01-31,0.400501449900596,7261
temporal_tabular_small_mlp_warmstart,prediction_temporal_tabular_classifier_score,train,2002-02-28,-0.03233363196818484,7225
temporal_tabular_small_mlp_warmstart,prediction_temporal_tabular_classifier_score,train,2002-03-28,0.3360011638396497,7168
temporal_tabular_small_mlp_warmstart,prediction_temporal_tabular_classifier_score,train,2002-04-30,0.20613888256624133,7139
temporal_tabular_small_mlp_warmstart,prediction_temporal_tabular_classifier_score,train,2002-05-31,0.33101204236607246,7119
temporal_tabular_small_mlp_warmstart,prediction_temporal_tabular_classifier_score,train,2002-06-28,0.2253654930631802,7084
temporal_tabular_small_mlp_warmstart,prediction_temporal_tabular_classifier_score,train,2002-07-31,0.14646771743827638,7030
temporal_tabular_small_mlp_warmstart,prediction_temporal_tabular_classifier_score,train,2002-08-30,0.30747545525847464,7002
temporal_tabular_small_mlp_warmstart,prediction_temporal_tabular_classifier_score,train,2002-09-30,-0.04565276780123466,6948
temporal_tabular_small_mlp_warmstart,prediction_temporal_tabular_classifier_score,train,2002-10-31,-0.2692229637644588,6931
temporal_tabular_small_mlp_warmstart,prediction_temporal_tabular_classifier_score,train,2002-11-29,0.31510174456815054,6927
temporal_tabular_small_mlp_warmstart,prediction_temporal_tabular_classifier_score,train,2002-12-31,-0.024551581666053552,6894
temporal_tabular_small_mlp_warmstart,prediction_temporal_tabular_classifier_score,train,2003-01-31,0.13492618481818985,6847
temporal_tabular_small_mlp_warmstart,prediction_temporal_tabular_classifier_score,train,2003-02-28,0.07451088800026769,6795
temporal_tabular_small_mlp_warmstart,prediction_temporal_tabular_classifier_score,train,2003-03-31,-0.030667823865299,6748
temporal_tabular_small_mlp_warmstart,prediction_temporal_tabular_classifier_score,train,2003-04-30,-0.20279426534790512,6711
temporal_tabular_small_mlp_warmstart,prediction_temporal_tabular_classifier_score,train,2003-05-30,-0.03424668561394752,6682
temporal_tabular_small_mlp_warmstart,prediction_temporal_tabular_classifier_score,train,2003-06-30,0.033242065736963,6648
temporal_tabular_small_mlp_warmstart,prediction_temporal_tabular_classifier_score,train,2003-07-31,0.06431851624684694,6626
temporal_tabular_small_mlp_warmstart,prediction_temporal_tabular_classifier_score,train,2003-08-29,-0.11978799802992231,6612
temporal_tabular_small_mlp_warmstart,prediction_temporal_tabular_classifier_score,train,2003-09-30,0.090660663700427,6607
temporal_tabular_small_mlp_warmstart,prediction_temporal_tabular_classifier_score,train,2003-10-31,0.08959013900587458,6596
temporal_tabular_small_mlp_warmstart,prediction_temporal_tabular_classifier_score,train,2003-11-28,0.09486250531175676,6589
temporal_tabular_small_mlp_warmstart,prediction_temporal_tabular_classifier_score,train,2003-12-31,-0.2427708209918877,6592
temporal_tabular_small_mlp_warmstart,prediction_temporal_tabular_classifier_score,train,2004-01-30,0.2039712469167074,6599
temporal_tabular_small_mlp_warmstart,prediction_temporal_tabular_classifier_score,train,2004-02-27,0.16129968578949608,6599
temporal_tabular_small_mlp_warmstart,prediction_temporal_tabular_classifier_score,train,2004-03-31,0.19784203807672482,6605
temporal_tabular_small_mlp_warmstart,prediction_temporal_tabular_classifier_score,train,2004-04-30,0.09669370141110455,6593
temporal_tabular_small_mlp_warmstart,prediction_temporal_tabular_classifier_score,train,2004-05-28,0.18985845194155873,6594
temporal_tabular_small_mlp_warmstart,prediction_temporal_tabular_classifier_score,train,2004-06-30,0.2503447943593576,6592
temporal_tabular_small_mlp_warmstart,prediction_temporal_tabular_classifier_score,train,2004-07-30,0.07276228008371358,6598
temporal_tabular_small_mlp_warmstart,prediction_temporal_tabular_classifier_score,train,2004-08-31,0.05311471078994679,6602
temporal_tabular_small_mlp_warmstart,prediction_temporal_tabular_classifier_score,train,2004-09-30,0.057041172902110006,6607
temporal_tabular_small_mlp_warmstart,prediction_temporal_tabular_classifier_score,train,2004-10-29,0.023527656619230824,6620
temporal_tabular_small_mlp_warmstart,prediction_temporal_tabular_classifier_score,train,2004-11-30,-0.06124824224430484,6615
temporal_tabular_small_mlp_warmstart,prediction_temporal_tabular_classifier_score,train,2004-12-31,0.18091953675688371,6633
temporal_tabular_small_mlp_warmstart,prediction_temporal_tabular_classifier_score,train,2005-01-31,0.1719444494939816,6623
temporal_tabular_small_mlp_warmstart,prediction_temporal_tabular_classifier_score,train,2005-02-28,0.17256067750071521,6637
temporal_tabular_small_mlp_warmstart,prediction_temporal_tabular_classifier_score,train,2005-03-31,0.11102325003074964,6636
temporal_tabular_small_mlp_warmstart,prediction_temporal_tabular_classifier_score,train,2005-04-29,0.052754421547865415,6628
temporal_tabular_small_mlp_warmstart,prediction_temporal_tabular_classifier_score,train,2005-05-31,0.07097084708043272,6630
temporal_tabular_small_mlp_warmstart,prediction_temporal_tabular_classifier_score,train,2005-06-30,0.022812951746555198,6652
temporal_tabular_small_mlp_warmstart,prediction_temporal_tabular_classifier_score,train,2005-07-29,0.061728740950348256,6640
temporal_tabular_small_mlp_warmstart,prediction_temporal_tabular_classifier_score,train,2005-08-31,0.06818187944574815,6643
temporal_tabular_small_mlp_warmstart,prediction_temporal_tabular_classifier_score,train,2005-09-30,0.1268335409444208,6636
temporal_tabular_small_mlp_warmstart,prediction_temporal_tabular_classifier_score,train,2005-10-31,0.09974255102225885,6636
temporal_tabular_small_mlp_warmstart,prediction_temporal_tabular_classifier_score,train,2005-11-30,0.02267772436897343,6647
temporal_tabular_small_mlp_warmstart,prediction_temporal_tabular_classifier_score,train,2005-12-30,-0.0518750731017162,6647
temporal_tabular_small_mlp_warmstart,prediction_temporal_tabular_classifier_score,train,2006-01-31,0.01942991740842826,6620
temporal_tabular_small_mlp_warmstart,prediction_temporal_tabular_classifier_score,train,2006-02-28,0.017822913694187297,6626
temporal_tabular_small_mlp_warmstart,prediction_temporal_tabular_classifier_score,train,2006-03-31,0.06563488915387918,6633
temporal_tabular_small_mlp_warmstart,prediction_temporal_tabular_classifier_score,train,2006-04-28,0.19896034013845984,6635
temporal_tabular_small_mlp_warmstart,prediction_temporal_tabular_classifier_score,train,2006-05-31,0.16092444541498294,6653
temporal_tabular_small_mlp_warmstart,prediction_temporal_tabular_classifier_score,train,2006-06-30,0.20781240609404814,6698
temporal_tabular_small_mlp_warmstart,prediction_temporal_tabular_classifier_score,train,2006-07-31,0.0363083591735663,6704
temporal_tabular_small_mlp_warmstart,prediction_temporal_tabular_classifier_score,train,2006-08-31,0.09492131962886698,6698
temporal_tabular_small_mlp_warmstart,prediction_temporal_tabular_classifier_score,train,2006-09-29,0.047824499109939834,6722
temporal_tabular_small_mlp_warmstart,prediction_temporal_tabular_classifier_score,train,2006-10-31,0.06153365392435342,6735
temporal_tabular_small_mlp_warmstart,prediction_temporal_tabular_classifier_score,train,2006-11-30,0.06611833002855096,6748
temporal_tabular_small_mlp_warmstart,prediction_temporal_tabular_classifier_score,train,2006-12-29,0.06334384631286956,6739
temporal_tabular_small_mlp_warmstart,prediction_temporal_tabular_classifier_score,train,2007-01-31,0.029310330757206942,6755
temporal_tabular_small_mlp_warmstart,prediction_temporal_tabular_classifier_score,train,2007-02-28,0.13571494269531098,6797
temporal_tabular_small_mlp_warmstart,prediction_temporal_tabular_classifier_score,train,2007-03-30,0.10770950481150282,6812
temporal_tabular_small_mlp_warmstart,prediction_temporal_tabular_classifier_score,train,2007-04-30,0.21449014454844265,6809
temporal_tabular_small_mlp_warmstart,prediction_temporal_tabular_classifier_score,train,2007-05-31,0.07001890182187014,6839
temporal_tabular_small_mlp_warmstart,prediction_temporal_tabular_classifier_score,train,2007-06-29,0.056414022365840956,6849
temporal_tabular_small_mlp_warmstart,prediction_temporal_tabular_classifier_score,train,2007-07-31,0.10730250215896746,6854
temporal_tabular_small_mlp_warmstart,prediction_temporal_tabular_classifier_score,train,2007-08-31,0.08004718064343347,6853
temporal_tabular_small_mlp_warmstart,prediction_temporal_tabular_classifier_score,train,2007-09-28,0.1493880207560002,6844
temporal_tabular_small_mlp_warmstart,prediction_temporal_tabular_classifier_score,train,2007-10-31,0.25667500628240825,6856
temporal_tabular_small_mlp_warmstart,prediction_temporal_tabular_classifier_score,train,2007-11-30,0.12527526004407954,6884
temporal_tabular_small_mlp_warmstart,prediction_temporal_tabular_classifier_score,train,2007-12-31,0.04279565546076695,6912
temporal_tabular_small_mlp_warmstart,prediction_temporal_tabular_classifier_score,train,2008-01-31,0.1206261517956594,6906
temporal_tabular_small_mlp_warmstart,prediction_temporal_tabular_classifier_score,train,2008-02-29,0.1889142893215809,6879
temporal_tabular_small_mlp_warmstart,prediction_temporal_tabular_classifier_score,train,2008-03-31,0.13560824809835664,6867
temporal_tabular_small_mlp_warmstart,prediction_temporal_tabular_classifier_score,train,2008-04-30,0.06254114038213389,6840
temporal_tabular_small_mlp_warmstart,prediction_temporal_tabular_classifier_score,train,2008-05-30,0.13765178474103187,6848
temporal_tabular_small_mlp_warmstart,prediction_temporal_tabular_classifier_score,train,2008-06-30,0.015721727900680757,6830
temporal_tabular_small_mlp_warmstart,prediction_temporal_tabular_classifier_score,train,2008-07-31,0.05619990166259867,6827
temporal_tabular_small_mlp_warmstart,prediction_temporal_tabular_classifier_score,train,2008-08-29,0.22995233331632262,6785
temporal_tabular_small_mlp_warmstart,prediction_temporal_tabular_classifier_score,train,2008-09-30,0.09668090482643486,6764
temporal_tabular_small_mlp_warmstart,prediction_temporal_tabular_classifier_score,train,2008-10-31,0.17091241332783197,6719
temporal_tabular_small_mlp_warmstart,prediction_temporal_tabular_classifier_score,train,2008-11-28,0.16833882072239997,6709
temporal_tabular_small_mlp_warmstart,prediction_temporal_tabular_classifier_score,train,2008-12-31,-0.050371104708494645,6679
temporal_tabular_small_mlp_warmstart,prediction_temporal_tabular_classifier_score,train,2009-01-30,0.09776839235509867,6650
temporal_tabular_small_mlp_warmstart,prediction_temporal_tabular_classifier_score,train,2009-02-27,0.10755233987919541,6606
temporal_tabular_small_mlp_warmstart,prediction_temporal_tabular_classifier_score,train,2009-03-31,0.18875294017510855,6554
temporal_tabular_small_mlp_warmstart,prediction_temporal_tabular_classifier_score,train,2009-04-30,-0.10750441188468665,6538
temporal_tabular_small_mlp_warmstart,prediction_temporal_tabular_classifier_score,train,2009-05-29,0.055608392194120476,6494
temporal_tabular_small_mlp_warmstart,prediction_temporal_tabular_classifier_score,train,2009-06-30,0.11220426636938201,6485
temporal_tabular_small_mlp_warmstart,prediction_temporal_tabular_classifier_score,train,2009-07-31,-0.0653876278667566,6465
temporal_tabular_small_mlp_warmstart,prediction_temporal_tabular_classifier_score,train,2009-08-31,-0.055347193787613526,6457
temporal_tabular_small_mlp_warmstart,prediction_temporal_tabular_classifier_score,train,2009-09-30,0.0962474285687466,6453
temporal_tabular_small_mlp_warmstart,prediction_temporal_tabular_classifier_score,train,2009-10-30,0.08643585232417988,6452
temporal_tabular_small_mlp_warmstart,prediction_temporal_tabular_classifier_score,train,2009-11-30,0.15424317331351994,6462
temporal_tabular_small_mlp_warmstart,prediction_temporal_tabular_classifier_score,train,2009-12-31,-0.10166741080804982,6465
temporal_tabular_small_mlp_warmstart,prediction_temporal_tabular_classifier_score,train,2010-01-29,0.14229232554052001,6467
temporal_tabular_small_mlp_warmstart,prediction_temporal_tabular_classifier_score,train,2010-02-26,0.09112458211370478,6468
temporal_tabular_small_mlp_warmstart,prediction_temporal_tabular_classifier_score,train,2010-03-31,-0.0023997150241733644,6468
temporal_tabular_small_mlp_warmstart,prediction_temporal_tabular_classifier_score,train,2010-04-30,0.14091293455876241,6492
temporal_tabular_small_mlp_warmstart,prediction_temporal_tabular_classifier_score,train,2010-05-28,0.15813880649008297,6469
temporal_tabular_small_mlp_warmstart,prediction_temporal_tabular_classifier_score,train,2010-06-30,0.1083145848417162,6486
temporal_tabular_small_mlp_warmstart,prediction_temporal_tabular_classifier_score,train,2010-07-30,-0.009904481512169928,6501
temporal_tabular_small_mlp_warmstart,prediction_temporal_tabular_classifier_score,train,2010-08-31,0.07783828722016745,6501
temporal_tabular_small_mlp_warmstart,prediction_temporal_tabular_classifier_score,train,2010-09-30,0.14271136399748702,6500
temporal_tabular_small_mlp_warmstart,prediction_temporal_tabular_classifier_score,train,2010-10-29,0.19135681395390133,6498
temporal_tabular_small_mlp_warmstart,prediction_temporal_tabular_classifier_score,train,2010-11-30,0.10217046243894273,6504
temporal_tabular_small_mlp_warmstart,prediction_temporal_tabular_er_train_score,train,1989-12-29,-0.07323112085603962,6334
temporal_tabular_small_mlp_warmstart,prediction_temporal_tabular_er_train_score,train,1990-01-31,0.08330993712679273,6342
temporal_tabular_small_mlp_warmstart,prediction_temporal_tabular_er_train_score,train,1990-02-28,0.11737948057010908,6337
temporal_tabular_small_mlp_warmstart,prediction_temporal_tabular_er_train_score,train,1990-03-30,0.07337514278454205,6347
temporal_tabular_small_mlp_warmstart,prediction_temporal_tabular_er_train_score,train,1990-04-30,0.1961617829028143,6357
temporal_tabular_small_mlp_warmstart,prediction_temporal_tabular_er_train_score,train,1990-05-31,0.07743775517778317,6352
temporal_tabular_small_mlp_warmstart,prediction_temporal_tabular_er_train_score,train,1990-06-29,0.06715659715823685,6358
temporal_tabular_small_mlp_warmstart,prediction_temporal_tabular_er_train_score,train,1990-07-31,0.07989353550968611,6367
temporal_tabular_small_mlp_warmstart,prediction_temporal_tabular_er_train_score,train,1990-08-31,0.015492954294312957,6369
temporal_tabular_small_mlp_warmstart,prediction_temporal_tabular_er_train_score,train,1990-09-28,0.0757301854753741,6354
temporal_tabular_small_mlp_warmstart,prediction_temporal_tabular_er_train_score,train,1990-10-31,0.15631528042672324,6339
temporal_tabular_small_mlp_warmstart,prediction_temporal_tabular_er_train_score,train,1990-11-30,0.22989655514995852,6322
temporal_tabular_small_mlp_warmstart,prediction_temporal_tabular_er_train_score,train,1990-12-31,0.012537886013762418,6313
temporal_tabular_small_mlp_warmstart,prediction_temporal_tabular_er_train_score,train,1991-01-31,0.029694063750896563,6304
temporal_tabular_small_mlp_warmstart,prediction_temporal_tabular_er_train_score,train,1991-02-28,0.08997497507660271,6288
temporal_tabular_small_mlp_warmstart,prediction_temporal_tabular_er_train_score,train,1991-03-28,0.03106193213218578,6282
temporal_tabular_small_mlp_warmstart,prediction_temporal_tabular_er_train_score,train,1991-04-30,0.15533135194808081,6294
temporal_tabular_small_mlp_warmstart,prediction_temporal_tabular_er_train_score,train,1991-05-31,-0.013640342177237252,6312
temporal_tabular_small_mlp_warmstart,prediction_temporal_tabular_er_train_score,train,1991-06-28,0.13059797900661105,6342
temporal_tabular_small_mlp_warmstart,prediction_temporal_tabular_er_train_score,train,1991-07-31,0.0894593556258442,6364
temporal_tabular_small_mlp_warmstart,prediction_temporal_tabular_er_train_score,train,1991-08-30,0.033662189210520395,6391
temporal_tabular_small_mlp_warmstart,prediction_temporal_tabular_er_train_score,train,1991-09-30,0.08427983372050912,6411
temporal_tabular_small_mlp_warmstart,prediction_temporal_tabular_er_train_score,train,1991-10-31,0.027301221145385968,6445
temporal_tabular_small_mlp_warmstart,prediction_temporal_tabular_er_train_score,train,1991-11-29,0.27520684501191334,6479
temporal_tabular_small_mlp_warmstart,prediction_temporal_tabular_er_train_score,train,1991-12-31,-0.19436178530500986,6495
temporal_tabular_small_mlp_warmstart,prediction_temporal_tabular_er_train_score,train,1992-01-31,0.01774951746574725,6517
temporal_tabular_small_mlp_warmstart,prediction_temporal_tabular_er_train_score,train,1992-02-28,0.13535625971360937,6546
temporal_tabular_small_mlp_warmstart,prediction_temporal_tabular_er_train_score,train,1992-03-31,0.19669479785595706,6600
temporal_tabular_small_mlp_warmstart,prediction_temporal_tabular_er_train_score,train,1992-04-30,0.08876287307571609,6613
temporal_tabular_small_mlp_warmstart,prediction_temporal_tabular_er_train_score,train,1992-05-29,0.14236916078973721,6611
temporal_tabular_small_mlp_warmstart,prediction_temporal_tabular_er_train_score,train,1992-06-30,0.11700274636272807,6607
temporal_tabular_small_mlp_warmstart,prediction_temporal_tabular_er_train_score,train,1992-07-31,0.133405048703241,6639
temporal_tabular_small_mlp_warmstart,prediction_temporal_tabular_er_train_score,train,1992-08-31,0.11155066684528021,6654
temporal_tabular_small_mlp_warmstart,prediction_temporal_tabular_er_train_score,train,1992-09-30,0.17040537180608076,6661
temporal_tabular_small_mlp_warmstart,prediction_temporal_tabular_er_train_score,train,1992-10-30,0.09034987601608063,6706
temporal_tabular_small_mlp_warmstart,prediction_temporal_tabular_er_train_score,train,1992-11-30,0.11162982908353052,6740
temporal_tabular_small_mlp_warmstart,prediction_temporal_tabular_er_train_score,train,1992-12-31,-0.011534939410165111,6783
temporal_tabular_small_mlp_warmstart,prediction_temporal_tabular_er_train_score,train,1993-01-29,0.0839439645518917,6812
temporal_tabular_small_mlp_warmstart,prediction_temporal_tabular_er_train_score,train,1993-02-26,0.09728354098903894,6855
temporal_tabular_small_mlp_warmstart,prediction_temporal_tabular_er_train_score,train,1993-03-31,0.023716494248675012,6922
temporal_tabular_small_mlp_warmstart,prediction_temporal_tabular_er_train_score,train,1993-04-30,0.026881385455790864,6978
temporal_tabular_small_mlp_warmstart,prediction_temporal_tabular_er_train_score,train,1993-05-28,0.06484145943546604,7037
temporal_tabular_small_mlp_warmstart,prediction_temporal_tabular_er_train_score,train,1993-06-30,0.09862098103681342,7118
temporal_tabular_small_mlp_warmstart,prediction_temporal_tabular_er_train_score,train,1993-07-30,0.10827053468680999,7163
temporal_tabular_small_mlp_warmstart,prediction_temporal_tabular_er_train_score,train,1993-08-31,0.07530988199263527,7228
temporal_tabular_small_mlp_warmstart,prediction_temporal_tabular_er_train_score,train,1993-09-30,-0.004443270672262558,7310
temporal_tabular_small_mlp_warmstart,prediction_temporal_tabular_er_train_score,train,1993-10-29,0.08324830066749662,7390
temporal_tabular_small_mlp_warmstart,prediction_temporal_tabular_er_train_score,train,1993-11-30,0.16555765936636002,7494
temporal_tabular_small_mlp_warmstart,prediction_temporal_tabular_er_train_score,train,1993-12-31,0.006553151992000792,7588
temporal_tabular_small_mlp_warmstart,prediction_temporal_tabular_er_train_score,train,1994-01-31,0.11378760773248668,7642
temporal_tabular_small_mlp_warmstart,prediction_temporal_tabular_er_train_score,train,1994-02-28,0.0383507545687084,7712
temporal_tabular_small_mlp_warmstart,prediction_temporal_tabular_er_train_score,train,1994-03-31,0.16957752744903357,7771
temporal_tabular_small_mlp_warmstart,prediction_temporal_tabular_er_train_score,train,1994-04-29,0.10354211884997734,7819
temporal_tabular_small_mlp_warmstart,prediction_temporal_tabular_er_train_score,train,1994-05-31,0.20096043557812013,7860
temporal_tabular_small_mlp_warmstart,prediction_temporal_tabular_er_train_score,train,1994-06-30,0.08133187196598762,7919
temporal_tabular_small_mlp_warmstart,prediction_temporal_tabular_er_train_score,train,1994-07-29,0.09941170893996211,7942
temporal_tabular_small_mlp_warmstart,prediction_temporal_tabular_er_train_score,train,1994-08-31,0.05649204100986363,7966
temporal_tabular_small_mlp_warmstart,prediction_temporal_tabular_er_train_score,train,1994-09-30,0.1134174748521249,7965
temporal_tabular_small_mlp_warmstart,prediction_temporal_tabular_er_train_score,train,1994-10-31,0.06082773804727312,8013
temporal_tabular_small_mlp_warmstart,prediction_temporal_tabular_er_train_score,train,1994-11-30,0.15759278618773936,8028
temporal_tabular_small_mlp_warmstart,prediction_temporal_tabular_er_train_score,train,1994-12-30,-0.06648190270740897,8027
temporal_tabular_small_mlp_warmstart,prediction_temporal_tabular_er_train_score,train,1995-01-31,0.07628789501730973,8011
temporal_tabular_small_mlp_warmstart,prediction_temporal_tabular_er_train_score,train,1995-02-28,0.08381868848458462,8019
temporal_tabular_small_mlp_warmstart,prediction_temporal_tabular_er_train_score,train,1995-03-31,0.06632586862493657,8025
temporal_tabular_small_mlp_warmstart,prediction_temporal_tabular_er_train_score,train,1995-04-28,0.04601676837773508,8039
temporal_tabular_small_mlp_warmstart,prediction_temporal_tabular_er_train_score,train,1995-05-31,0.06351579874580243,8041
temporal_tabular_small_mlp_warmstart,prediction_temporal_tabular_er_train_score,train,1995-06-30,0.08018709841266691,8065
temporal_tabular_small_mlp_warmstart,prediction_temporal_tabular_er_train_score,train,1995-07-31,0.07868234732272217,8097
temporal_tabular_small_mlp_warmstart,prediction_temporal_tabular_er_train_score,train,1995-08-31,0.05881147261133519,8125
temporal_tabular_small_mlp_warmstart,prediction_temporal_tabular_er_train_score,train,1995-09-29,0.2147414330220258,8133
temporal_tabular_small_mlp_warmstart,prediction_temporal_tabular_er_train_score,train,1995-10-31,0.18359967642480735,8169
temporal_tabular_small_mlp_warmstart,prediction_temporal_tabular_er_train_score,train,1995-11-30,0.10240855215625533,8219
temporal_tabular_small_mlp_warmstart,prediction_temporal_tabular_er_train_score,train,1995-12-29,-0.11056933797642375,8276
temporal_tabular_small_mlp_warmstart,prediction_temporal_tabular_er_train_score,train,1996-01-31,0.03157878686702385,8268
temporal_tabular_small_mlp_warmstart,prediction_temporal_tabular_er_train_score,train,1996-02-29,0.10345466288838849,8299
temporal_tabular_small_mlp_warmstart,prediction_temporal_tabular_er_train_score,train,1996-03-29,-0.043790973598694584,8366
temporal_tabular_small_mlp_warmstart,prediction_temporal_tabular_er_train_score,train,1996-04-30,-0.07793231724191607,8407
temporal_tabular_small_mlp_warmstart,prediction_temporal_tabular_er_train_score,train,1996-05-31,0.2543956223688979,8495
temporal_tabular_small_mlp_warmstart,prediction_temporal_tabular_er_train_score,train,1996-06-28,0.35496465327504095,8559
temporal_tabular_small_mlp_warmstart,prediction_temporal_tabular_er_train_score,train,1996-07-31,0.0457040723656016,8595
temporal_tabular_small_mlp_warmstart,prediction_temporal_tabular_er_train_score,train,1996-08-30,0.10891344043716984,8642
temporal_tabular_small_mlp_warmstart,prediction_temporal_tabular_er_train_score,train,1996-09-30,0.2938032310672558,8657
temporal_tabular_small_mlp_warmstart,prediction_temporal_tabular_er_train_score,train,1996-10-31,0.20432895956604633,8737
temporal_tabular_small_mlp_warmstart,prediction_temporal_tabular_er_train_score,train,1996-11-29,0.23919491726564113,8804
temporal_tabular_small_mlp_warmstart,prediction_temporal_tabular_er_train_score,train,1996-12-31,-0.1011813366806373,8822
temporal_tabular_small_mlp_warmstart,prediction_temporal_tabular_er_train_score,train,1997-01-31,0.20955903170883886,8818
temporal_tabular_small_mlp_warmstart,prediction_temporal_tabular_er_train_score,train,1997-02-28,0.2639044930534284,8832
temporal_tabular_small_mlp_warmstart,prediction_temporal_tabular_er_train_score,train,1997-03-31,0.22709437403574964,8835
temporal_tabular_small_mlp_warmstart,prediction_temporal_tabular_er_train_score,train,1997-04-30,0.08563065473094125,8844
temporal_tabular_small_mlp_warmstart,prediction_temporal_tabular_er_train_score,train,1997-05-30,0.13034456285946322,8841
temporal_tabular_small_mlp_warmstart,prediction_temporal_tabular_er_train_score,train,1997-06-30,0.13027586304033703,8843
temporal_tabular_small_mlp_warmstart,prediction_temporal_tabular_er_train_score,train,1997-07-31,0.021498065136731227,8856
temporal_tabular_small_mlp_warmstart,prediction_temporal_tabular_er_train_score,train,1997-08-29,0.07890006973725552,8855
temporal_tabular_small_mlp_warmstart,prediction_temporal_tabular_er_train_score,train,1997-09-30,0.1314648152461282,8853
temporal_tabular_small_mlp_warmstart,prediction_temporal_tabular_er_train_score,train,1997-10-31,0.30246134537754166,8883
temporal_tabular_small_mlp_warmstart,prediction_temporal_tabular_er_train_score,train,1997-11-28,0.41584861417401986,8903
temporal_tabular_small_mlp_warmstart,prediction_temporal_tabular_er_train_score,train,1997-12-31,-0.13808265151135718,8873
temporal_tabular_small_mlp_warmstart,prediction_temporal_tabular_er_train_score,train,1998-01-30,0.07745786982908287,8855
temporal_tabular_small_mlp_warmstart,prediction_temporal_tabular_er_train_score,train,1998-02-27,0.12450566524503354,8847
temporal_tabular_small_mlp_warmstart,prediction_temporal_tabular_er_train_score,train,1998-03-31,0.05309828040371122,8830
temporal_tabular_small_mlp_warmstart,prediction_temporal_tabular_er_train_score,train,1998-04-30,0.17413943074513666,8850
temporal_tabular_small_mlp_warmstart,prediction_temporal_tabular_er_train_score,train,1998-05-29,0.1778761790466058,8836
temporal_tabular_small_mlp_warmstart,prediction_temporal_tabular_er_train_score,train,1998-06-30,0.09005865866125862,8818
temporal_tabular_small_mlp_warmstart,prediction_temporal_tabular_er_train_score,train,1998-07-31,0.20794443461366527,8804
temporal_tabular_small_mlp_warmstart,prediction_temporal_tabular_er_train_score,train,1998-08-31,0.026318039160406287,8757
temporal_tabular_small_mlp_warmstart,prediction_temporal_tabular_er_train_score,train,1998-09-30,0.1061589395211561,8647
temporal_tabular_small_mlp_warmstart,prediction_temporal_tabular_er_train_score,train,1998-10-30,0.08238919678652869,8582
temporal_tabular_small_mlp_warmstart,prediction_temporal_tabular_er_train_score,train,1998-11-30,0.09826787295255772,8514
temporal_tabular_small_mlp_warmstart,prediction_temporal_tabular_er_train_score,train,1998-12-31,0.031182903809198886,8489
temporal_tabular_small_mlp_warmstart,prediction_temporal_tabular_er_train_score,train,1999-01-29,-0.09735182127998192,8445
temporal_tabular_small_mlp_warmstart,prediction_temporal_tabular_er_train_score,train,1999-02-26,-0.006480703089174151,8403
temporal_tabular_small_mlp_warmstart,prediction_temporal_tabular_er_train_score,train,1999-03-31,0.07583634925314292,8328
temporal_tabular_small_mlp_warmstart,prediction_temporal_tabular_er_train_score,train,1999-04-30,0.06977560831514357,8305
temporal_tabular_small_mlp_warmstart,prediction_temporal_tabular_er_train_score,train,1999-05-28,0.1374647313542627,8295
temporal_tabular_small_mlp_warmstart,prediction_temporal_tabular_er_train_score,train,1999-06-30,0.007158699033561212,8281
temporal_tabular_small_mlp_warmstart,prediction_temporal_tabular_er_train_score,train,1999-07-30,0.008644588363434125,8272
temporal_tabular_small_mlp_warmstart,prediction_temporal_tabular_er_train_score,train,1999-08-31,0.0377555584464528,8237
temporal_tabular_small_mlp_warmstart,prediction_temporal_tabular_er_train_score,train,1999-09-30,0.041470858300350945,8226
temporal_tabular_small_mlp_warmstart,prediction_temporal_tabular_er_train_score,train,1999-10-29,-0.08195690654439246,8228
temporal_tabular_small_mlp_warmstart,prediction_temporal_tabular_er_train_score,train,1999-11-30,0.004589479662172499,8209
temporal_tabular_small_mlp_warmstart,prediction_temporal_tabular_er_train_score,train,1999-12-31,-0.12288223603737611,8193
temporal_tabular_small_mlp_warmstart,prediction_temporal_tabular_er_train_score,train,2000-01-31,0.03115928079305183,8154
temporal_tabular_small_mlp_warmstart,prediction_temporal_tabular_er_train_score,train,2000-02-29,0.26886019455824717,8155
temporal_tabular_small_mlp_warmstart,prediction_temporal_tabular_er_train_score,train,2000-03-31,0.4826952865424845,8148
temporal_tabular_small_mlp_warmstart,prediction_temporal_tabular_er_train_score,train,2000-04-28,0.35628608625034286,8166
temporal_tabular_small_mlp_warmstart,prediction_temporal_tabular_er_train_score,train,2000-05-31,-0.12106463277463496,8149
temporal_tabular_small_mlp_warmstart,prediction_temporal_tabular_er_train_score,train,2000-06-30,0.2553143759743777,8163
temporal_tabular_small_mlp_warmstart,prediction_temporal_tabular_er_train_score,train,2000-07-31,0.027564123140951798,8180
temporal_tabular_small_mlp_warmstart,prediction_temporal_tabular_er_train_score,train,2000-08-31,0.32417975166720914,8192
temporal_tabular_small_mlp_warmstart,prediction_temporal_tabular_er_train_score,train,2000-09-29,0.3573220744132285,8157
temporal_tabular_small_mlp_warmstart,prediction_temporal_tabular_er_train_score,train,2000-10-31,0.5182326625920718,8107
temporal_tabular_small_mlp_warmstart,prediction_temporal_tabular_er_train_score,train,2000-11-30,0.3650785554100675,8036
temporal_tabular_small_mlp_warmstart,prediction_temporal_tabular_er_train_score,train,2000-12-29,-0.21392949373845316,7954
temporal_tabular_small_mlp_warmstart,prediction_temporal_tabular_er_train_score,train,2001-01-31,0.5024154740570477,7893
temporal_tabular_small_mlp_warmstart,prediction_temporal_tabular_er_train_score,train,2001-02-28,0.38174265912410266,7836
temporal_tabular_small_mlp_warmstart,prediction_temporal_tabular_er_train_score,train,2001-03-30,-0.003915092463532149,7763
temporal_tabular_small_mlp_warmstart,prediction_temporal_tabular_er_train_score,train,2001-04-30,0.016329030231424693,7679
temporal_tabular_small_mlp_warmstart,prediction_temporal_tabular_er_train_score,train,2001-05-31,0.12639762996137946,7628
temporal_tabular_small_mlp_warmstart,prediction_temporal_tabular_er_train_score,train,2001-06-29,0.2876693911972046,7575
temporal_tabular_small_mlp_warmstart,prediction_temporal_tabular_er_train_score,train,2001-07-31,0.2624613885423257,7517
temporal_tabular_small_mlp_warmstart,prediction_temporal_tabular_er_train_score,train,2001-08-31,0.21925642590111197,7461
temporal_tabular_small_mlp_warmstart,prediction_temporal_tabular_er_train_score,train,2001-09-28,-0.037159770087436594,7426
temporal_tabular_small_mlp_warmstart,prediction_temporal_tabular_er_train_score,train,2001-10-31,0.009168369976992163,7375
temporal_tabular_small_mlp_warmstart,prediction_temporal_tabular_er_train_score,train,2001-11-30,0.05773356147082106,7341
temporal_tabular_small_mlp_warmstart,prediction_temporal_tabular_er_train_score,train,2001-12-31,0.09871290955850628,7300
temporal_tabular_small_mlp_warmstart,prediction_temporal_tabular_er_train_score,train,2002-01-31,0.3867725679279598,7261
temporal_tabular_small_mlp_warmstart,prediction_temporal_tabular_er_train_score,train,2002-02-28,0.06020859732775901,7225
temporal_tabular_small_mlp_warmstart,prediction_temporal_tabular_er_train_score,train,2002-03-28,0.3281937606396696,7168
temporal_tabular_small_mlp_warmstart,prediction_temporal_tabular_er_train_score,train,2002-04-30,0.1859731527366258,7139
temporal_tabular_small_mlp_warmstart,prediction_temporal_tabular_er_train_score,train,2002-05-31,0.31269786378607745,7119
temporal_tabular_small_mlp_warmstart,prediction_temporal_tabular_er_train_score,train,2002-06-28,0.11110462894885008,7084
temporal_tabular_small_mlp_warmstart,prediction_temporal_tabular_er_train_score,train,2002-07-31,0.10843906696395506,7030
temporal_tabular_small_mlp_warmstart,prediction_temporal_tabular_er_train_score,train,2002-08-30,0.24024160629574765,7002
temporal_tabular_small_mlp_warmstart,prediction_temporal_tabular_er_train_score,train,2002-09-30,-0.020577559404583487,6948
temporal_tabular_small_mlp_warmstart,prediction_temporal_tabular_er_train_score,train,2002-10-31,-0.16691772859343612,6931
temporal_tabular_small_mlp_warmstart,prediction_temporal_tabular_er_train_score,train,2002-11-29,0.13582412453945272,6927
temporal_tabular_small_mlp_warmstart,prediction_temporal_tabular_er_train_score,train,2002-12-31,-0.05321626974835644,6894
temporal_tabular_small_mlp_warmstart,prediction_temporal_tabular_er_train_score,train,2003-01-31,0.06333816825202734,6847
temporal_tabular_small_mlp_warmstart,prediction_temporal_tabular_er_train_score,train,2003-02-28,0.021027864301448464,6795
temporal_tabular_small_mlp_warmstart,prediction_temporal_tabular_er_train_score,train,2003-03-31,0.12773656193637872,6748
temporal_tabular_small_mlp_warmstart,prediction_temporal_tabular_er_train_score,train,2003-04-30,0.08042134669731324,6711
temporal_tabular_small_mlp_warmstart,prediction_temporal_tabular_er_train_score,train,2003-05-30,0.026573863506076472,6682
temporal_tabular_small_mlp_warmstart,prediction_temporal_tabular_er_train_score,train,2003-06-30,0.138681703595291,6648
temporal_tabular_small_mlp_warmstart,prediction_temporal_tabular_er_train_score,train,2003-07-31,0.16782457184125327,6626
temporal_tabular_small_mlp_warmstart,prediction_temporal_tabular_er_train_score,train,2003-08-29,-0.1328953208976368,6612
temporal_tabular_small_mlp_warmstart,prediction_temporal_tabular_er_train_score,train,2003-09-30,0.17602667186789478,6607
temporal_tabular_small_mlp_warmstart,prediction_temporal_tabular_er_train_score,train,2003-10-31,0.07844107289613197,6596
temporal_tabular_small_mlp_warmstart,prediction_temporal_tabular_er_train_score,train,2003-11-28,0.03989077817428736,6589
temporal_tabular_small_mlp_warmstart,prediction_temporal_tabular_er_train_score,train,2003-12-31,-0.21204744275784893,6592
temporal_tabular_small_mlp_warmstart,prediction_temporal_tabular_er_train_score,train,2004-01-30,0.19253115767812073,6599
temporal_tabular_small_mlp_warmstart,prediction_temporal_tabular_er_train_score,train,2004-02-27,0.14042861953511154,6599
temporal_tabular_small_mlp_warmstart,prediction_temporal_tabular_er_train_score,train,2004-03-31,0.22262010507435206,6605
temporal_tabular_small_mlp_warmstart,prediction_temporal_tabular_er_train_score,train,2004-04-30,0.09567650979901318,6593
temporal_tabular_small_mlp_warmstart,prediction_temporal_tabular_er_train_score,train,2004-05-28,0.20119119329049756,6594
temporal_tabular_small_mlp_warmstart,prediction_temporal_tabular_er_train_score,train,2004-06-30,0.15642494046387506,6592
temporal_tabular_small_mlp_warmstart,prediction_temporal_tabular_er_train_score,train,2004-07-30,-0.026857701599023707,6598
temporal_tabular_small_mlp_warmstart,prediction_temporal_tabular_er_train_score,train,2004-08-31,0.11512632243930056,6602
temporal_tabular_small_mlp_warmstart,prediction_temporal_tabular_er_train_score,train,2004-09-30,0.04532632457725763,6607
temporal_tabular_small_mlp_warmstart,prediction_temporal_tabular_er_train_score,train,2004-10-29,0.1110983561050891,6620
temporal_tabular_small_mlp_warmstart,prediction_temporal_tabular_er_train_score,train,2004-11-30,0.007359123389607314,6615
temporal_tabular_small_mlp_warmstart,prediction_temporal_tabular_er_train_score,train,2004-12-31,0.11753167841717033,6633
temporal_tabular_small_mlp_warmstart,prediction_temporal_tabular_er_train_score,train,2005-01-31,0.1576911292096857,6623
temporal_tabular_small_mlp_warmstart,prediction_temporal_tabular_er_train_score,train,2005-02-28,0.12588986879820802,6637
temporal_tabular_small_mlp_warmstart,prediction_temporal_tabular_er_train_score,train,2005-03-31,-0.06447229351691224,6636
temporal_tabular_small_mlp_warmstart,prediction_temporal_tabular_er_train_score,train,2005-04-29,0.09921282762964863,6628
temporal_tabular_small_mlp_warmstart,prediction_temporal_tabular_er_train_score,train,2005-05-31,0.10369550532353464,6630
temporal_tabular_small_mlp_warmstart,prediction_temporal_tabular_er_train_score,train,2005-06-30,0.10530248847232068,6652
temporal_tabular_small_mlp_warmstart,prediction_temporal_tabular_er_train_score,train,2005-07-29,0.04488005714390861,6640
temporal_tabular_small_mlp_warmstart,prediction_temporal_tabular_er_train_score,train,2005-08-31,0.08824253961540503,6643
temporal_tabular_small_mlp_warmstart,prediction_temporal_tabular_er_train_score,train,2005-09-30,0.07782853335977809,6636
temporal_tabular_small_mlp_warmstart,prediction_temporal_tabular_er_train_score,train,2005-10-31,0.16014779739829613,6636
temporal_tabular_small_mlp_warmstart,prediction_temporal_tabular_er_train_score,train,2005-11-30,0.02352360056652203,6647
temporal_tabular_small_mlp_warmstart,prediction_temporal_tabular_er_train_score,train,2005-12-30,0.0754752679832718,6647
temporal_tabular_small_mlp_warmstart,prediction_temporal_tabular_er_train_score,train,2006-01-31,-0.03531805954379937,6620
temporal_tabular_small_mlp_warmstart,prediction_temporal_tabular_er_train_score,train,2006-02-28,0.10357141516725825,6626
temporal_tabular_small_mlp_warmstart,prediction_temporal_tabular_er_train_score,train,2006-03-31,0.07964763433119396,6633
temporal_tabular_small_mlp_warmstart,prediction_temporal_tabular_er_train_score,train,2006-04-28,0.09401182807382755,6635
temporal_tabular_small_mlp_warmstart,prediction_temporal_tabular_er_train_score,train,2006-05-31,0.1394757166008799,6653
temporal_tabular_small_mlp_warmstart,prediction_temporal_tabular_er_train_score,train,2006-06-30,0.11873342685387661,6698
temporal_tabular_small_mlp_warmstart,prediction_temporal_tabular_er_train_score,train,2006-07-31,0.012411841310039655,6704
temporal_tabular_small_mlp_warmstart,prediction_temporal_tabular_er_train_score,train,2006-08-31,0.06352879675872669,6698
temporal_tabular_small_mlp_warmstart,prediction_temporal_tabular_er_train_score,train,2006-09-29,0.11567587395755351,6722
temporal_tabular_small_mlp_warmstart,prediction_temporal_tabular_er_train_score,train,2006-10-31,0.06234179571004731,6735
temporal_tabular_small_mlp_warmstart,prediction_temporal_tabular_er_train_score,train,2006-11-30,0.03373879310727045,6748
temporal_tabular_small_mlp_warmstart,prediction_temporal_tabular_er_train_score,train,2006-12-29,0.08181116173695507,6739
temporal_tabular_small_mlp_warmstart,prediction_temporal_tabular_er_train_score,train,2007-01-31,0.028258684917169104,6755
temporal_tabular_small_mlp_warmstart,prediction_temporal_tabular_er_train_score,train,2007-02-28,0.07979700115364576,6797
temporal_tabular_small_mlp_warmstart,prediction_temporal_tabular_er_train_score,train,2007-03-30,0.10629708718702209,6812
temporal_tabular_small_mlp_warmstart,prediction_temporal_tabular_er_train_score,train,2007-04-30,0.1961250088641478,6809
temporal_tabular_small_mlp_warmstart,prediction_temporal_tabular_er_train_score,train,2007-05-31,0.10718570550885483,6839
temporal_tabular_small_mlp_warmstart,prediction_temporal_tabular_er_train_score,train,2007-06-29,0.019561021374477433,6849
temporal_tabular_small_mlp_warmstart,prediction_temporal_tabular_er_train_score,train,2007-07-31,0.0036113783431593605,6854
temporal_tabular_small_mlp_warmstart,prediction_temporal_tabular_er_train_score,train,2007-08-31,0.0751538614783739,6853
temporal_tabular_small_mlp_warmstart,prediction_temporal_tabular_er_train_score,train,2007-09-28,0.1756832176649068,6844
temporal_tabular_small_mlp_warmstart,prediction_temporal_tabular_er_train_score,train,2007-10-31,0.15653424204570418,6856
temporal_tabular_small_mlp_warmstart,prediction_temporal_tabular_er_train_score,train,2007-11-30,0.09893824170518288,6884
temporal_tabular_small_mlp_warmstart,prediction_temporal_tabular_er_train_score,train,2007-12-31,-0.09212876959728601,6912
temporal_tabular_small_mlp_warmstart,prediction_temporal_tabular_er_train_score,train,2008-01-31,0.12397854829486019,6906
temporal_tabular_small_mlp_warmstart,prediction_temporal_tabular_er_train_score,train,2008-02-29,0.1572333211622112,6879
temporal_tabular_small_mlp_warmstart,prediction_temporal_tabular_er_train_score,train,2008-03-31,0.09660189175239159,6867
temporal_tabular_small_mlp_warmstart,prediction_temporal_tabular_er_train_score,train,2008-04-30,0.10622483813503515,6840
temporal_tabular_small_mlp_warmstart,prediction_temporal_tabular_er_train_score,train,2008-05-30,0.06655705813405646,6848
temporal_tabular_small_mlp_warmstart,prediction_temporal_tabular_er_train_score,train,2008-06-30,0.018561799733110698,6830
temporal_tabular_small_mlp_warmstart,prediction_temporal_tabular_er_train_score,train,2008-07-31,0.07562683985303674,6827
temporal_tabular_small_mlp_warmstart,prediction_temporal_tabular_er_train_score,train,2008-08-29,0.21767334676504488,6785
temporal_tabular_small_mlp_warmstart,prediction_temporal_tabular_er_train_score,train,2008-09-30,-0.08532595421122265,6764
temporal_tabular_small_mlp_warmstart,prediction_temporal_tabular_er_train_score,train,2008-10-31,0.034933123871546325,6719
temporal_tabular_small_mlp_warmstart,prediction_temporal_tabular_er_train_score,train,2008-11-28,0.10684828885908118,6709
temporal_tabular_small_mlp_warmstart,prediction_temporal_tabular_er_train_score,train,2008-12-31,-0.13731500481818612,6679
temporal_tabular_small_mlp_warmstart,prediction_temporal_tabular_er_train_score,train,2009-01-30,-0.017851172351607762,6650
temporal_tabular_small_mlp_warmstart,prediction_temporal_tabular_er_train_score,train,2009-02-27,0.18007644040495513,6606
temporal_tabular_small_mlp_warmstart,prediction_temporal_tabular_er_train_score,train,2009-03-31,0.33782748513690014,6554
temporal_tabular_small_mlp_warmstart,prediction_temporal_tabular_er_train_score,train,2009-04-30,-0.007080583511592462,6538
temporal_tabular_small_mlp_warmstart,prediction_temporal_tabular_er_train_score,train,2009-05-29,0.039337728964176165,6494
temporal_tabular_small_mlp_warmstart,prediction_temporal_tabular_er_train_score,train,2009-06-30,0.14735052225561304,6485
temporal_tabular_small_mlp_warmstart,prediction_temporal_tabular_er_train_score,train,2009-07-31,-0.0036543737159875148,6465
temporal_tabular_small_mlp_warmstart,prediction_temporal_tabular_er_train_score,train,2009-08-31,0.03751916845803126,6457
temporal_tabular_small_mlp_warmstart,prediction_temporal_tabular_er_train_score,train,2009-09-30,-0.05766535958505104,6453
temporal_tabular_small_mlp_warmstart,prediction_temporal_tabular_er_train_score,train,2009-10-30,0.012417386316594045,6452
temporal_tabular_small_mlp_warmstart,prediction_temporal_tabular_er_train_score,train,2009-11-30,0.18183890206121128,6462
temporal_tabular_small_mlp_warmstart,prediction_temporal_tabular_er_train_score,train,2009-12-31,-0.11912608277672944,6465
temporal_tabular_small_mlp_warmstart,prediction_temporal_tabular_er_train_score,train,2010-01-29,0.15761616306063372,6467
temporal_tabular_small_mlp_warmstart,prediction_temporal_tabular_er_train_score,train,2010-02-26,0.14968957032481497,6468
temporal_tabular_small_mlp_warmstart,prediction_temporal_tabular_er_train_score,train,2010-03-31,0.10011928439540334,6468
temporal_tabular_small_mlp_warmstart,prediction_temporal_tabular_er_train_score,train,2010-04-30,0.04884255334266722,6492
temporal_tabular_small_mlp_warmstart,prediction_temporal_tabular_er_train_score,train,2010-05-28,0.048650712311253855,6469
temporal_tabular_small_mlp_warmstart,prediction_temporal_tabular_er_train_score,train,2010-06-30,0.1135102831564271,6486
temporal_tabular_small_mlp_warmstart,prediction_temporal_tabular_er_train_score,train,2010-07-30,-0.19236442829901335,6501
temporal_tabular_small_mlp_warmstart,prediction_temporal_tabular_er_train_score,train,2010-08-31,0.2008174395059763,6501
temporal_tabular_small_mlp_warmstart,prediction_temporal_tabular_er_train_score,train,2010-09-30,0.17968927572880633,6500
temporal_tabular_small_mlp_warmstart,prediction_temporal_tabular_er_train_score,train,2010-10-29,0.2139718565063081,6498
temporal_tabular_small_mlp_warmstart,prediction_temporal_tabular_er_train_score,train,2010-11-30,0.19632415943636952,6504
temporal_tabular_small_mlp_warmstart,prediction_temporal_tabular_classifier_score,validation,2010-12-31,0.04367482604898008,6508
temporal_tabular_small_mlp_warmstart,prediction_temporal_tabular_classifier_score,validation,2011-01-31,0.1198526168440735,6534
temporal_tabular_small_mlp_warmstart,prediction_temporal_tabular_classifier_score,validation,2011-02-28,0.14404453392669145,6533
temporal_tabular_small_mlp_warmstart,prediction_temporal_tabular_classifier_score,validation,2011-03-31,0.117612094110163,6542
temporal_tabular_small_mlp_warmstart,prediction_temporal_tabular_classifier_score,validation,2011-04-29,0.005843605211138949,6561
temporal_tabular_small_mlp_warmstart,prediction_temporal_tabular_classifier_score,validation,2011-05-31,0.06993081812201223,6593
temporal_tabular_small_mlp_warmstart,prediction_temporal_tabular_classifier_score,validation,2011-06-30,-0.06368719010643625,6612
temporal_tabular_small_mlp_warmstart,prediction_temporal_tabular_classifier_score,validation,2011-07-29,-0.03275461352558016,6621
temporal_tabular_small_mlp_warmstart,prediction_temporal_tabular_classifier_score,validation,2011-08-31,-0.024903530760780553,6621
temporal_tabular_small_mlp_warmstart,prediction_temporal_tabular_classifier_score,validation,2011-09-30,0.29891779705930993,6627
temporal_tabular_small_mlp_warmstart,prediction_temporal_tabular_classifier_score,validation,2011-10-31,-0.01507770226694811,6612
temporal_tabular_small_mlp_warmstart,prediction_temporal_tabular_classifier_score,validation,2011-11-30,0.1280014402490188,6610
temporal_tabular_small_mlp_warmstart,prediction_temporal_tabular_classifier_score,validation,2011-12-30,0.06573444777242989,6604
temporal_tabular_small_mlp_warmstart,prediction_temporal_tabular_classifier_score,validation,2012-01-31,0.03517696960073555,6625
temporal_tabular_small_mlp_warmstart,prediction_temporal_tabular_classifier_score,validation,2012-02-29,0.15432397941107787,6651
temporal_tabular_small_mlp_warmstart,prediction_temporal_tabular_classifier_score,validation,2012-03-30,0.00013307990129915497,6663
temporal_tabular_small_mlp_warmstart,prediction_temporal_tabular_classifier_score,validation,2012-04-30,-0.09542109703476787,6681
temporal_tabular_small_mlp_warmstart,prediction_temporal_tabular_classifier_score,validation,2012-05-31,0.05678570385536498,6689
temporal_tabular_small_mlp_warmstart,prediction_temporal_tabular_classifier_score,validation,2012-06-29,0.045261149764060864,6667
temporal_tabular_small_mlp_warmstart,prediction_temporal_tabular_classifier_score,validation,2012-07-31,0.08008128935209922,6669
temporal_tabular_small_mlp_warmstart,prediction_temporal_tabular_classifier_score,validation,2012-08-31,0.055219809590732714,6638
temporal_tabular_small_mlp_warmstart,prediction_temporal_tabular_classifier_score,validation,2012-09-28,0.04043118910391265,6610
temporal_tabular_small_mlp_warmstart,prediction_temporal_tabular_classifier_score,validation,2012-10-31,0.09854705966060107,6592
temporal_tabular_small_mlp_warmstart,prediction_temporal_tabular_classifier_score,validation,2012-11-30,0.099667945972524,6587
temporal_tabular_small_mlp_warmstart,prediction_temporal_tabular_classifier_score,validation,2012-12-31,0.11566640853248505,6581
temporal_tabular_small_mlp_warmstart,prediction_temporal_tabular_classifier_score,validation,2013-01-31,0.15670203448716055,6571
temporal_tabular_small_mlp_warmstart,prediction_temporal_tabular_classifier_score,validation,2013-02-28,0.17993665140314097,6574
temporal_tabular_small_mlp_warmstart,prediction_temporal_tabular_classifier_score,validation,2013-03-28,0.01959722761980084,6551
temporal_tabular_small_mlp_warmstart,prediction_temporal_tabular_classifier_score,validation,2013-04-30,0.14204943431948797,6563
temporal_tabular_small_mlp_warmstart,prediction_temporal_tabular_classifier_score,validation,2013-05-31,0.11933701448404394,6583
temporal_tabular_small_mlp_warmstart,prediction_temporal_tabular_classifier_score,validation,2013-06-28,0.12438316145030742,6602
temporal_tabular_small_mlp_warmstart,prediction_temporal_tabular_classifier_score,validation,2013-07-31,-0.06563305583617103,6626
temporal_tabular_small_mlp_warmstart,prediction_temporal_tabular_classifier_score,validation,2013-08-30,0.10892777053544364,6645
temporal_tabular_small_mlp_warmstart,prediction_temporal_tabular_classifier_score,validation,2013-09-30,0.20561192929200497,6657
temporal_tabular_small_mlp_warmstart,prediction_temporal_tabular_classifier_score,validation,2013-10-31,0.1269609245460716,6688
temporal_tabular_small_mlp_warmstart,prediction_temporal_tabular_classifier_score,validation,2013-11-29,0.07291498753846007,6714
temporal_tabular_small_mlp_warmstart,prediction_temporal_tabular_classifier_score,validation,2013-12-31,-0.20572116021292955,6716
temporal_tabular_small_mlp_warmstart,prediction_temporal_tabular_classifier_score,validation,2014-01-31,0.05491649541781137,6746
temporal_tabular_small_mlp_warmstart,prediction_temporal_tabular_classifier_score,validation,2014-02-28,0.15101895628555492,6767
temporal_tabular_small_mlp_warmstart,prediction_temporal_tabular_classifier_score,validation,2014-03-31,0.1682258714670018,6793
temporal_tabular_small_mlp_warmstart,prediction_temporal_tabular_classifier_score,validation,2014-04-30,0.13706002448020455,6815
temporal_tabular_small_mlp_warmstart,prediction_temporal_tabular_classifier_score,validation,2014-05-30,0.013629923802831876,6849
temporal_tabular_small_mlp_warmstart,prediction_temporal_tabular_classifier_score,validation,2014-06-30,0.04898439183890378,6886
temporal_tabular_small_mlp_warmstart,prediction_temporal_tabular_classifier_score,validation,2014-07-31,0.1636608454375785,6922
temporal_tabular_small_mlp_warmstart,prediction_temporal_tabular_classifier_score,validation,2014-08-29,0.0040674092453796004,6946
temporal_tabular_small_mlp_warmstart,prediction_temporal_tabular_classifier_score,validation,2014-09-30,0.2257477993551467,6951
temporal_tabular_small_mlp_warmstart,prediction_temporal_tabular_classifier_score,validation,2014-10-31,0.15150400263249997,6977
temporal_tabular_small_mlp_warmstart,prediction_temporal_tabular_classifier_score,validation,2014-11-28,0.13616106611757653,7001
temporal_tabular_small_mlp_warmstart,prediction_temporal_tabular_classifier_score,validation,2014-12-31,0.07510496802506167,6993
temporal_tabular_small_mlp_warmstart,prediction_temporal_tabular_classifier_score,validation,2015-01-30,-0.018977830675882146,6981
temporal_tabular_small_mlp_warmstart,prediction_temporal_tabular_classifier_score,validation,2015-02-27,0.12566121943313682,6995
temporal_tabular_small_mlp_warmstart,prediction_temporal_tabular_classifier_score,validation,2015-03-31,-0.13167965859892036,7000
temporal_tabular_small_mlp_warmstart,prediction_temporal_tabular_classifier_score,validation,2015-04-30,0.07885040188945174,7028
temporal_tabular_small_mlp_warmstart,prediction_temporal_tabular_classifier_score,validation,2015-05-29,0.10175220796617715,7048
temporal_tabular_small_mlp_warmstart,prediction_temporal_tabular_classifier_score,validation,2015-06-30,0.2060982473180016,7085
temporal_tabular_small_mlp_warmstart,prediction_temporal_tabular_classifier_score,validation,2015-07-31,0.04145218225147267,7140
temporal_tabular_small_mlp_warmstart,prediction_temporal_tabular_classifier_score,validation,2015-08-31,0.16950171938306427,7146
temporal_tabular_small_mlp_warmstart,prediction_temporal_tabular_classifier_score,validation,2015-09-30,0.08056710106944023,7146
temporal_tabular_small_mlp_warmstart,prediction_temporal_tabular_classifier_score,validation,2015-10-30,-0.011422393485641526,7151
temporal_tabular_small_mlp_warmstart,prediction_temporal_tabular_classifier_score,validation,2015-11-30,0.1349722820174798,7177
temporal_tabular_small_mlp_warmstart,prediction_temporal_tabular_er_train_score,validation,2010-12-31,0.0248507902180633,6508
temporal_tabular_small_mlp_warmstart,prediction_temporal_tabular_er_train_score,validation,2011-01-31,0.1427376321130693,6534
temporal_tabular_small_mlp_warmstart,prediction_temporal_tabular_er_train_score,validation,2011-02-28,0.09505141208536648,6533
temporal_tabular_small_mlp_warmstart,prediction_temporal_tabular_er_train_score,validation,2011-03-31,0.05116168143855316,6542
temporal_tabular_small_mlp_warmstart,prediction_temporal_tabular_er_train_score,validation,2011-04-29,-0.1287617837943624,6561
temporal_tabular_small_mlp_warmstart,prediction_temporal_tabular_er_train_score,validation,2011-05-31,-0.06751698167853373,6593
temporal_tabular_small_mlp_warmstart,prediction_temporal_tabular_er_train_score,validation,2011-06-30,-0.08591090594663142,6612
temporal_tabular_small_mlp_warmstart,prediction_temporal_tabular_er_train_score,validation,2011-07-29,-0.2307663748119376,6621
temporal_tabular_small_mlp_warmstart,prediction_temporal_tabular_er_train_score,validation,2011-08-31,-0.1738180162516386,6621
temporal_tabular_small_mlp_warmstart,prediction_temporal_tabular_er_train_score,validation,2011-09-30,0.3252474926026948,6627
temporal_tabular_small_mlp_warmstart,prediction_temporal_tabular_er_train_score,validation,2011-10-31,-0.1472415217836247,6612
temporal_tabular_small_mlp_warmstart,prediction_temporal_tabular_er_train_score,validation,2011-11-30,0.03495449003267386,6610
temporal_tabular_small_mlp_warmstart,prediction_temporal_tabular_er_train_score,validation,2011-12-30,0.20208860115186095,6604
temporal_tabular_small_mlp_warmstart,prediction_temporal_tabular_er_train_score,validation,2012-01-31,0.06036876349038823,6625
temporal_tabular_small_mlp_warmstart,prediction_temporal_tabular_er_train_score,validation,2012-02-29,0.13278540334257138,6651
temporal_tabular_small_mlp_warmstart,prediction_temporal_tabular_er_train_score,validation,2012-03-30,-0.12443463509295771,6663
temporal_tabular_small_mlp_warmstart,prediction_temporal_tabular_er_train_score,validation,2012-04-30,-0.26843514098037735,6681
temporal_tabular_small_mlp_warmstart,prediction_temporal_tabular_er_train_score,validation,2012-05-31,0.04762167237783866,6689
temporal_tabular_small_mlp_warmstart,prediction_temporal_tabular_er_train_score,validation,2012-06-29,-0.12043150623762183,6667
temporal_tabular_small_mlp_warmstart,prediction_temporal_tabular_er_train_score,validation,2012-07-31,0.10010749146178959,6669
temporal_tabular_small_mlp_warmstart,prediction_temporal_tabular_er_train_score,validation,2012-08-31,0.08397996602334823,6638
temporal_tabular_small_mlp_warmstart,prediction_temporal_tabular_er_train_score,validation,2012-09-28,-0.07089730438011095,6610
temporal_tabular_small_mlp_warmstart,prediction_temporal_tabular_er_train_score,validation,2012-10-31,0.03199489264821038,6592
temporal_tabular_small_mlp_warmstart,prediction_temporal_tabular_er_train_score,validation,2012-11-30,0.14406874383370452,6587
temporal_tabular_small_mlp_warmstart,prediction_temporal_tabular_er_train_score,validation,2012-12-31,0.16280987939417485,6581
temporal_tabular_small_mlp_warmstart,prediction_temporal_tabular_er_train_score,validation,2013-01-31,0.1017749366583934,6571
temporal_tabular_small_mlp_warmstart,prediction_temporal_tabular_er_train_score,validation,2013-02-28,0.17433540224745805,6574
temporal_tabular_small_mlp_warmstart,prediction_temporal_tabular_er_train_score,validation,2013-03-28,-0.07796211930242113,6551
temporal_tabular_small_mlp_warmstart,prediction_temporal_tabular_er_train_score,validation,2013-04-30,0.2558092883583405,6563
temporal_tabular_small_mlp_warmstart,prediction_temporal_tabular_er_train_score,validation,2013-05-31,0.1062136251332693,6583
temporal_tabular_small_mlp_warmstart,prediction_temporal_tabular_er_train_score,validation,2013-06-28,0.18944045866877507,6602
temporal_tabular_small_mlp_warmstart,prediction_temporal_tabular_er_train_score,validation,2013-07-31,-0.045705000732789595,6626
temporal_tabular_small_mlp_warmstart,prediction_temporal_tabular_er_train_score,validation,2013-08-30,0.14713856220602095,6645
temporal_tabular_small_mlp_warmstart,prediction_temporal_tabular_er_train_score,validation,2013-09-30,0.16447146996297193,6657
temporal_tabular_small_mlp_warmstart,prediction_temporal_tabular_er_train_score,validation,2013-10-31,0.17395155547532706,6688
temporal_tabular_small_mlp_warmstart,prediction_temporal_tabular_er_train_score,validation,2013-11-29,0.08456733312825263,6714
temporal_tabular_small_mlp_warmstart,prediction_temporal_tabular_er_train_score,validation,2013-12-31,-0.20852496042879282,6716
temporal_tabular_small_mlp_warmstart,prediction_temporal_tabular_er_train_score,validation,2014-01-31,0.08399141487904443,6746
temporal_tabular_small_mlp_warmstart,prediction_temporal_tabular_er_train_score,validation,2014-02-28,0.09459130002118654,6767
temporal_tabular_small_mlp_warmstart,prediction_temporal_tabular_er_train_score,validation,2014-03-31,0.00849782963023439,6793
temporal_tabular_small_mlp_warmstart,prediction_temporal_tabular_er_train_score,validation,2014-04-30,0.08711641680257533,6815
temporal_tabular_small_mlp_warmstart,prediction_temporal_tabular_er_train_score,validation,2014-05-30,0.07491925654506598,6849
temporal_tabular_small_mlp_warmstart,prediction_temporal_tabular_er_train_score,validation,2014-06-30,-0.06741968920055215,6886
temporal_tabular_small_mlp_warmstart,prediction_temporal_tabular_er_train_score,validation,2014-07-31,0.1731288543803282,6922
temporal_tabular_small_mlp_warmstart,prediction_temporal_tabular_er_train_score,validation,2014-08-29,-0.11238867777249861,6946
temporal_tabular_small_mlp_warmstart,prediction_temporal_tabular_er_train_score,validation,2014-09-30,0.1831223162739159,6951
temporal_tabular_small_mlp_warmstart,prediction_temporal_tabular_er_train_score,validation,2014-10-31,0.05976668247175264,6977
temporal_tabular_small_mlp_warmstart,prediction_temporal_tabular_er_train_score,validation,2014-11-28,0.16922596378963609,7001
temporal_tabular_small_mlp_warmstart,prediction_temporal_tabular_er_train_score,validation,2014-12-31,-0.07496933905746218,6993
temporal_tabular_small_mlp_warmstart,prediction_temporal_tabular_er_train_score,validation,2015-01-30,0.05694450144071857,6981
temporal_tabular_small_mlp_warmstart,prediction_temporal_tabular_er_train_score,validation,2015-02-27,0.11036428672441312,6995
temporal_tabular_small_mlp_warmstart,prediction_temporal_tabular_er_train_score,validation,2015-03-31,-0.1382787473534118,7000
temporal_tabular_small_mlp_warmstart,prediction_temporal_tabular_er_train_score,validation,2015-04-30,0.08030469120672276,7028
temporal_tabular_small_mlp_warmstart,prediction_temporal_tabular_er_train_score,validation,2015-05-29,0.11240731033415516,7048
temporal_tabular_small_mlp_warmstart,prediction_temporal_tabular_er_train_score,validation,2015-06-30,0.11921992540287846,7085
temporal_tabular_small_mlp_warmstart,prediction_temporal_tabular_er_train_score,validation,2015-07-31,0.001042243907442756,7140
temporal_tabular_small_mlp_warmstart,prediction_temporal_tabular_er_train_score,validation,2015-08-31,0.064223164823223,7146
temporal_tabular_small_mlp_warmstart,prediction_temporal_tabular_er_train_score,validation,2015-09-30,0.09779759557682356,7146
temporal_tabular_small_mlp_warmstart,prediction_temporal_tabular_er_train_score,validation,2015-10-30,0.02221728615369131,7151
temporal_tabular_small_mlp_warmstart,prediction_temporal_tabular_er_train_score,validation,2015-11-30,-0.02994254357018223,7177
temporal_tabular_small_mlp_warmstart,prediction_temporal_tabular_classifier_score,test,2015-12-31,0.16889195221703077,7175
temporal_tabular_small_mlp_warmstart,prediction_temporal_tabular_classifier_score,test,2016-01-29,0.048852098528672123,7146
temporal_tabular_small_mlp_warmstart,prediction_temporal_tabular_classifier_score,test,2016-02-29,-0.005180849228468248,7134
temporal_tabular_small_mlp_warmstart,prediction_temporal_tabular_classifier_score,test,2016-03-31,-0.167390558813607,7115
temporal_tabular_small_mlp_warmstart,prediction_temporal_tabular_classifier_score,test,2016-04-29,0.14136946208635212,7106
temporal_tabular_small_mlp_warmstart,prediction_temporal_tabular_classifier_score,test,2016-05-31,0.04960016252436098,7115
temporal_tabular_small_mlp_warmstart,prediction_temporal_tabular_classifier_score,test,2016-06-30,0.013011647261489507,7119
temporal_tabular_small_mlp_warmstart,prediction_temporal_tabular_classifier_score,test,2016-07-29,0.03089764616118764,7119
temporal_tabular_small_mlp_warmstart,prediction_temporal_tabular_classifier_score,test,2016-08-31,-0.03614306526765465,7082
temporal_tabular_small_mlp_warmstart,prediction_temporal_tabular_classifier_score,test,2016-09-30,0.16348713406530363,7090
temporal_tabular_small_mlp_warmstart,prediction_temporal_tabular_classifier_score,test,2016-10-31,0.18598578777982888,7107
temporal_tabular_small_mlp_warmstart,prediction_temporal_tabular_classifier_score,test,2016-11-30,0.20207873339984853,7096
temporal_tabular_small_mlp_warmstart,prediction_temporal_tabular_classifier_score,test,2016-12-30,-0.07648211411356041,7108
temporal_tabular_small_mlp_warmstart,prediction_temporal_tabular_classifier_score,test,2017-01-31,0.0996770545359976,7126
temporal_tabular_small_mlp_warmstart,prediction_temporal_tabular_classifier_score,test,2017-02-28,0.03353848326284817,7109
temporal_tabular_small_mlp_warmstart,prediction_temporal_tabular_classifier_score,test,2017-03-31,0.17182168027145062,7110
temporal_tabular_small_mlp_warmstart,prediction_temporal_tabular_classifier_score,test,2017-04-28,0.08774282779477446,7129
temporal_tabular_small_mlp_warmstart,prediction_temporal_tabular_classifier_score,test,2017-05-31,0.07379558734515762,7144
temporal_tabular_small_mlp_warmstart,prediction_temporal_tabular_classifier_score,test,2017-06-30,0.12708918006184747,7146
temporal_tabular_small_mlp_warmstart,prediction_temporal_tabular_classifier_score,test,2017-07-31,0.062487036383163906,7157
temporal_tabular_small_mlp_warmstart,prediction_temporal_tabular_classifier_score,test,2017-08-31,0.06600533299635128,7132
temporal_tabular_small_mlp_warmstart,prediction_temporal_tabular_classifier_score,test,2017-09-29,0.2202891906234173,7116
temporal_tabular_small_mlp_warmstart,prediction_temporal_tabular_classifier_score,test,2017-10-31,0.098503361039408,7152
temporal_tabular_small_mlp_warmstart,prediction_temporal_tabular_classifier_score,test,2017-11-30,0.00530251595821063,7206
temporal_tabular_small_mlp_warmstart,prediction_temporal_tabular_classifier_score,test,2017-12-29,0.0996135565046743,7205
temporal_tabular_small_mlp_warmstart,prediction_temporal_tabular_classifier_score,test,2018-01-31,-0.010823064228200877,7242
temporal_tabular_small_mlp_warmstart,prediction_temporal_tabular_classifier_score,test,2018-02-28,0.019494545355890004,7264
temporal_tabular_small_mlp_warmstart,prediction_temporal_tabular_classifier_score,test,2018-03-29,-0.0007405841400700065,7211
temporal_tabular_small_mlp_warmstart,prediction_temporal_tabular_classifier_score,test,2018-04-30,-0.02162067888037408,7258
temporal_tabular_small_mlp_warmstart,prediction_temporal_tabular_classifier_score,test,2018-05-31,0.08122787132841192,7270
temporal_tabular_small_mlp_warmstart,prediction_temporal_tabular_classifier_score,test,2018-06-29,0.20323941794582867,7322
temporal_tabular_small_mlp_warmstart,prediction_temporal_tabular_classifier_score,test,2018-07-31,0.05996832365648181,7355
temporal_tabular_small_mlp_warmstart,prediction_temporal_tabular_classifier_score,test,2018-08-31,0.07416758909031679,7344
temporal_tabular_small_mlp_warmstart,prediction_temporal_tabular_classifier_score,test,2018-09-28,0.10874045917260153,7373
temporal_tabular_small_mlp_warmstart,prediction_temporal_tabular_classifier_score,test,2018-10-31,0.14480005853260125,7413
temporal_tabular_small_mlp_warmstart,prediction_temporal_tabular_classifier_score,test,2018-11-30,0.12428082573074332,7412
temporal_tabular_small_mlp_warmstart,prediction_temporal_tabular_classifier_score,test,2018-12-31,-0.11444479172560007,7407
temporal_tabular_small_mlp_warmstart,prediction_temporal_tabular_classifier_score,test,2019-01-31,0.0668520207600849,7408
temporal_tabular_small_mlp_warmstart,prediction_temporal_tabular_classifier_score,test,2019-02-28,0.018174510841181706,7390
temporal_tabular_small_mlp_warmstart,prediction_temporal_tabular_classifier_score,test,2019-03-29,0.19008952967194737,7390
temporal_tabular_small_mlp_warmstart,prediction_temporal_tabular_classifier_score,test,2019-04-30,0.05240712386097123,7396
temporal_tabular_small_mlp_warmstart,prediction_temporal_tabular_classifier_score,test,2019-05-31,0.1827552217504981,7458
temporal_tabular_small_mlp_warmstart,prediction_temporal_tabular_classifier_score,test,2019-06-28,0.1679991109561255,7471
temporal_tabular_small_mlp_warmstart,prediction_temporal_tabular_classifier_score,test,2019-07-31,0.07160374917881554,7494
temporal_tabular_small_mlp_warmstart,prediction_temporal_tabular_classifier_score,test,2019-08-30,0.11535202465830592,7486
temporal_tabular_small_mlp_warmstart,prediction_temporal_tabular_classifier_score,test,2019-09-30,0.11915539758202058,7500
temporal_tabular_small_mlp_warmstart,prediction_temporal_tabular_classifier_score,test,2019-10-31,0.08646160051742718,7504
temporal_tabular_small_mlp_warmstart,prediction_temporal_tabular_classifier_score,test,2019-11-29,-0.011814629204865134,7501
temporal_tabular_small_mlp_warmstart,prediction_temporal_tabular_classifier_score,test,2019-12-31,-0.025728914015369066,7500
temporal_tabular_small_mlp_warmstart,prediction_temporal_tabular_classifier_score,test,2020-01-31,-0.09538113240301543,7506
temporal_tabular_small_mlp_warmstart,prediction_temporal_tabular_classifier_score,test,2020-02-28,0.01219681736016381,7506
temporal_tabular_small_mlp_warmstart,prediction_temporal_tabular_classifier_score,test,2020-03-31,0.04900938835931589,7475
temporal_tabular_small_mlp_warmstart,prediction_temporal_tabular_classifier_score,test,2020-04-30,0.08672391543845602,7480
temporal_tabular_small_mlp_warmstart,prediction_temporal_tabular_classifier_score,test,2020-05-29,-0.10591371268523403,7473
temporal_tabular_small_mlp_warmstart,prediction_temporal_tabular_classifier_score,test,2020-06-30,0.11490340829532948,7519
temporal_tabular_small_mlp_warmstart,prediction_temporal_tabular_classifier_score,test,2020-07-31,0.11000639519930042,7547
temporal_tabular_small_mlp_warmstart,prediction_temporal_tabular_classifier_score,test,2020-08-31,0.06289637839335785,7574
temporal_tabular_small_mlp_warmstart,prediction_temporal_tabular_classifier_score,test,2020-09-30,0.09224978012803298,7628
temporal_tabular_small_mlp_warmstart,prediction_temporal_tabular_classifier_score,test,2020-10-30,-0.07096423344403548,7701
temporal_tabular_small_mlp_warmstart,prediction_temporal_tabular_classifier_score,test,2020-11-30,0.06308991806184171,7773
temporal_tabular_small_mlp_warmstart,prediction_temporal_tabular_classifier_score,test,2020-12-31,-0.2316846707354916,7875
temporal_tabular_small_mlp_warmstart,prediction_temporal_tabular_classifier_score,test,2021-01-29,0.05885613645252753,7964
temporal_tabular_small_mlp_warmstart,prediction_temporal_tabular_classifier_score,test,2021-02-26,0.27187131415618004,8055
temporal_tabular_small_mlp_warmstart,prediction_temporal_tabular_classifier_score,test,2021-03-31,0.26021604843312995,8212
temporal_tabular_small_mlp_warmstart,prediction_temporal_tabular_classifier_score,test,2021-04-30,0.20095035386175467,8360
temporal_tabular_small_mlp_warmstart,prediction_temporal_tabular_classifier_score,test,2021-05-28,-0.14726512405443218,8479
temporal_tabular_small_mlp_warmstart,prediction_temporal_tabular_classifier_score,test,2021-06-30,0.3800303227539613,8587
temporal_tabular_small_mlp_warmstart,prediction_temporal_tabular_classifier_score,test,2021-07-30,0.11470331413032245,8722
temporal_tabular_small_mlp_warmstart,prediction_temporal_tabular_classifier_score,test,2021-08-31,0.07508500018309856,8776
temporal_tabular_small_mlp_warmstart,prediction_temporal_tabular_classifier_score,test,2021-09-30,0.2759106629836433,8872
temporal_tabular_small_mlp_warmstart,prediction_temporal_tabular_classifier_score,test,2021-10-29,0.27491323805537565,8968
temporal_tabular_small_mlp_warmstart,prediction_temporal_tabular_classifier_score,test,2021-11-30,0.44648077469709857,9068
temporal_tabular_small_mlp_warmstart,prediction_temporal_tabular_classifier_score,test,2021-12-31,0.19931412915736135,9189
temporal_tabular_small_mlp_warmstart,prediction_temporal_tabular_classifier_score,test,2022-01-31,0.07922456630177478,9272
temporal_tabular_small_mlp_warmstart,prediction_temporal_tabular_classifier_score,test,2022-02-28,0.08237665664316356,9347
temporal_tabular_small_mlp_warmstart,prediction_temporal_tabular_classifier_score,test,2022-03-31,0.3219829163556949,9382
temporal_tabular_small_mlp_warmstart,prediction_temporal_tabular_classifier_score,test,2022-04-29,0.21617629965494392,9421
temporal_tabular_small_mlp_warmstart,prediction_temporal_tabular_classifier_score,test,2022-05-31,-0.02202590534016201,9432
temporal_tabular_small_mlp_warmstart,prediction_temporal_tabular_classifier_score,test,2022-06-30,0.05604792129526586,9457
temporal_tabular_small_mlp_warmstart,prediction_temporal_tabular_classifier_score,test,2022-07-29,-0.04782051628074593,9458
temporal_tabular_small_mlp_warmstart,prediction_temporal_tabular_classifier_score,test,2022-08-31,0.24984115021839787,9469
temporal_tabular_small_mlp_warmstart,prediction_temporal_tabular_classifier_score,test,2022-09-30,0.3317923846048214,9495
temporal_tabular_small_mlp_warmstart,prediction_temporal_tabular_classifier_score,test,2022-10-31,0.24306863940434206,9483
temporal_tabular_small_mlp_warmstart,prediction_temporal_tabular_classifier_score,test,2022-11-30,0.16771608679159333,9465
temporal_tabular_small_mlp_warmstart,prediction_temporal_tabular_classifier_score,test,2022-12-30,-0.12097779159930327,9402
temporal_tabular_small_mlp_warmstart,prediction_temporal_tabular_classifier_score,test,2023-01-31,0.1440195024073214,9376
temporal_tabular_small_mlp_warmstart,prediction_temporal_tabular_classifier_score,test,2023-02-28,0.14505470998177014,9352
temporal_tabular_small_mlp_warmstart,prediction_temporal_tabular_classifier_score,test,2023-03-31,0.06877546391916207,9324
temporal_tabular_small_mlp_warmstart,prediction_temporal_tabular_classifier_score,test,2023-04-28,-0.048156029304268176,9298
temporal_tabular_small_mlp_warmstart,prediction_temporal_tabular_classifier_score,test,2023-05-31,0.21439633724302937,9304
temporal_tabular_small_mlp_warmstart,prediction_temporal_tabular_classifier_score,test,2023-06-30,0.10625453356626986,9291
temporal_tabular_small_mlp_warmstart,prediction_temporal_tabular_classifier_score,test,2023-07-31,0.21486431257957087,9265
temporal_tabular_small_mlp_warmstart,prediction_temporal_tabular_classifier_score,test,2023-08-31,0.1558271186580059,9278
temporal_tabular_small_mlp_warmstart,prediction_temporal_tabular_classifier_score,test,2023-09-29,0.1396001117677754,9318
temporal_tabular_small_mlp_warmstart,prediction_temporal_tabular_classifier_score,test,2023-10-31,0.14151495012652676,9331
temporal_tabular_small_mlp_warmstart,prediction_temporal_tabular_classifier_score,test,2023-11-30,0.05186079629456351,9327
temporal_tabular_small_mlp_warmstart,prediction_temporal_tabular_classifier_score,test,2023-12-29,0.14133544808986795,9309
temporal_tabular_small_mlp_warmstart,prediction_temporal_tabular_classifier_score,test,2024-01-31,0.048676592930916085,9367
temporal_tabular_small_mlp_warmstart,prediction_temporal_tabular_classifier_score,test,2024-02-29,0.250022233195063,9327
temporal_tabular_small_mlp_warmstart,prediction_temporal_tabular_classifier_score,test,2024-03-28,0.07972270373852525,9334
temporal_tabular_small_mlp_warmstart,prediction_temporal_tabular_classifier_score,test,2024-04-30,0.15623440974549843,9344
temporal_tabular_small_mlp_warmstart,prediction_temporal_tabular_classifier_score,test,2024-05-31,0.1076913927466629,9372
temporal_tabular_small_mlp_warmstart,prediction_temporal_tabular_classifier_score,test,2024-06-28,0.15086557831460942,9404
temporal_tabular_small_mlp_warmstart,prediction_temporal_tabular_classifier_score,test,2024-07-31,0.18583501092067428,9436
temporal_tabular_small_mlp_warmstart,prediction_temporal_tabular_classifier_score,test,2024-08-30,0.09337413221494816,9439
temporal_tabular_small_mlp_warmstart,prediction_temporal_tabular_classifier_score,test,2024-09-30,0.0607678331360534,9542
temporal_tabular_small_mlp_warmstart,prediction_temporal_tabular_classifier_score,test,2024-10-31,0.20059738618690745,9583
temporal_tabular_small_mlp_warmstart,prediction_temporal_tabular_er_train_score,test,2015-12-31,0.014035238480244948,7175
temporal_tabular_small_mlp_warmstart,prediction_temporal_tabular_er_train_score,test,2016-01-29,0.0426001970247293,7146
temporal_tabular_small_mlp_warmstart,prediction_temporal_tabular_er_train_score,test,2016-02-29,0.09257344087273127,7134
temporal_tabular_small_mlp_warmstart,prediction_temporal_tabular_er_train_score,test,2016-03-31,-0.013889493383969312,7115
temporal_tabular_small_mlp_warmstart,prediction_temporal_tabular_er_train_score,test,2016-04-29,0.07517867552415676,7106
temporal_tabular_small_mlp_warmstart,prediction_temporal_tabular_er_train_score,test,2016-05-31,0.026104720342496293,7115
temporal_tabular_small_mlp_warmstart,prediction_temporal_tabular_er_train_score,test,2016-06-30,0.1112263836262805,7119
temporal_tabular_small_mlp_warmstart,prediction_temporal_tabular_er_train_score,test,2016-07-29,0.06192184444197886,7119
temporal_tabular_small_mlp_warmstart,prediction_temporal_tabular_er_train_score,test,2016-08-31,0.027320519849046192,7082
temporal_tabular_small_mlp_warmstart,prediction_temporal_tabular_er_train_score,test,2016-09-30,0.013769673405897211,7090
temporal_tabular_small_mlp_warmstart,prediction_temporal_tabular_er_train_score,test,2016-10-31,0.25218196818335786,7107
temporal_tabular_small_mlp_warmstart,prediction_temporal_tabular_er_train_score,test,2016-11-30,0.14330984111053657,7096
temporal_tabular_small_mlp_warmstart,prediction_temporal_tabular_er_train_score,test,2016-12-30,-0.08004621723798726,7108
temporal_tabular_small_mlp_warmstart,prediction_temporal_tabular_er_train_score,test,2017-01-31,0.07053725421345167,7126
temporal_tabular_small_mlp_warmstart,prediction_temporal_tabular_er_train_score,test,2017-02-28,0.005498001941069393,7109
temporal_tabular_small_mlp_warmstart,prediction_temporal_tabular_er_train_score,test,2017-03-31,0.10944641358451167,7110
temporal_tabular_small_mlp_warmstart,prediction_temporal_tabular_er_train_score,test,2017-04-28,-0.01816509197147111,7129
temporal_tabular_small_mlp_warmstart,prediction_temporal_tabular_er_train_score,test,2017-05-31,0.117913891435022,7144
temporal_tabular_small_mlp_warmstart,prediction_temporal_tabular_er_train_score,test,2017-06-30,0.03498642616929762,7146
temporal_tabular_small_mlp_warmstart,prediction_temporal_tabular_er_train_score,test,2017-07-31,0.03893258061665224,7157
temporal_tabular_small_mlp_warmstart,prediction_temporal_tabular_er_train_score,test,2017-08-31,0.12430491519538818,7132
temporal_tabular_small_mlp_warmstart,prediction_temporal_tabular_er_train_score,test,2017-09-29,0.15941033185602443,7116
temporal_tabular_small_mlp_warmstart,prediction_temporal_tabular_er_train_score,test,2017-10-31,0.10363861123163519,7152
temporal_tabular_small_mlp_warmstart,prediction_temporal_tabular_er_train_score,test,2017-11-30,-0.006562492526878075,7206
temporal_tabular_small_mlp_warmstart,prediction_temporal_tabular_er_train_score,test,2017-12-29,0.09020636397018698,7205
temporal_tabular_small_mlp_warmstart,prediction_temporal_tabular_er_train_score,test,2018-01-31,-0.039231960987453705,7242
temporal_tabular_small_mlp_warmstart,prediction_temporal_tabular_er_train_score,test,2018-02-28,0.056311079703109966,7264
temporal_tabular_small_mlp_warmstart,prediction_temporal_tabular_er_train_score,test,2018-03-29,0.01961868512978565,7211
temporal_tabular_small_mlp_warmstart,prediction_temporal_tabular_er_train_score,test,2018-04-30,0.034679762930428744,7258
temporal_tabular_small_mlp_warmstart,prediction_temporal_tabular_er_train_score,test,2018-05-31,0.09438404593603658,7270
temporal_tabular_small_mlp_warmstart,prediction_temporal_tabular_er_train_score,test,2018-06-29,0.14327373068973234,7322
temporal_tabular_small_mlp_warmstart,prediction_temporal_tabular_er_train_score,test,2018-07-31,0.06842363760078853,7355
temporal_tabular_small_mlp_warmstart,prediction_temporal_tabular_er_train_score,test,2018-08-31,0.010016017523100437,7344
temporal_tabular_small_mlp_warmstart,prediction_temporal_tabular_er_train_score,test,2018-09-28,-0.010153781086526457,7373
temporal_tabular_small_mlp_warmstart,prediction_temporal_tabular_er_train_score,test,2018-10-31,0.08312115544046884,7413
temporal_tabular_small_mlp_warmstart,prediction_temporal_tabular_er_train_score,test,2018-11-30,-0.018315694096318214,7412
temporal_tabular_small_mlp_warmstart,prediction_temporal_tabular_er_train_score,test,2018-12-31,0.039346688969941326,7407
temporal_tabular_small_mlp_warmstart,prediction_temporal_tabular_er_train_score,test,2019-01-31,0.12523858580886466,7408
temporal_tabular_small_mlp_warmstart,prediction_temporal_tabular_er_train_score,test,2019-02-28,-0.05296756469220437,7390
temporal_tabular_small_mlp_warmstart,prediction_temporal_tabular_er_train_score,test,2019-03-29,0.12632629472977,7390
temporal_tabular_small_mlp_warmstart,prediction_temporal_tabular_er_train_score,test,2019-04-30,-0.14218842919905417,7396
temporal_tabular_small_mlp_warmstart,prediction_temporal_tabular_er_train_score,test,2019-05-31,0.19502442519814692,7458
temporal_tabular_small_mlp_warmstart,prediction_temporal_tabular_er_train_score,test,2019-06-28,0.09833559516315186,7471
temporal_tabular_small_mlp_warmstart,prediction_temporal_tabular_er_train_score,test,2019-07-31,-0.12489214072536159,7494
temporal_tabular_small_mlp_warmstart,prediction_temporal_tabular_er_train_score,test,2019-08-30,0.11397466561339543,7486
temporal_tabular_small_mlp_warmstart,prediction_temporal_tabular_er_train_score,test,2019-09-30,0.05839380674437869,7500
temporal_tabular_small_mlp_warmstart,prediction_temporal_tabular_er_train_score,test,2019-10-31,0.12887222342824162,7504
temporal_tabular_small_mlp_warmstart,prediction_temporal_tabular_er_train_score,test,2019-11-29,0.04301445951736473,7501
temporal_tabular_small_mlp_warmstart,prediction_temporal_tabular_er_train_score,test,2019-12-31,-0.11249279891946384,7500
temporal_tabular_small_mlp_warmstart,prediction_temporal_tabular_er_train_score,test,2020-01-31,-0.14495356371332563,7506
temporal_tabular_small_mlp_warmstart,prediction_temporal_tabular_er_train_score,test,2020-02-28,-0.1264687202727634,7506
temporal_tabular_small_mlp_warmstart,prediction_temporal_tabular_er_train_score,test,2020-03-31,0.22852521986402854,7475
temporal_tabular_small_mlp_warmstart,prediction_temporal_tabular_er_train_score,test,2020-04-30,0.09430618899391341,7480
temporal_tabular_small_mlp_warmstart,prediction_temporal_tabular_er_train_score,test,2020-05-29,-0.013801576103765778,7473
temporal_tabular_small_mlp_warmstart,prediction_temporal_tabular_er_train_score,test,2020-06-30,0.018216758123539522,7519
temporal_tabular_small_mlp_warmstart,prediction_temporal_tabular_er_train_score,test,2020-07-31,0.11922614518192355,7547
temporal_tabular_small_mlp_warmstart,prediction_temporal_tabular_er_train_score,test,2020-08-31,-0.08048274413675399,7574
temporal_tabular_small_mlp_warmstart,prediction_temporal_tabular_er_train_score,test,2020-09-30,0.08698787958753025,7628
temporal_tabular_small_mlp_warmstart,prediction_temporal_tabular_er_train_score,test,2020-10-30,0.11159681462344657,7701
temporal_tabular_small_mlp_warmstart,prediction_temporal_tabular_er_train_score,test,2020-11-30,0.11374209409734024,7773
temporal_tabular_small_mlp_warmstart,prediction_temporal_tabular_er_train_score,test,2020-12-31,-0.21056129051758052,7875
temporal_tabular_small_mlp_warmstart,prediction_temporal_tabular_er_train_score,test,2021-01-29,0.13327118225606974,7964
temporal_tabular_small_mlp_warmstart,prediction_temporal_tabular_er_train_score,test,2021-02-26,0.23616571269555767,8055
temporal_tabular_small_mlp_warmstart,prediction_temporal_tabular_er_train_score,test,2021-03-31,0.24309319545473354,8212
temporal_tabular_small_mlp_warmstart,prediction_temporal_tabular_er_train_score,test,2021-04-30,0.17880207724091818,8360
temporal_tabular_small_mlp_warmstart,prediction_temporal_tabular_er_train_score,test,2021-05-28,-0.14092405894365256,8479
temporal_tabular_small_mlp_warmstart,prediction_temporal_tabular_er_train_score,test,2021-06-30,0.325536644088281,8587
temporal_tabular_small_mlp_warmstart,prediction_temporal_tabular_er_train_score,test,2021-07-30,0.06810662731609578,8722
temporal_tabular_small_mlp_warmstart,prediction_temporal_tabular_er_train_score,test,2021-08-31,0.06482003706755331,8776
temporal_tabular_small_mlp_warmstart,prediction_temporal_tabular_er_train_score,test,2021-09-30,0.2635474025582328,8872
temporal_tabular_small_mlp_warmstart,prediction_temporal_tabular_er_train_score,test,2021-10-29,0.24296644234683037,8968
temporal_tabular_small_mlp_warmstart,prediction_temporal_tabular_er_train_score,test,2021-11-30,0.3760327162717065,9068
temporal_tabular_small_mlp_warmstart,prediction_temporal_tabular_er_train_score,test,2021-12-31,0.10126030000197284,9189
temporal_tabular_small_mlp_warmstart,prediction_temporal_tabular_er_train_score,test,2022-01-31,0.13177351348901847,9272
temporal_tabular_small_mlp_warmstart,prediction_temporal_tabular_er_train_score,test,2022-02-28,0.07205474812803898,9347
temporal_tabular_small_mlp_warmstart,prediction_temporal_tabular_er_train_score,test,2022-03-31,0.15524034979038195,9382
temporal_tabular_small_mlp_warmstart,prediction_temporal_tabular_er_train_score,test,2022-04-29,0.12075513571730548,9421
temporal_tabular_small_mlp_warmstart,prediction_temporal_tabular_er_train_score,test,2022-05-31,-0.16507228056951748,9432
temporal_tabular_small_mlp_warmstart,prediction_temporal_tabular_er_train_score,test,2022-06-30,0.16841731556272985,9457
temporal_tabular_small_mlp_warmstart,prediction_temporal_tabular_er_train_score,test,2022-07-29,-0.05330493895295341,9458
temporal_tabular_small_mlp_warmstart,prediction_temporal_tabular_er_train_score,test,2022-08-31,0.08559428203740141,9469
temporal_tabular_small_mlp_warmstart,prediction_temporal_tabular_er_train_score,test,2022-09-30,0.37057902124006764,9495
temporal_tabular_small_mlp_warmstart,prediction_temporal_tabular_er_train_score,test,2022-10-31,0.14704292400188837,9483
temporal_tabular_small_mlp_warmstart,prediction_temporal_tabular_er_train_score,test,2022-11-30,0.023839290437307037,9465
temporal_tabular_small_mlp_warmstart,prediction_temporal_tabular_er_train_score,test,2022-12-30,0.1312965376837968,9402
temporal_tabular_small_mlp_warmstart,prediction_temporal_tabular_er_train_score,test,2023-01-31,0.019315122736382476,9376
temporal_tabular_small_mlp_warmstart,prediction_temporal_tabular_er_train_score,test,2023-02-28,0.0666227046478583,9352
temporal_tabular_small_mlp_warmstart,prediction_temporal_tabular_er_train_score,test,2023-03-31,-0.031008303515161772,9324
temporal_tabular_small_mlp_warmstart,prediction_temporal_tabular_er_train_score,test,2023-04-28,-0.051699334327913175,9298
temporal_tabular_small_mlp_warmstart,prediction_temporal_tabular_er_train_score,test,2023-05-31,0.26546413416171866,9304
temporal_tabular_small_mlp_warmstart,prediction_temporal_tabular_er_train_score,test,2023-06-30,0.1758921211936292,9291
temporal_tabular_small_mlp_warmstart,prediction_temporal_tabular_er_train_score,test,2023-07-31,0.11047708106573687,9265
temporal_tabular_small_mlp_warmstart,prediction_temporal_tabular_er_train_score,test,2023-08-31,0.10329054877729461,9278
temporal_tabular_small_mlp_warmstart,prediction_temporal_tabular_er_train_score,test,2023-09-29,-0.04298673499483331,9318
temporal_tabular_small_mlp_warmstart,prediction_temporal_tabular_er_train_score,test,2023-10-31,0.17824758090055587,9331
temporal_tabular_small_mlp_warmstart,prediction_temporal_tabular_er_train_score,test,2023-11-30,0.21680124413911817,9327
temporal_tabular_small_mlp_warmstart,prediction_temporal_tabular_er_train_score,test,2023-12-29,0.014533779200846562,9309
temporal_tabular_small_mlp_warmstart,prediction_temporal_tabular_er_train_score,test,2024-01-31,0.049962045195479976,9367
temporal_tabular_small_mlp_warmstart,prediction_temporal_tabular_er_train_score,test,2024-02-29,0.22165624129433678,9327
temporal_tabular_small_mlp_warmstart,prediction_temporal_tabular_er_train_score,test,2024-03-28,-0.04395021922523122,9334
temporal_tabular_small_mlp_warmstart,prediction_temporal_tabular_er_train_score,test,2024-04-30,0.13857333253846865,9344
temporal_tabular_small_mlp_warmstart,prediction_temporal_tabular_er_train_score,test,2024-05-31,-0.05314440426548077,9372
temporal_tabular_small_mlp_warmstart,prediction_temporal_tabular_er_train_score,test,2024-06-28,0.19534947072978961,9404
temporal_tabular_small_mlp_warmstart,prediction_temporal_tabular_er_train_score,test,2024-07-31,0.02800137224490122,9436
temporal_tabular_small_mlp_warmstart,prediction_temporal_tabular_er_train_score,test,2024-08-30,0.08947840031763943,9439
temporal_tabular_small_mlp_warmstart,prediction_temporal_tabular_er_train_score,test,2024-09-30,0.06248790412259615,9542
temporal_tabular_small_mlp_warmstart,prediction_temporal_tabular_er_train_score,test,2024-10-31,0.22372136207253007,9583
