run_name,score_name,split,month,rank_ic,n_stocks
temporal_tabular_transformer_seed362559,prediction_temporal_tabular_classifier_score,train,1989-12-29,-0.02156317531336589,6334
temporal_tabular_transformer_seed362559,prediction_temporal_tabular_classifier_score,train,1990-01-31,0.09485428058002514,6342
temporal_tabular_transformer_seed362559,prediction_temporal_tabular_classifier_score,train,1990-02-28,0.11073112739050305,6337
temporal_tabular_transformer_seed362559,prediction_temporal_tabular_classifier_score,train,1990-03-30,0.09271226050380872,6347
temporal_tabular_transformer_seed362559,prediction_temporal_tabular_classifier_score,train,1990-04-30,0.19767039618008403,6357
temporal_tabular_transformer_seed362559,prediction_temporal_tabular_classifier_score,train,1990-05-31,0.11721925805373203,6352
temporal_tabular_transformer_seed362559,prediction_temporal_tabular_classifier_score,train,1990-06-29,0.12583929697012802,6358
temporal_tabular_transformer_seed362559,prediction_temporal_tabular_classifier_score,train,1990-07-31,0.1434291449762865,6367
temporal_tabular_transformer_seed362559,prediction_temporal_tabular_classifier_score,train,1990-08-31,0.1183762754279892,6369
temporal_tabular_transformer_seed362559,prediction_temporal_tabular_classifier_score,train,1990-09-28,0.2034867029389298,6354
temporal_tabular_transformer_seed362559,prediction_temporal_tabular_classifier_score,train,1990-10-31,0.161907896315762,6339
temporal_tabular_transformer_seed362559,prediction_temporal_tabular_classifier_score,train,1990-11-30,0.2594378628070892,6322
temporal_tabular_transformer_seed362559,prediction_temporal_tabular_classifier_score,train,1990-12-31,-0.015377915498537795,6313
temporal_tabular_transformer_seed362559,prediction_temporal_tabular_classifier_score,train,1991-01-31,-0.026529722768659895,6304
temporal_tabular_transformer_seed362559,prediction_temporal_tabular_classifier_score,train,1991-02-28,0.0376587533623334,6288
temporal_tabular_transformer_seed362559,prediction_temporal_tabular_classifier_score,train,1991-03-28,0.03349102756770939,6282
temporal_tabular_transformer_seed362559,prediction_temporal_tabular_classifier_score,train,1991-04-30,0.1785291771765186,6294
temporal_tabular_transformer_seed362559,prediction_temporal_tabular_classifier_score,train,1991-05-31,0.05752235886502003,6312
temporal_tabular_transformer_seed362559,prediction_temporal_tabular_classifier_score,train,1991-06-28,0.1648297848331068,6342
temporal_tabular_transformer_seed362559,prediction_temporal_tabular_classifier_score,train,1991-07-31,0.1493994094687761,6364
temporal_tabular_transformer_seed362559,prediction_temporal_tabular_classifier_score,train,1991-08-30,0.08759146073986376,6391
temporal_tabular_transformer_seed362559,prediction_temporal_tabular_classifier_score,train,1991-09-30,0.09223231537889028,6411
temporal_tabular_transformer_seed362559,prediction_temporal_tabular_classifier_score,train,1991-10-31,0.08141400438429822,6445
temporal_tabular_transformer_seed362559,prediction_temporal_tabular_classifier_score,train,1991-11-29,0.301559215859196,6479
temporal_tabular_transformer_seed362559,prediction_temporal_tabular_classifier_score,train,1991-12-31,-0.27923650677376743,6495
temporal_tabular_transformer_seed362559,prediction_temporal_tabular_classifier_score,train,1992-01-31,-0.000885186046806555,6517
temporal_tabular_transformer_seed362559,prediction_temporal_tabular_classifier_score,train,1992-02-28,0.1538051363306507,6546
temporal_tabular_transformer_seed362559,prediction_temporal_tabular_classifier_score,train,1992-03-31,0.27159439040031336,6600
temporal_tabular_transformer_seed362559,prediction_temporal_tabular_classifier_score,train,1992-04-30,0.11881960189638024,6613
temporal_tabular_transformer_seed362559,prediction_temporal_tabular_classifier_score,train,1992-05-29,0.2064307601949128,6611
temporal_tabular_transformer_seed362559,prediction_temporal_tabular_classifier_score,train,1992-06-30,0.13794750377465773,6607
temporal_tabular_transformer_seed362559,prediction_temporal_tabular_classifier_score,train,1992-07-31,0.15947356195287737,6639
temporal_tabular_transformer_seed362559,prediction_temporal_tabular_classifier_score,train,1992-08-31,0.12255824003999079,6654
temporal_tabular_transformer_seed362559,prediction_temporal_tabular_classifier_score,train,1992-09-30,0.09852075451350147,6661
temporal_tabular_transformer_seed362559,prediction_temporal_tabular_classifier_score,train,1992-10-30,-0.010589426324018904,6706
temporal_tabular_transformer_seed362559,prediction_temporal_tabular_classifier_score,train,1992-11-30,0.10391632512990441,6740
temporal_tabular_transformer_seed362559,prediction_temporal_tabular_classifier_score,train,1992-12-31,-0.04146639672730559,6783
temporal_tabular_transformer_seed362559,prediction_temporal_tabular_classifier_score,train,1993-01-29,0.1741624843086443,6812
temporal_tabular_transformer_seed362559,prediction_temporal_tabular_classifier_score,train,1993-02-26,0.12401361098473244,6855
temporal_tabular_transformer_seed362559,prediction_temporal_tabular_classifier_score,train,1993-03-31,0.06133204042667325,6922
temporal_tabular_transformer_seed362559,prediction_temporal_tabular_classifier_score,train,1993-04-30,-0.04446287386754616,6978
temporal_tabular_transformer_seed362559,prediction_temporal_tabular_classifier_score,train,1993-05-28,0.10280133899275005,7037
temporal_tabular_transformer_seed362559,prediction_temporal_tabular_classifier_score,train,1993-06-30,0.14374947597623136,7118
temporal_tabular_transformer_seed362559,prediction_temporal_tabular_classifier_score,train,1993-07-30,0.11369609952377437,7163
temporal_tabular_transformer_seed362559,prediction_temporal_tabular_classifier_score,train,1993-08-31,0.04879727313798119,7228
temporal_tabular_transformer_seed362559,prediction_temporal_tabular_classifier_score,train,1993-09-30,-0.04382652437574435,7310
temporal_tabular_transformer_seed362559,prediction_temporal_tabular_classifier_score,train,1993-10-29,0.06603826399482418,7390
temporal_tabular_transformer_seed362559,prediction_temporal_tabular_classifier_score,train,1993-11-30,0.2043740451726423,7494
temporal_tabular_transformer_seed362559,prediction_temporal_tabular_classifier_score,train,1993-12-31,-0.04036252332566265,7588
temporal_tabular_transformer_seed362559,prediction_temporal_tabular_classifier_score,train,1994-01-31,0.09553815252381151,7642
temporal_tabular_transformer_seed362559,prediction_temporal_tabular_classifier_score,train,1994-02-28,0.07503321171181565,7712
temporal_tabular_transformer_seed362559,prediction_temporal_tabular_classifier_score,train,1994-03-31,0.2218190111777553,7771
temporal_tabular_transformer_seed362559,prediction_temporal_tabular_classifier_score,train,1994-04-29,0.11809744686813932,7819
temporal_tabular_transformer_seed362559,prediction_temporal_tabular_classifier_score,train,1994-05-31,0.21759537289323785,7860
temporal_tabular_transformer_seed362559,prediction_temporal_tabular_classifier_score,train,1994-06-30,0.0830513279699186,7919
temporal_tabular_transformer_seed362559,prediction_temporal_tabular_classifier_score,train,1994-07-29,0.04621197198170836,7942
temporal_tabular_transformer_seed362559,prediction_temporal_tabular_classifier_score,train,1994-08-31,-0.014661937889070215,7966
temporal_tabular_transformer_seed362559,prediction_temporal_tabular_classifier_score,train,1994-09-30,0.09725585112227499,7965
temporal_tabular_transformer_seed362559,prediction_temporal_tabular_classifier_score,train,1994-10-31,0.12180234050539424,8013
temporal_tabular_transformer_seed362559,prediction_temporal_tabular_classifier_score,train,1994-11-30,0.25202674318771817,8028
temporal_tabular_transformer_seed362559,prediction_temporal_tabular_classifier_score,train,1994-12-30,-0.02968155223593387,8027
temporal_tabular_transformer_seed362559,prediction_temporal_tabular_classifier_score,train,1995-01-31,0.11026277456944064,8011
temporal_tabular_transformer_seed362559,prediction_temporal_tabular_classifier_score,train,1995-02-28,0.06214679663410044,8019
temporal_tabular_transformer_seed362559,prediction_temporal_tabular_classifier_score,train,1995-03-31,0.06499788630640639,8025
temporal_tabular_transformer_seed362559,prediction_temporal_tabular_classifier_score,train,1995-04-28,0.11879546052312635,8039
temporal_tabular_transformer_seed362559,prediction_temporal_tabular_classifier_score,train,1995-05-31,0.0033994124084183908,8041
temporal_tabular_transformer_seed362559,prediction_temporal_tabular_classifier_score,train,1995-06-30,0.03470445821672892,8065
temporal_tabular_transformer_seed362559,prediction_temporal_tabular_classifier_score,train,1995-07-31,0.062145880029263106,8097
temporal_tabular_transformer_seed362559,prediction_temporal_tabular_classifier_score,train,1995-08-31,0.0977069485065196,8125
temporal_tabular_transformer_seed362559,prediction_temporal_tabular_classifier_score,train,1995-09-29,0.2905293045792879,8133
temporal_tabular_transformer_seed362559,prediction_temporal_tabular_classifier_score,train,1995-10-31,0.18933318044578412,8169
temporal_tabular_transformer_seed362559,prediction_temporal_tabular_classifier_score,train,1995-11-30,0.1787051088707144,8219
temporal_tabular_transformer_seed362559,prediction_temporal_tabular_classifier_score,train,1995-12-29,-0.057542259813401254,8276
temporal_tabular_transformer_seed362559,prediction_temporal_tabular_classifier_score,train,1996-01-31,0.011161656462830486,8268
temporal_tabular_transformer_seed362559,prediction_temporal_tabular_classifier_score,train,1996-02-29,0.055966781054019,8299
temporal_tabular_transformer_seed362559,prediction_temporal_tabular_classifier_score,train,1996-03-29,-0.11382992976640043,8366
temporal_tabular_transformer_seed362559,prediction_temporal_tabular_classifier_score,train,1996-04-30,-0.10672236757215671,8407
temporal_tabular_transformer_seed362559,prediction_temporal_tabular_classifier_score,train,1996-05-31,0.30365104554620315,8495
temporal_tabular_transformer_seed362559,prediction_temporal_tabular_classifier_score,train,1996-06-28,0.39997594051606145,8559
temporal_tabular_transformer_seed362559,prediction_temporal_tabular_classifier_score,train,1996-07-31,0.03665404369881763,8595
temporal_tabular_transformer_seed362559,prediction_temporal_tabular_classifier_score,train,1996-08-30,0.128973230382437,8642
temporal_tabular_transformer_seed362559,prediction_temporal_tabular_classifier_score,train,1996-09-30,0.3463022024318208,8657
temporal_tabular_transformer_seed362559,prediction_temporal_tabular_classifier_score,train,1996-10-31,0.23891600386858025,8737
temporal_tabular_transformer_seed362559,prediction_temporal_tabular_classifier_score,train,1996-11-29,0.2302188906070816,8804
temporal_tabular_transformer_seed362559,prediction_temporal_tabular_classifier_score,train,1996-12-31,-0.11289894663438402,8822
temporal_tabular_transformer_seed362559,prediction_temporal_tabular_classifier_score,train,1997-01-31,0.22418509719975302,8818
temporal_tabular_transformer_seed362559,prediction_temporal_tabular_classifier_score,train,1997-02-28,0.2784402366123698,8832
temporal_tabular_transformer_seed362559,prediction_temporal_tabular_classifier_score,train,1997-03-31,0.26543011718551257,8835
temporal_tabular_transformer_seed362559,prediction_temporal_tabular_classifier_score,train,1997-04-30,-0.04256093097589904,8844
temporal_tabular_transformer_seed362559,prediction_temporal_tabular_classifier_score,train,1997-05-30,0.17491331379194613,8841
temporal_tabular_transformer_seed362559,prediction_temporal_tabular_classifier_score,train,1997-06-30,0.1689905657997553,8843
temporal_tabular_transformer_seed362559,prediction_temporal_tabular_classifier_score,train,1997-07-31,-0.0467922151006606,8856
temporal_tabular_transformer_seed362559,prediction_temporal_tabular_classifier_score,train,1997-08-29,0.0538072459655108,8855
temporal_tabular_transformer_seed362559,prediction_temporal_tabular_classifier_score,train,1997-09-30,0.16399887715508832,8853
temporal_tabular_transformer_seed362559,prediction_temporal_tabular_classifier_score,train,1997-10-31,0.3428990920022174,8883
temporal_tabular_transformer_seed362559,prediction_temporal_tabular_classifier_score,train,1997-11-28,0.45835469433343223,8903
temporal_tabular_transformer_seed362559,prediction_temporal_tabular_classifier_score,train,1997-12-31,-0.11554223374437139,8873
temporal_tabular_transformer_seed362559,prediction_temporal_tabular_classifier_score,train,1998-01-30,0.05851102336332732,8855
temporal_tabular_transformer_seed362559,prediction_temporal_tabular_classifier_score,train,1998-02-27,0.0891241036457426,8847
temporal_tabular_transformer_seed362559,prediction_temporal_tabular_classifier_score,train,1998-03-31,0.03450784571084141,8830
temporal_tabular_transformer_seed362559,prediction_temporal_tabular_classifier_score,train,1998-04-30,0.21766819043303878,8850
temporal_tabular_transformer_seed362559,prediction_temporal_tabular_classifier_score,train,1998-05-29,0.2488359710390789,8836
temporal_tabular_transformer_seed362559,prediction_temporal_tabular_classifier_score,train,1998-06-30,0.1620751563827439,8818
temporal_tabular_transformer_seed362559,prediction_temporal_tabular_classifier_score,train,1998-07-31,0.32856835661727063,8804
temporal_tabular_transformer_seed362559,prediction_temporal_tabular_classifier_score,train,1998-08-31,0.06399273632138487,8757
temporal_tabular_transformer_seed362559,prediction_temporal_tabular_classifier_score,train,1998-09-30,0.0704226156718963,8647
temporal_tabular_transformer_seed362559,prediction_temporal_tabular_classifier_score,train,1998-10-30,-0.00283890778550436,8582
temporal_tabular_transformer_seed362559,prediction_temporal_tabular_classifier_score,train,1998-11-30,0.19009052465554144,8514
temporal_tabular_transformer_seed362559,prediction_temporal_tabular_classifier_score,train,1998-12-31,-0.22708683809398625,8489
temporal_tabular_transformer_seed362559,prediction_temporal_tabular_classifier_score,train,1999-01-29,0.11914418372522557,8445
temporal_tabular_transformer_seed362559,prediction_temporal_tabular_classifier_score,train,1999-02-26,0.07153089017789635,8403
temporal_tabular_transformer_seed362559,prediction_temporal_tabular_classifier_score,train,1999-03-31,-0.008303813187738407,8328
temporal_tabular_transformer_seed362559,prediction_temporal_tabular_classifier_score,train,1999-04-30,0.005763507130779559,8305
temporal_tabular_transformer_seed362559,prediction_temporal_tabular_classifier_score,train,1999-05-28,0.0973826369356359,8295
temporal_tabular_transformer_seed362559,prediction_temporal_tabular_classifier_score,train,1999-06-30,0.018317202786708023,8281
temporal_tabular_transformer_seed362559,prediction_temporal_tabular_classifier_score,train,1999-07-30,0.110908801183452,8272
temporal_tabular_transformer_seed362559,prediction_temporal_tabular_classifier_score,train,1999-08-31,0.03546459967007357,8237
temporal_tabular_transformer_seed362559,prediction_temporal_tabular_classifier_score,train,1999-09-30,0.12723780210985228,8226
temporal_tabular_transformer_seed362559,prediction_temporal_tabular_classifier_score,train,1999-10-29,-0.1545700614425037,8228
temporal_tabular_transformer_seed362559,prediction_temporal_tabular_classifier_score,train,1999-11-30,-0.08981264914401864,8209
temporal_tabular_transformer_seed362559,prediction_temporal_tabular_classifier_score,train,1999-12-31,-0.23460924377524547,8193
temporal_tabular_transformer_seed362559,prediction_temporal_tabular_classifier_score,train,2000-01-31,-0.1550465120930815,8154
temporal_tabular_transformer_seed362559,prediction_temporal_tabular_classifier_score,train,2000-02-29,0.25254638187712075,8155
temporal_tabular_transformer_seed362559,prediction_temporal_tabular_classifier_score,train,2000-03-31,0.4955788340309447,8148
temporal_tabular_transformer_seed362559,prediction_temporal_tabular_classifier_score,train,2000-04-28,0.3818740196652231,8166
temporal_tabular_transformer_seed362559,prediction_temporal_tabular_classifier_score,train,2000-05-31,-0.20177994129766774,8149
temporal_tabular_transformer_seed362559,prediction_temporal_tabular_classifier_score,train,2000-06-30,0.3003464016222594,8163
temporal_tabular_transformer_seed362559,prediction_temporal_tabular_classifier_score,train,2000-07-31,0.03156917886895348,8180
temporal_tabular_transformer_seed362559,prediction_temporal_tabular_classifier_score,train,2000-08-31,0.3279906264853005,8192
temporal_tabular_transformer_seed362559,prediction_temporal_tabular_classifier_score,train,2000-09-29,0.3873835787116721,8157
temporal_tabular_transformer_seed362559,prediction_temporal_tabular_classifier_score,train,2000-10-31,0.5418169972773537,8107
temporal_tabular_transformer_seed362559,prediction_temporal_tabular_classifier_score,train,2000-11-30,0.363406355527178,8036
temporal_tabular_transformer_seed362559,prediction_temporal_tabular_classifier_score,train,2000-12-29,-0.45573886728821517,7954
temporal_tabular_transformer_seed362559,prediction_temporal_tabular_classifier_score,train,2001-01-31,0.5013723212435269,7893
temporal_tabular_transformer_seed362559,prediction_temporal_tabular_classifier_score,train,2001-02-28,0.38609211509446933,7836
temporal_tabular_transformer_seed362559,prediction_temporal_tabular_classifier_score,train,2001-03-30,-0.06239455586448311,7763
temporal_tabular_transformer_seed362559,prediction_temporal_tabular_classifier_score,train,2001-04-30,0.009024247470618208,7679
temporal_tabular_transformer_seed362559,prediction_temporal_tabular_classifier_score,train,2001-05-31,0.13911260451025734,7628
temporal_tabular_transformer_seed362559,prediction_temporal_tabular_classifier_score,train,2001-06-29,0.30443072954448247,7575
temporal_tabular_transformer_seed362559,prediction_temporal_tabular_classifier_score,train,2001-07-31,0.30517511730426533,7517
temporal_tabular_transformer_seed362559,prediction_temporal_tabular_classifier_score,train,2001-08-31,0.3887436024512479,7461
temporal_tabular_transformer_seed362559,prediction_temporal_tabular_classifier_score,train,2001-09-28,-0.15735728157190154,7426
temporal_tabular_transformer_seed362559,prediction_temporal_tabular_classifier_score,train,2001-10-31,-0.12642150822231196,7375
temporal_tabular_transformer_seed362559,prediction_temporal_tabular_classifier_score,train,2001-11-30,-0.011014197902909082,7341
temporal_tabular_transformer_seed362559,prediction_temporal_tabular_classifier_score,train,2001-12-31,0.12851554591955128,7300
temporal_tabular_transformer_seed362559,prediction_temporal_tabular_classifier_score,train,2002-01-31,0.40757315431523605,7261
temporal_tabular_transformer_seed362559,prediction_temporal_tabular_classifier_score,train,2002-02-28,-0.032145458347910584,7225
temporal_tabular_transformer_seed362559,prediction_temporal_tabular_classifier_score,train,2002-03-28,0.34229246191483204,7168
temporal_tabular_transformer_seed362559,prediction_temporal_tabular_classifier_score,train,2002-04-30,0.23464305642330072,7139
temporal_tabular_transformer_seed362559,prediction_temporal_tabular_classifier_score,train,2002-05-31,0.3585675860111962,7119
temporal_tabular_transformer_seed362559,prediction_temporal_tabular_classifier_score,train,2002-06-28,0.23559721480132634,7084
temporal_tabular_transformer_seed362559,prediction_temporal_tabular_classifier_score,train,2002-07-31,0.14432746267527113,7030
temporal_tabular_transformer_seed362559,prediction_temporal_tabular_classifier_score,train,2002-08-30,0.3455875853190273,7002
temporal_tabular_transformer_seed362559,prediction_temporal_tabular_classifier_score,train,2002-09-30,-0.04760703059472855,6948
temporal_tabular_transformer_seed362559,prediction_temporal_tabular_classifier_score,train,2002-10-31,-0.28558600762985886,6931
temporal_tabular_transformer_seed362559,prediction_temporal_tabular_classifier_score,train,2002-11-29,0.2541789456410024,6927
temporal_tabular_transformer_seed362559,prediction_temporal_tabular_classifier_score,train,2002-12-31,0.0030104190670301885,6894
temporal_tabular_transformer_seed362559,prediction_temporal_tabular_classifier_score,train,2003-01-31,0.18036520895407174,6847
temporal_tabular_transformer_seed362559,prediction_temporal_tabular_classifier_score,train,2003-02-28,0.09391577956795705,6795
temporal_tabular_transformer_seed362559,prediction_temporal_tabular_classifier_score,train,2003-03-31,-0.041667761547105026,6748
temporal_tabular_transformer_seed362559,prediction_temporal_tabular_classifier_score,train,2003-04-30,-0.18851232695992473,6711
temporal_tabular_transformer_seed362559,prediction_temporal_tabular_classifier_score,train,2003-05-30,-0.05950866085902624,6682
temporal_tabular_transformer_seed362559,prediction_temporal_tabular_classifier_score,train,2003-06-30,-0.023008032481086942,6648
temporal_tabular_transformer_seed362559,prediction_temporal_tabular_classifier_score,train,2003-07-31,0.03353947428219347,6626
temporal_tabular_transformer_seed362559,prediction_temporal_tabular_classifier_score,train,2003-08-29,-0.143658282781582,6612
temporal_tabular_transformer_seed362559,prediction_temporal_tabular_classifier_score,train,2003-09-30,0.1502297639048721,6607
temporal_tabular_transformer_seed362559,prediction_temporal_tabular_classifier_score,train,2003-10-31,0.07444538679200291,6596
temporal_tabular_transformer_seed362559,prediction_temporal_tabular_classifier_score,train,2003-11-28,0.03011201584085224,6589
temporal_tabular_transformer_seed362559,prediction_temporal_tabular_classifier_score,train,2003-12-31,-0.2282692370077649,6592
temporal_tabular_transformer_seed362559,prediction_temporal_tabular_classifier_score,train,2004-01-30,0.18227808407662807,6599
temporal_tabular_transformer_seed362559,prediction_temporal_tabular_classifier_score,train,2004-02-27,0.1162090567144072,6599
temporal_tabular_transformer_seed362559,prediction_temporal_tabular_classifier_score,train,2004-03-31,0.09347776351200139,6605
temporal_tabular_transformer_seed362559,prediction_temporal_tabular_classifier_score,train,2004-04-30,0.12481018491170827,6593
temporal_tabular_transformer_seed362559,prediction_temporal_tabular_classifier_score,train,2004-05-28,0.19189739267285882,6594
temporal_tabular_transformer_seed362559,prediction_temporal_tabular_classifier_score,train,2004-06-30,0.2700283914851887,6592
temporal_tabular_transformer_seed362559,prediction_temporal_tabular_classifier_score,train,2004-07-30,0.07643939295242144,6598
temporal_tabular_transformer_seed362559,prediction_temporal_tabular_classifier_score,train,2004-08-31,0.06674070831807166,6602
temporal_tabular_transformer_seed362559,prediction_temporal_tabular_classifier_score,train,2004-09-30,0.0734983767744308,6607
temporal_tabular_transformer_seed362559,prediction_temporal_tabular_classifier_score,train,2004-10-29,-0.014798472331718288,6620
temporal_tabular_transformer_seed362559,prediction_temporal_tabular_classifier_score,train,2004-11-30,-0.073517032972108,6615
temporal_tabular_transformer_seed362559,prediction_temporal_tabular_classifier_score,train,2004-12-31,0.2110871578430834,6633
temporal_tabular_transformer_seed362559,prediction_temporal_tabular_classifier_score,train,2005-01-31,0.18530698956101502,6623
temporal_tabular_transformer_seed362559,prediction_temporal_tabular_classifier_score,train,2005-02-28,0.17285510599838383,6637
temporal_tabular_transformer_seed362559,prediction_temporal_tabular_classifier_score,train,2005-03-31,0.17957648542713545,6636
temporal_tabular_transformer_seed362559,prediction_temporal_tabular_classifier_score,train,2005-04-29,0.04064886126131005,6628
temporal_tabular_transformer_seed362559,prediction_temporal_tabular_classifier_score,train,2005-05-31,0.026617693331727955,6630
temporal_tabular_transformer_seed362559,prediction_temporal_tabular_classifier_score,train,2005-06-30,-0.022818679657431288,6652
temporal_tabular_transformer_seed362559,prediction_temporal_tabular_classifier_score,train,2005-07-29,0.08664445772703269,6640
temporal_tabular_transformer_seed362559,prediction_temporal_tabular_classifier_score,train,2005-08-31,0.08319275566559471,6643
temporal_tabular_transformer_seed362559,prediction_temporal_tabular_classifier_score,train,2005-09-30,0.15012203882282413,6636
temporal_tabular_transformer_seed362559,prediction_temporal_tabular_classifier_score,train,2005-10-31,0.05177048365788876,6636
temporal_tabular_transformer_seed362559,prediction_temporal_tabular_classifier_score,train,2005-11-30,0.04270018284978277,6647
temporal_tabular_transformer_seed362559,prediction_temporal_tabular_classifier_score,train,2005-12-30,-0.07235140889250732,6647
temporal_tabular_transformer_seed362559,prediction_temporal_tabular_classifier_score,train,2006-01-31,0.05395038937369253,6620
temporal_tabular_transformer_seed362559,prediction_temporal_tabular_classifier_score,train,2006-02-28,-0.005275412205073611,6626
temporal_tabular_transformer_seed362559,prediction_temporal_tabular_classifier_score,train,2006-03-31,0.08907297122915239,6633
temporal_tabular_transformer_seed362559,prediction_temporal_tabular_classifier_score,train,2006-04-28,0.1937187272274435,6635
temporal_tabular_transformer_seed362559,prediction_temporal_tabular_classifier_score,train,2006-05-31,0.18532303371447073,6653
temporal_tabular_transformer_seed362559,prediction_temporal_tabular_classifier_score,train,2006-06-30,0.265947292127949,6698
temporal_tabular_transformer_seed362559,prediction_temporal_tabular_classifier_score,train,2006-07-31,0.016414334822042936,6704
temporal_tabular_transformer_seed362559,prediction_temporal_tabular_classifier_score,train,2006-08-31,0.09272907172429895,6698
temporal_tabular_transformer_seed362559,prediction_temporal_tabular_classifier_score,train,2006-09-29,-0.004963197102432414,6722
temporal_tabular_transformer_seed362559,prediction_temporal_tabular_classifier_score,train,2006-10-31,0.048496229936551546,6735
temporal_tabular_transformer_seed362559,prediction_temporal_tabular_classifier_score,train,2006-11-30,0.0971940806070817,6748
temporal_tabular_transformer_seed362559,prediction_temporal_tabular_classifier_score,train,2006-12-29,0.021213699956676057,6739
temporal_tabular_transformer_seed362559,prediction_temporal_tabular_classifier_score,train,2007-01-31,0.0009171440664653013,6755
temporal_tabular_transformer_seed362559,prediction_temporal_tabular_classifier_score,train,2007-02-28,0.16128442920774488,6797
temporal_tabular_transformer_seed362559,prediction_temporal_tabular_classifier_score,train,2007-03-30,0.10178515513339029,6812
temporal_tabular_transformer_seed362559,prediction_temporal_tabular_classifier_score,train,2007-04-30,0.1913120089197937,6809
temporal_tabular_transformer_seed362559,prediction_temporal_tabular_classifier_score,train,2007-05-31,0.055524626688895067,6839
temporal_tabular_transformer_seed362559,prediction_temporal_tabular_classifier_score,train,2007-06-29,0.09860416973588634,6849
temporal_tabular_transformer_seed362559,prediction_temporal_tabular_classifier_score,train,2007-07-31,0.1587668304395076,6854
temporal_tabular_transformer_seed362559,prediction_temporal_tabular_classifier_score,train,2007-08-31,0.10875425333750728,6853
temporal_tabular_transformer_seed362559,prediction_temporal_tabular_classifier_score,train,2007-09-28,0.15533453234256364,6844
temporal_tabular_transformer_seed362559,prediction_temporal_tabular_classifier_score,train,2007-10-31,0.2827073389457821,6856
temporal_tabular_transformer_seed362559,prediction_temporal_tabular_classifier_score,train,2007-11-30,0.14529108814263542,6884
temporal_tabular_transformer_seed362559,prediction_temporal_tabular_classifier_score,train,2007-12-31,0.04804743329567199,6912
temporal_tabular_transformer_seed362559,prediction_temporal_tabular_classifier_score,train,2008-01-31,0.11310603985198461,6906
temporal_tabular_transformer_seed362559,prediction_temporal_tabular_classifier_score,train,2008-02-29,0.21511137738250757,6879
temporal_tabular_transformer_seed362559,prediction_temporal_tabular_classifier_score,train,2008-03-31,0.15282618071020343,6867
temporal_tabular_transformer_seed362559,prediction_temporal_tabular_classifier_score,train,2008-04-30,0.07792474105357619,6840
temporal_tabular_transformer_seed362559,prediction_temporal_tabular_classifier_score,train,2008-05-30,0.168582306020119,6848
temporal_tabular_transformer_seed362559,prediction_temporal_tabular_classifier_score,train,2008-06-30,0.029123281299185212,6830
temporal_tabular_transformer_seed362559,prediction_temporal_tabular_classifier_score,train,2008-07-31,0.007768772218407027,6827
temporal_tabular_transformer_seed362559,prediction_temporal_tabular_classifier_score,train,2008-08-29,0.14158736434147565,6785
temporal_tabular_transformer_seed362559,prediction_temporal_tabular_classifier_score,train,2008-09-30,0.03576858149565285,6764
temporal_tabular_transformer_seed362559,prediction_temporal_tabular_classifier_score,train,2008-10-31,0.18510044240813006,6719
temporal_tabular_transformer_seed362559,prediction_temporal_tabular_classifier_score,train,2008-11-28,0.16665579753039164,6709
temporal_tabular_transformer_seed362559,prediction_temporal_tabular_classifier_score,train,2008-12-31,-0.04255847666764774,6679
temporal_tabular_transformer_seed362559,prediction_temporal_tabular_classifier_score,train,2009-01-30,0.011955222834781046,6650
temporal_tabular_transformer_seed362559,prediction_temporal_tabular_classifier_score,train,2009-02-27,0.07396813829681723,6606
temporal_tabular_transformer_seed362559,prediction_temporal_tabular_classifier_score,train,2009-03-31,0.2551837814506128,6554
temporal_tabular_transformer_seed362559,prediction_temporal_tabular_classifier_score,train,2009-04-30,0.10683233482217847,6538
temporal_tabular_transformer_seed362559,prediction_temporal_tabular_classifier_score,train,2009-05-29,0.006612801146261513,6494
temporal_tabular_transformer_seed362559,prediction_temporal_tabular_classifier_score,train,2009-06-30,0.17138452891513337,6485
temporal_tabular_transformer_seed362559,prediction_temporal_tabular_classifier_score,train,2009-07-31,0.021169327954219334,6465
temporal_tabular_transformer_seed362559,prediction_temporal_tabular_classifier_score,train,2009-08-31,0.0878973579234167,6457
temporal_tabular_transformer_seed362559,prediction_temporal_tabular_classifier_score,train,2009-09-30,0.027182232655719535,6453
temporal_tabular_transformer_seed362559,prediction_temporal_tabular_classifier_score,train,2009-10-30,0.18654875967842258,6452
temporal_tabular_transformer_seed362559,prediction_temporal_tabular_classifier_score,train,2009-11-30,0.07108249597913564,6462
temporal_tabular_transformer_seed362559,prediction_temporal_tabular_classifier_score,train,2009-12-31,-0.16683399840261004,6465
temporal_tabular_transformer_seed362559,prediction_temporal_tabular_classifier_score,train,2010-01-29,0.18419799821490782,6467
temporal_tabular_transformer_seed362559,prediction_temporal_tabular_classifier_score,train,2010-02-26,0.1040753027028638,6468
temporal_tabular_transformer_seed362559,prediction_temporal_tabular_classifier_score,train,2010-03-31,0.036535703490592916,6468
temporal_tabular_transformer_seed362559,prediction_temporal_tabular_classifier_score,train,2010-04-30,-0.024092740970653427,6492
temporal_tabular_transformer_seed362559,prediction_temporal_tabular_classifier_score,train,2010-05-28,0.015055673337090026,6469
temporal_tabular_transformer_seed362559,prediction_temporal_tabular_classifier_score,train,2010-06-30,0.2594307656772311,6486
temporal_tabular_transformer_seed362559,prediction_temporal_tabular_classifier_score,train,2010-07-30,0.009569680418006949,6501
temporal_tabular_transformer_seed362559,prediction_temporal_tabular_classifier_score,train,2010-08-31,0.22940351640863035,6501
temporal_tabular_transformer_seed362559,prediction_temporal_tabular_classifier_score,train,2010-09-30,0.09703121739340707,6500
temporal_tabular_transformer_seed362559,prediction_temporal_tabular_classifier_score,train,2010-10-29,0.13409089683298772,6498
temporal_tabular_transformer_seed362559,prediction_temporal_tabular_classifier_score,train,2010-11-30,0.04644564923947578,6504
temporal_tabular_transformer_seed362559,prediction_temporal_tabular_er_train_score,train,1989-12-29,-0.039776678583508036,6334
temporal_tabular_transformer_seed362559,prediction_temporal_tabular_er_train_score,train,1990-01-31,0.1226025878506546,6342
temporal_tabular_transformer_seed362559,prediction_temporal_tabular_er_train_score,train,1990-02-28,0.13179532811733605,6337
temporal_tabular_transformer_seed362559,prediction_temporal_tabular_er_train_score,train,1990-03-30,0.081729591862012,6347
temporal_tabular_transformer_seed362559,prediction_temporal_tabular_er_train_score,train,1990-04-30,0.2283962065151338,6357
temporal_tabular_transformer_seed362559,prediction_temporal_tabular_er_train_score,train,1990-05-31,0.09679992745442216,6352
temporal_tabular_transformer_seed362559,prediction_temporal_tabular_er_train_score,train,1990-06-29,0.0828873397049464,6358
temporal_tabular_transformer_seed362559,prediction_temporal_tabular_er_train_score,train,1990-07-31,0.09529673887354051,6367
temporal_tabular_transformer_seed362559,prediction_temporal_tabular_er_train_score,train,1990-08-31,0.054033706246915045,6369
temporal_tabular_transformer_seed362559,prediction_temporal_tabular_er_train_score,train,1990-09-28,0.16549426547533577,6354
temporal_tabular_transformer_seed362559,prediction_temporal_tabular_er_train_score,train,1990-10-31,0.18351505321347528,6339
temporal_tabular_transformer_seed362559,prediction_temporal_tabular_er_train_score,train,1990-11-30,0.21658901392103136,6322
temporal_tabular_transformer_seed362559,prediction_temporal_tabular_er_train_score,train,1990-12-31,0.056035543910613,6313
temporal_tabular_transformer_seed362559,prediction_temporal_tabular_er_train_score,train,1991-01-31,0.11789341568315001,6304
temporal_tabular_transformer_seed362559,prediction_temporal_tabular_er_train_score,train,1991-02-28,0.12970713441377532,6288
temporal_tabular_transformer_seed362559,prediction_temporal_tabular_er_train_score,train,1991-03-28,0.017046564355529863,6282
temporal_tabular_transformer_seed362559,prediction_temporal_tabular_er_train_score,train,1991-04-30,0.13355393951444375,6294
temporal_tabular_transformer_seed362559,prediction_temporal_tabular_er_train_score,train,1991-05-31,-0.03139152268973944,6312
temporal_tabular_transformer_seed362559,prediction_temporal_tabular_er_train_score,train,1991-06-28,0.13730171803020347,6342
temporal_tabular_transformer_seed362559,prediction_temporal_tabular_er_train_score,train,1991-07-31,0.11043146222075309,6364
temporal_tabular_transformer_seed362559,prediction_temporal_tabular_er_train_score,train,1991-08-30,0.052856086215711647,6391
temporal_tabular_transformer_seed362559,prediction_temporal_tabular_er_train_score,train,1991-09-30,0.057786251806258425,6411
temporal_tabular_transformer_seed362559,prediction_temporal_tabular_er_train_score,train,1991-10-31,0.043099669418627445,6445
temporal_tabular_transformer_seed362559,prediction_temporal_tabular_er_train_score,train,1991-11-29,0.3247475154792754,6479
temporal_tabular_transformer_seed362559,prediction_temporal_tabular_er_train_score,train,1991-12-31,-0.2053448041590804,6495
temporal_tabular_transformer_seed362559,prediction_temporal_tabular_er_train_score,train,1992-01-31,0.010835241193956718,6517
temporal_tabular_transformer_seed362559,prediction_temporal_tabular_er_train_score,train,1992-02-28,0.1279315565721068,6546
temporal_tabular_transformer_seed362559,prediction_temporal_tabular_er_train_score,train,1992-03-31,0.21516345391457162,6600
temporal_tabular_transformer_seed362559,prediction_temporal_tabular_er_train_score,train,1992-04-30,0.10510915987651423,6613
temporal_tabular_transformer_seed362559,prediction_temporal_tabular_er_train_score,train,1992-05-29,0.12808862721252065,6611
temporal_tabular_transformer_seed362559,prediction_temporal_tabular_er_train_score,train,1992-06-30,0.1324678365251592,6607
temporal_tabular_transformer_seed362559,prediction_temporal_tabular_er_train_score,train,1992-07-31,0.11252559033444606,6639
temporal_tabular_transformer_seed362559,prediction_temporal_tabular_er_train_score,train,1992-08-31,0.1297165232643832,6654
temporal_tabular_transformer_seed362559,prediction_temporal_tabular_er_train_score,train,1992-09-30,0.16990577775881696,6661
temporal_tabular_transformer_seed362559,prediction_temporal_tabular_er_train_score,train,1992-10-30,0.08925585749364745,6706
temporal_tabular_transformer_seed362559,prediction_temporal_tabular_er_train_score,train,1992-11-30,0.11428456381494143,6740
temporal_tabular_transformer_seed362559,prediction_temporal_tabular_er_train_score,train,1992-12-31,0.0038524000310396728,6783
temporal_tabular_transformer_seed362559,prediction_temporal_tabular_er_train_score,train,1993-01-29,0.11620812433171972,6812
temporal_tabular_transformer_seed362559,prediction_temporal_tabular_er_train_score,train,1993-02-26,0.1168535389591172,6855
temporal_tabular_transformer_seed362559,prediction_temporal_tabular_er_train_score,train,1993-03-31,-0.0015433016208764704,6922
temporal_tabular_transformer_seed362559,prediction_temporal_tabular_er_train_score,train,1993-04-30,0.03335263858094913,6978
temporal_tabular_transformer_seed362559,prediction_temporal_tabular_er_train_score,train,1993-05-28,0.07997260136340581,7037
temporal_tabular_transformer_seed362559,prediction_temporal_tabular_er_train_score,train,1993-06-30,0.12445719340645982,7118
temporal_tabular_transformer_seed362559,prediction_temporal_tabular_er_train_score,train,1993-07-30,0.12385145948789911,7163
temporal_tabular_transformer_seed362559,prediction_temporal_tabular_er_train_score,train,1993-08-31,0.07056267274174198,7228
temporal_tabular_transformer_seed362559,prediction_temporal_tabular_er_train_score,train,1993-09-30,-0.023156839684950376,7310
temporal_tabular_transformer_seed362559,prediction_temporal_tabular_er_train_score,train,1993-10-29,0.06072457465623625,7390
temporal_tabular_transformer_seed362559,prediction_temporal_tabular_er_train_score,train,1993-11-30,0.2107950301609356,7494
temporal_tabular_transformer_seed362559,prediction_temporal_tabular_er_train_score,train,1993-12-31,-0.004443922310122348,7588
temporal_tabular_transformer_seed362559,prediction_temporal_tabular_er_train_score,train,1994-01-31,0.11141550138388304,7642
temporal_tabular_transformer_seed362559,prediction_temporal_tabular_er_train_score,train,1994-02-28,0.048708531834675106,7712
temporal_tabular_transformer_seed362559,prediction_temporal_tabular_er_train_score,train,1994-03-31,0.2068124581076749,7771
temporal_tabular_transformer_seed362559,prediction_temporal_tabular_er_train_score,train,1994-04-29,0.09947710797414477,7819
temporal_tabular_transformer_seed362559,prediction_temporal_tabular_er_train_score,train,1994-05-31,0.19377200290774763,7860
temporal_tabular_transformer_seed362559,prediction_temporal_tabular_er_train_score,train,1994-06-30,0.101237293102029,7919
temporal_tabular_transformer_seed362559,prediction_temporal_tabular_er_train_score,train,1994-07-29,0.08893245150902346,7942
temporal_tabular_transformer_seed362559,prediction_temporal_tabular_er_train_score,train,1994-08-31,0.02169517832478417,7966
temporal_tabular_transformer_seed362559,prediction_temporal_tabular_er_train_score,train,1994-09-30,0.1363144448295303,7965
temporal_tabular_transformer_seed362559,prediction_temporal_tabular_er_train_score,train,1994-10-31,0.05955847636306993,8013
temporal_tabular_transformer_seed362559,prediction_temporal_tabular_er_train_score,train,1994-11-30,0.20084294690764584,8028
temporal_tabular_transformer_seed362559,prediction_temporal_tabular_er_train_score,train,1994-12-30,-0.0751164299802286,8027
temporal_tabular_transformer_seed362559,prediction_temporal_tabular_er_train_score,train,1995-01-31,0.07124788155688858,8011
temporal_tabular_transformer_seed362559,prediction_temporal_tabular_er_train_score,train,1995-02-28,0.08453784200491647,8019
temporal_tabular_transformer_seed362559,prediction_temporal_tabular_er_train_score,train,1995-03-31,0.07884323801261242,8025
temporal_tabular_transformer_seed362559,prediction_temporal_tabular_er_train_score,train,1995-04-28,0.0633379279952031,8039
temporal_tabular_transformer_seed362559,prediction_temporal_tabular_er_train_score,train,1995-05-31,0.061857137472127094,8041
temporal_tabular_transformer_seed362559,prediction_temporal_tabular_er_train_score,train,1995-06-30,0.09339633938520232,8065
temporal_tabular_transformer_seed362559,prediction_temporal_tabular_er_train_score,train,1995-07-31,0.059269113180661644,8097
temporal_tabular_transformer_seed362559,prediction_temporal_tabular_er_train_score,train,1995-08-31,0.08863470380053497,8125
temporal_tabular_transformer_seed362559,prediction_temporal_tabular_er_train_score,train,1995-09-29,0.25599459295123717,8133
temporal_tabular_transformer_seed362559,prediction_temporal_tabular_er_train_score,train,1995-10-31,0.18399748680422728,8169
temporal_tabular_transformer_seed362559,prediction_temporal_tabular_er_train_score,train,1995-11-30,0.14827947495437427,8219
temporal_tabular_transformer_seed362559,prediction_temporal_tabular_er_train_score,train,1995-12-29,-0.09233412122129292,8276
temporal_tabular_transformer_seed362559,prediction_temporal_tabular_er_train_score,train,1996-01-31,0.04618620094436337,8268
temporal_tabular_transformer_seed362559,prediction_temporal_tabular_er_train_score,train,1996-02-29,0.08084291120145641,8299
temporal_tabular_transformer_seed362559,prediction_temporal_tabular_er_train_score,train,1996-03-29,-0.055697994193167996,8366
temporal_tabular_transformer_seed362559,prediction_temporal_tabular_er_train_score,train,1996-04-30,-0.07699165564079395,8407
temporal_tabular_transformer_seed362559,prediction_temporal_tabular_er_train_score,train,1996-05-31,0.24996123270851245,8495
temporal_tabular_transformer_seed362559,prediction_temporal_tabular_er_train_score,train,1996-06-28,0.3609770831551488,8559
temporal_tabular_transformer_seed362559,prediction_temporal_tabular_er_train_score,train,1996-07-31,0.05366255190129245,8595
temporal_tabular_transformer_seed362559,prediction_temporal_tabular_er_train_score,train,1996-08-30,0.1389036477867186,8642
temporal_tabular_transformer_seed362559,prediction_temporal_tabular_er_train_score,train,1996-09-30,0.3065271035678491,8657
temporal_tabular_transformer_seed362559,prediction_temporal_tabular_er_train_score,train,1996-10-31,0.2154072705850011,8737
temporal_tabular_transformer_seed362559,prediction_temporal_tabular_er_train_score,train,1996-11-29,0.22132686877244728,8804
temporal_tabular_transformer_seed362559,prediction_temporal_tabular_er_train_score,train,1996-12-31,-0.09220104452151115,8822
temporal_tabular_transformer_seed362559,prediction_temporal_tabular_er_train_score,train,1997-01-31,0.17022613757776126,8818
temporal_tabular_transformer_seed362559,prediction_temporal_tabular_er_train_score,train,1997-02-28,0.25140152952550454,8832
temporal_tabular_transformer_seed362559,prediction_temporal_tabular_er_train_score,train,1997-03-31,0.23074675681380186,8835
temporal_tabular_transformer_seed362559,prediction_temporal_tabular_er_train_score,train,1997-04-30,0.07214430372856721,8844
temporal_tabular_transformer_seed362559,prediction_temporal_tabular_er_train_score,train,1997-05-30,0.16347827660044145,8841
temporal_tabular_transformer_seed362559,prediction_temporal_tabular_er_train_score,train,1997-06-30,0.17050430090617655,8843
temporal_tabular_transformer_seed362559,prediction_temporal_tabular_er_train_score,train,1997-07-31,-0.0042179945319807816,8856
temporal_tabular_transformer_seed362559,prediction_temporal_tabular_er_train_score,train,1997-08-29,0.08332869367370327,8855
temporal_tabular_transformer_seed362559,prediction_temporal_tabular_er_train_score,train,1997-09-30,0.1063154561745672,8853
temporal_tabular_transformer_seed362559,prediction_temporal_tabular_er_train_score,train,1997-10-31,0.2886136002122352,8883
temporal_tabular_transformer_seed362559,prediction_temporal_tabular_er_train_score,train,1997-11-28,0.4136100584154181,8903
temporal_tabular_transformer_seed362559,prediction_temporal_tabular_er_train_score,train,1997-12-31,-0.1369561925055592,8873
temporal_tabular_transformer_seed362559,prediction_temporal_tabular_er_train_score,train,1998-01-30,0.10930415750365213,8855
temporal_tabular_transformer_seed362559,prediction_temporal_tabular_er_train_score,train,1998-02-27,0.12041921237946743,8847
temporal_tabular_transformer_seed362559,prediction_temporal_tabular_er_train_score,train,1998-03-31,0.055225626798126745,8830
temporal_tabular_transformer_seed362559,prediction_temporal_tabular_er_train_score,train,1998-04-30,0.167050973250548,8850
temporal_tabular_transformer_seed362559,prediction_temporal_tabular_er_train_score,train,1998-05-29,0.23828444427375084,8836
temporal_tabular_transformer_seed362559,prediction_temporal_tabular_er_train_score,train,1998-06-30,0.1081502222805692,8818
temporal_tabular_transformer_seed362559,prediction_temporal_tabular_er_train_score,train,1998-07-31,0.16332645602986276,8804
temporal_tabular_transformer_seed362559,prediction_temporal_tabular_er_train_score,train,1998-08-31,0.07460043607585753,8757
temporal_tabular_transformer_seed362559,prediction_temporal_tabular_er_train_score,train,1998-09-30,0.12109892029908399,8647
temporal_tabular_transformer_seed362559,prediction_temporal_tabular_er_train_score,train,1998-10-30,0.05326944577435699,8582
temporal_tabular_transformer_seed362559,prediction_temporal_tabular_er_train_score,train,1998-11-30,0.1160056440804363,8514
temporal_tabular_transformer_seed362559,prediction_temporal_tabular_er_train_score,train,1998-12-31,-0.04835757392994345,8489
temporal_tabular_transformer_seed362559,prediction_temporal_tabular_er_train_score,train,1999-01-29,-0.07685012652262725,8445
temporal_tabular_transformer_seed362559,prediction_temporal_tabular_er_train_score,train,1999-02-26,0.004205885098606293,8403
temporal_tabular_transformer_seed362559,prediction_temporal_tabular_er_train_score,train,1999-03-31,0.028608388742342384,8328
temporal_tabular_transformer_seed362559,prediction_temporal_tabular_er_train_score,train,1999-04-30,0.023021825312814596,8305
temporal_tabular_transformer_seed362559,prediction_temporal_tabular_er_train_score,train,1999-05-28,0.15018908727283575,8295
temporal_tabular_transformer_seed362559,prediction_temporal_tabular_er_train_score,train,1999-06-30,-0.005376672331672279,8281
temporal_tabular_transformer_seed362559,prediction_temporal_tabular_er_train_score,train,1999-07-30,0.010047649406256014,8272
temporal_tabular_transformer_seed362559,prediction_temporal_tabular_er_train_score,train,1999-08-31,0.03331432759457166,8237
temporal_tabular_transformer_seed362559,prediction_temporal_tabular_er_train_score,train,1999-09-30,0.027832703114187094,8226
temporal_tabular_transformer_seed362559,prediction_temporal_tabular_er_train_score,train,1999-10-29,0.02179492069022528,8228
temporal_tabular_transformer_seed362559,prediction_temporal_tabular_er_train_score,train,1999-11-30,-0.016249395578455037,8209
temporal_tabular_transformer_seed362559,prediction_temporal_tabular_er_train_score,train,1999-12-31,-0.18710338121946038,8193
temporal_tabular_transformer_seed362559,prediction_temporal_tabular_er_train_score,train,2000-01-31,0.02789971912986082,8154
temporal_tabular_transformer_seed362559,prediction_temporal_tabular_er_train_score,train,2000-02-29,0.24842450253950574,8155
temporal_tabular_transformer_seed362559,prediction_temporal_tabular_er_train_score,train,2000-03-31,0.4134485352184045,8148
temporal_tabular_transformer_seed362559,prediction_temporal_tabular_er_train_score,train,2000-04-28,0.35294888978915173,8166
temporal_tabular_transformer_seed362559,prediction_temporal_tabular_er_train_score,train,2000-05-31,-0.19334949891583011,8149
temporal_tabular_transformer_seed362559,prediction_temporal_tabular_er_train_score,train,2000-06-30,0.2823474472048151,8163
temporal_tabular_transformer_seed362559,prediction_temporal_tabular_er_train_score,train,2000-07-31,0.04254337696760176,8180
temporal_tabular_transformer_seed362559,prediction_temporal_tabular_er_train_score,train,2000-08-31,0.31513201635137605,8192
temporal_tabular_transformer_seed362559,prediction_temporal_tabular_er_train_score,train,2000-09-29,0.3789338999848181,8157
temporal_tabular_transformer_seed362559,prediction_temporal_tabular_er_train_score,train,2000-10-31,0.516973529238767,8107
temporal_tabular_transformer_seed362559,prediction_temporal_tabular_er_train_score,train,2000-11-30,0.3593813019536243,8036
temporal_tabular_transformer_seed362559,prediction_temporal_tabular_er_train_score,train,2000-12-29,-0.41586502136673614,7954
temporal_tabular_transformer_seed362559,prediction_temporal_tabular_er_train_score,train,2001-01-31,0.4921991637075902,7893
temporal_tabular_transformer_seed362559,prediction_temporal_tabular_er_train_score,train,2001-02-28,0.3641593455128044,7836
temporal_tabular_transformer_seed362559,prediction_temporal_tabular_er_train_score,train,2001-03-30,-0.013772708444344275,7763
temporal_tabular_transformer_seed362559,prediction_temporal_tabular_er_train_score,train,2001-04-30,0.027848508296901664,7679
temporal_tabular_transformer_seed362559,prediction_temporal_tabular_er_train_score,train,2001-05-31,0.12359351703013612,7628
temporal_tabular_transformer_seed362559,prediction_temporal_tabular_er_train_score,train,2001-06-29,0.29500729270401754,7575
temporal_tabular_transformer_seed362559,prediction_temporal_tabular_er_train_score,train,2001-07-31,0.27281496909080005,7517
temporal_tabular_transformer_seed362559,prediction_temporal_tabular_er_train_score,train,2001-08-31,0.3412719168227181,7461
temporal_tabular_transformer_seed362559,prediction_temporal_tabular_er_train_score,train,2001-09-28,-0.11248182730440137,7426
temporal_tabular_transformer_seed362559,prediction_temporal_tabular_er_train_score,train,2001-10-31,-0.10849381678432714,7375
temporal_tabular_transformer_seed362559,prediction_temporal_tabular_er_train_score,train,2001-11-30,0.014966340929681932,7341
temporal_tabular_transformer_seed362559,prediction_temporal_tabular_er_train_score,train,2001-12-31,0.11357385079583908,7300
temporal_tabular_transformer_seed362559,prediction_temporal_tabular_er_train_score,train,2002-01-31,0.38357343877484623,7261
temporal_tabular_transformer_seed362559,prediction_temporal_tabular_er_train_score,train,2002-02-28,0.01427045408674502,7225
temporal_tabular_transformer_seed362559,prediction_temporal_tabular_er_train_score,train,2002-03-28,0.34047711728676117,7168
temporal_tabular_transformer_seed362559,prediction_temporal_tabular_er_train_score,train,2002-04-30,0.21038535540066766,7139
temporal_tabular_transformer_seed362559,prediction_temporal_tabular_er_train_score,train,2002-05-31,0.3393876531090141,7119
temporal_tabular_transformer_seed362559,prediction_temporal_tabular_er_train_score,train,2002-06-28,0.1674757692996336,7084
temporal_tabular_transformer_seed362559,prediction_temporal_tabular_er_train_score,train,2002-07-31,0.12214742425235296,7030
temporal_tabular_transformer_seed362559,prediction_temporal_tabular_er_train_score,train,2002-08-30,0.3285380493727611,7002
temporal_tabular_transformer_seed362559,prediction_temporal_tabular_er_train_score,train,2002-09-30,-0.02248657460735125,6948
temporal_tabular_transformer_seed362559,prediction_temporal_tabular_er_train_score,train,2002-10-31,-0.1692459915312786,6931
temporal_tabular_transformer_seed362559,prediction_temporal_tabular_er_train_score,train,2002-11-29,-0.0011562972830050267,6927
temporal_tabular_transformer_seed362559,prediction_temporal_tabular_er_train_score,train,2002-12-31,-0.02305157132949022,6894
temporal_tabular_transformer_seed362559,prediction_temporal_tabular_er_train_score,train,2003-01-31,0.15018417869952735,6847
temporal_tabular_transformer_seed362559,prediction_temporal_tabular_er_train_score,train,2003-02-28,0.05404642555847567,6795
temporal_tabular_transformer_seed362559,prediction_temporal_tabular_er_train_score,train,2003-03-31,0.14616896721423628,6748
temporal_tabular_transformer_seed362559,prediction_temporal_tabular_er_train_score,train,2003-04-30,0.1181312570746571,6711
temporal_tabular_transformer_seed362559,prediction_temporal_tabular_er_train_score,train,2003-05-30,0.047770059058786306,6682
temporal_tabular_transformer_seed362559,prediction_temporal_tabular_er_train_score,train,2003-06-30,0.15278516618730456,6648
temporal_tabular_transformer_seed362559,prediction_temporal_tabular_er_train_score,train,2003-07-31,0.16344343611165357,6626
temporal_tabular_transformer_seed362559,prediction_temporal_tabular_er_train_score,train,2003-08-29,-0.12363684918086053,6612
temporal_tabular_transformer_seed362559,prediction_temporal_tabular_er_train_score,train,2003-09-30,0.2203333973684036,6607
temporal_tabular_transformer_seed362559,prediction_temporal_tabular_er_train_score,train,2003-10-31,0.07119430348042925,6596
temporal_tabular_transformer_seed362559,prediction_temporal_tabular_er_train_score,train,2003-11-28,-0.06619243235145739,6589
temporal_tabular_transformer_seed362559,prediction_temporal_tabular_er_train_score,train,2003-12-31,-0.09729890671914354,6592
temporal_tabular_transformer_seed362559,prediction_temporal_tabular_er_train_score,train,2004-01-30,0.12808226132819112,6599
temporal_tabular_transformer_seed362559,prediction_temporal_tabular_er_train_score,train,2004-02-27,0.050513713529331566,6599
temporal_tabular_transformer_seed362559,prediction_temporal_tabular_er_train_score,train,2004-03-31,0.10325303324963046,6605
temporal_tabular_transformer_seed362559,prediction_temporal_tabular_er_train_score,train,2004-04-30,0.11354352486345048,6593
temporal_tabular_transformer_seed362559,prediction_temporal_tabular_er_train_score,train,2004-05-28,0.20365160468677945,6594
temporal_tabular_transformer_seed362559,prediction_temporal_tabular_er_train_score,train,2004-06-30,0.16173187258853952,6592
temporal_tabular_transformer_seed362559,prediction_temporal_tabular_er_train_score,train,2004-07-30,-0.06128053503281791,6598
temporal_tabular_transformer_seed362559,prediction_temporal_tabular_er_train_score,train,2004-08-31,0.14712422785141116,6602
temporal_tabular_transformer_seed362559,prediction_temporal_tabular_er_train_score,train,2004-09-30,0.04793613649533386,6607
temporal_tabular_transformer_seed362559,prediction_temporal_tabular_er_train_score,train,2004-10-29,0.133863380934224,6620
temporal_tabular_transformer_seed362559,prediction_temporal_tabular_er_train_score,train,2004-11-30,0.022974625259010655,6615
temporal_tabular_transformer_seed362559,prediction_temporal_tabular_er_train_score,train,2004-12-31,0.13673080062162965,6633
temporal_tabular_transformer_seed362559,prediction_temporal_tabular_er_train_score,train,2005-01-31,0.2039028000458714,6623
temporal_tabular_transformer_seed362559,prediction_temporal_tabular_er_train_score,train,2005-02-28,0.1545596650003593,6637
temporal_tabular_transformer_seed362559,prediction_temporal_tabular_er_train_score,train,2005-03-31,-0.023944413677680246,6636
temporal_tabular_transformer_seed362559,prediction_temporal_tabular_er_train_score,train,2005-04-29,0.1126567155820313,6628
temporal_tabular_transformer_seed362559,prediction_temporal_tabular_er_train_score,train,2005-05-31,0.06198164754217838,6630
temporal_tabular_transformer_seed362559,prediction_temporal_tabular_er_train_score,train,2005-06-30,0.09075475669154566,6652
temporal_tabular_transformer_seed362559,prediction_temporal_tabular_er_train_score,train,2005-07-29,0.0623090005686767,6640
temporal_tabular_transformer_seed362559,prediction_temporal_tabular_er_train_score,train,2005-08-31,0.1023566120622379,6643
temporal_tabular_transformer_seed362559,prediction_temporal_tabular_er_train_score,train,2005-09-30,0.12422419724146765,6636
temporal_tabular_transformer_seed362559,prediction_temporal_tabular_er_train_score,train,2005-10-31,0.11040025867659746,6636
temporal_tabular_transformer_seed362559,prediction_temporal_tabular_er_train_score,train,2005-11-30,0.034652753045340844,6647
temporal_tabular_transformer_seed362559,prediction_temporal_tabular_er_train_score,train,2005-12-30,0.053239612450509656,6647
temporal_tabular_transformer_seed362559,prediction_temporal_tabular_er_train_score,train,2006-01-31,0.00611355459112603,6620
temporal_tabular_transformer_seed362559,prediction_temporal_tabular_er_train_score,train,2006-02-28,0.08251758496065321,6626
temporal_tabular_transformer_seed362559,prediction_temporal_tabular_er_train_score,train,2006-03-31,0.10911274796533378,6633
temporal_tabular_transformer_seed362559,prediction_temporal_tabular_er_train_score,train,2006-04-28,0.10266501480398464,6635
temporal_tabular_transformer_seed362559,prediction_temporal_tabular_er_train_score,train,2006-05-31,0.1722137245771716,6653
temporal_tabular_transformer_seed362559,prediction_temporal_tabular_er_train_score,train,2006-06-30,0.1768313764114092,6698
temporal_tabular_transformer_seed362559,prediction_temporal_tabular_er_train_score,train,2006-07-31,-0.011142129394812086,6704
temporal_tabular_transformer_seed362559,prediction_temporal_tabular_er_train_score,train,2006-08-31,0.07160305922521092,6698
temporal_tabular_transformer_seed362559,prediction_temporal_tabular_er_train_score,train,2006-09-29,0.09287975998102592,6722
temporal_tabular_transformer_seed362559,prediction_temporal_tabular_er_train_score,train,2006-10-31,0.06252246337710342,6735
temporal_tabular_transformer_seed362559,prediction_temporal_tabular_er_train_score,train,2006-11-30,0.07175504579951958,6748
temporal_tabular_transformer_seed362559,prediction_temporal_tabular_er_train_score,train,2006-12-29,0.04387641074627232,6739
temporal_tabular_transformer_seed362559,prediction_temporal_tabular_er_train_score,train,2007-01-31,-0.001972656619754838,6755
temporal_tabular_transformer_seed362559,prediction_temporal_tabular_er_train_score,train,2007-02-28,0.11807798549034104,6797
temporal_tabular_transformer_seed362559,prediction_temporal_tabular_er_train_score,train,2007-03-30,0.1098605608915995,6812
temporal_tabular_transformer_seed362559,prediction_temporal_tabular_er_train_score,train,2007-04-30,0.2146256410205231,6809
temporal_tabular_transformer_seed362559,prediction_temporal_tabular_er_train_score,train,2007-05-31,0.12490812200597537,6839
temporal_tabular_transformer_seed362559,prediction_temporal_tabular_er_train_score,train,2007-06-29,0.054201948684590974,6849
temporal_tabular_transformer_seed362559,prediction_temporal_tabular_er_train_score,train,2007-07-31,0.038783402266308,6854
temporal_tabular_transformer_seed362559,prediction_temporal_tabular_er_train_score,train,2007-08-31,0.10223513577472691,6853
temporal_tabular_transformer_seed362559,prediction_temporal_tabular_er_train_score,train,2007-09-28,0.18778917570482848,6844
temporal_tabular_transformer_seed362559,prediction_temporal_tabular_er_train_score,train,2007-10-31,0.20901720692349093,6856
temporal_tabular_transformer_seed362559,prediction_temporal_tabular_er_train_score,train,2007-11-30,0.12694039330103374,6884
temporal_tabular_transformer_seed362559,prediction_temporal_tabular_er_train_score,train,2007-12-31,-0.049833184005050886,6912
temporal_tabular_transformer_seed362559,prediction_temporal_tabular_er_train_score,train,2008-01-31,0.12427746730031795,6906
temporal_tabular_transformer_seed362559,prediction_temporal_tabular_er_train_score,train,2008-02-29,0.19645955883438615,6879
temporal_tabular_transformer_seed362559,prediction_temporal_tabular_er_train_score,train,2008-03-31,0.09753005306791052,6867
temporal_tabular_transformer_seed362559,prediction_temporal_tabular_er_train_score,train,2008-04-30,0.11049210453765425,6840
temporal_tabular_transformer_seed362559,prediction_temporal_tabular_er_train_score,train,2008-05-30,0.07538443476366978,6848
temporal_tabular_transformer_seed362559,prediction_temporal_tabular_er_train_score,train,2008-06-30,-0.005114375860432251,6830
temporal_tabular_transformer_seed362559,prediction_temporal_tabular_er_train_score,train,2008-07-31,0.03785430351468051,6827
temporal_tabular_transformer_seed362559,prediction_temporal_tabular_er_train_score,train,2008-08-29,0.0943130003378111,6785
temporal_tabular_transformer_seed362559,prediction_temporal_tabular_er_train_score,train,2008-09-30,-0.24211976353503914,6764
temporal_tabular_transformer_seed362559,prediction_temporal_tabular_er_train_score,train,2008-10-31,-0.07485522705792891,6719
temporal_tabular_transformer_seed362559,prediction_temporal_tabular_er_train_score,train,2008-11-28,0.007912358663417718,6709
temporal_tabular_transformer_seed362559,prediction_temporal_tabular_er_train_score,train,2008-12-31,-0.06647446756607897,6679
temporal_tabular_transformer_seed362559,prediction_temporal_tabular_er_train_score,train,2009-01-30,-0.13138210611366516,6650
temporal_tabular_transformer_seed362559,prediction_temporal_tabular_er_train_score,train,2009-02-27,0.16941756472171693,6606
temporal_tabular_transformer_seed362559,prediction_temporal_tabular_er_train_score,train,2009-03-31,0.3409633447204363,6554
temporal_tabular_transformer_seed362559,prediction_temporal_tabular_er_train_score,train,2009-04-30,0.12254516678112667,6538
temporal_tabular_transformer_seed362559,prediction_temporal_tabular_er_train_score,train,2009-05-29,-0.01499709185202885,6494
temporal_tabular_transformer_seed362559,prediction_temporal_tabular_er_train_score,train,2009-06-30,0.19196348469384653,6485
temporal_tabular_transformer_seed362559,prediction_temporal_tabular_er_train_score,train,2009-07-31,0.06775611769280203,6465
temporal_tabular_transformer_seed362559,prediction_temporal_tabular_er_train_score,train,2009-08-31,0.16583980089216843,6457
temporal_tabular_transformer_seed362559,prediction_temporal_tabular_er_train_score,train,2009-09-30,-0.15733061136052173,6453
temporal_tabular_transformer_seed362559,prediction_temporal_tabular_er_train_score,train,2009-10-30,0.0480163968526324,6452
temporal_tabular_transformer_seed362559,prediction_temporal_tabular_er_train_score,train,2009-11-30,0.14155703005889195,6462
temporal_tabular_transformer_seed362559,prediction_temporal_tabular_er_train_score,train,2009-12-31,-0.14457627872373724,6465
temporal_tabular_transformer_seed362559,prediction_temporal_tabular_er_train_score,train,2010-01-29,0.19774383101264753,6467
temporal_tabular_transformer_seed362559,prediction_temporal_tabular_er_train_score,train,2010-02-26,0.17324775323894773,6468
temporal_tabular_transformer_seed362559,prediction_temporal_tabular_er_train_score,train,2010-03-31,0.16600091396073485,6468
temporal_tabular_transformer_seed362559,prediction_temporal_tabular_er_train_score,train,2010-04-30,-0.13835868987754718,6492
temporal_tabular_transformer_seed362559,prediction_temporal_tabular_er_train_score,train,2010-05-28,-0.19332121069205052,6469
temporal_tabular_transformer_seed362559,prediction_temporal_tabular_er_train_score,train,2010-06-30,0.19166947891098457,6486
temporal_tabular_transformer_seed362559,prediction_temporal_tabular_er_train_score,train,2010-07-30,-0.21264707840578204,6501
temporal_tabular_transformer_seed362559,prediction_temporal_tabular_er_train_score,train,2010-08-31,0.3038295181805353,6501
temporal_tabular_transformer_seed362559,prediction_temporal_tabular_er_train_score,train,2010-09-30,0.13936175860219358,6500
temporal_tabular_transformer_seed362559,prediction_temporal_tabular_er_train_score,train,2010-10-29,0.18527814658522845,6498
temporal_tabular_transformer_seed362559,prediction_temporal_tabular_er_train_score,train,2010-11-30,0.15950585230013203,6504
temporal_tabular_transformer_seed362559,prediction_temporal_tabular_classifier_score,validation,2010-12-31,0.04408199449541069,6508
temporal_tabular_transformer_seed362559,prediction_temporal_tabular_classifier_score,validation,2011-01-31,0.13296610246102847,6534
temporal_tabular_transformer_seed362559,prediction_temporal_tabular_classifier_score,validation,2011-02-28,0.16853274835519932,6533
temporal_tabular_transformer_seed362559,prediction_temporal_tabular_classifier_score,validation,2011-03-31,0.16948961400591775,6542
temporal_tabular_transformer_seed362559,prediction_temporal_tabular_classifier_score,validation,2011-04-29,0.07470933132277506,6561
temporal_tabular_transformer_seed362559,prediction_temporal_tabular_classifier_score,validation,2011-05-31,0.13305009410729043,6593
temporal_tabular_transformer_seed362559,prediction_temporal_tabular_classifier_score,validation,2011-06-30,-0.0689526778905717,6612
temporal_tabular_transformer_seed362559,prediction_temporal_tabular_classifier_score,validation,2011-07-29,0.14762690127017325,6621
temporal_tabular_transformer_seed362559,prediction_temporal_tabular_classifier_score,validation,2011-08-31,0.11988406441901676,6621
temporal_tabular_transformer_seed362559,prediction_temporal_tabular_classifier_score,validation,2011-09-30,0.15154700909052488,6627
temporal_tabular_transformer_seed362559,prediction_temporal_tabular_classifier_score,validation,2011-10-31,0.09175577611556049,6612
temporal_tabular_transformer_seed362559,prediction_temporal_tabular_classifier_score,validation,2011-11-30,0.12150180023177169,6610
temporal_tabular_transformer_seed362559,prediction_temporal_tabular_classifier_score,validation,2011-12-30,0.00365653963995748,6604
temporal_tabular_transformer_seed362559,prediction_temporal_tabular_classifier_score,validation,2012-01-31,0.029731335914393926,6625
temporal_tabular_transformer_seed362559,prediction_temporal_tabular_classifier_score,validation,2012-02-29,0.06316689605540365,6651
temporal_tabular_transformer_seed362559,prediction_temporal_tabular_classifier_score,validation,2012-03-30,0.01830550570048681,6663
temporal_tabular_transformer_seed362559,prediction_temporal_tabular_classifier_score,validation,2012-04-30,-0.22456253019278033,6681
temporal_tabular_transformer_seed362559,prediction_temporal_tabular_classifier_score,validation,2012-05-31,0.08014618822856115,6689
temporal_tabular_transformer_seed362559,prediction_temporal_tabular_classifier_score,validation,2012-06-29,0.14468850247009019,6667
temporal_tabular_transformer_seed362559,prediction_temporal_tabular_classifier_score,validation,2012-07-31,0.11464811557491984,6669
temporal_tabular_transformer_seed362559,prediction_temporal_tabular_classifier_score,validation,2012-08-31,0.038191357649106784,6638
temporal_tabular_transformer_seed362559,prediction_temporal_tabular_classifier_score,validation,2012-09-28,0.13729285786896556,6610
temporal_tabular_transformer_seed362559,prediction_temporal_tabular_classifier_score,validation,2012-10-31,0.14720285606100594,6592
temporal_tabular_transformer_seed362559,prediction_temporal_tabular_classifier_score,validation,2012-11-30,0.04752316618305563,6587
temporal_tabular_transformer_seed362559,prediction_temporal_tabular_classifier_score,validation,2012-12-31,0.06998415146002984,6581
temporal_tabular_transformer_seed362559,prediction_temporal_tabular_classifier_score,validation,2013-01-31,0.11104621892569075,6571
temporal_tabular_transformer_seed362559,prediction_temporal_tabular_classifier_score,validation,2013-02-28,0.12025976951765262,6574
temporal_tabular_transformer_seed362559,prediction_temporal_tabular_classifier_score,validation,2013-03-28,0.08457433717632055,6551
temporal_tabular_transformer_seed362559,prediction_temporal_tabular_classifier_score,validation,2013-04-30,0.0432611185602993,6563
temporal_tabular_transformer_seed362559,prediction_temporal_tabular_classifier_score,validation,2013-05-31,0.05916129132100913,6583
temporal_tabular_transformer_seed362559,prediction_temporal_tabular_classifier_score,validation,2013-06-28,0.11655615367100364,6602
temporal_tabular_transformer_seed362559,prediction_temporal_tabular_classifier_score,validation,2013-07-31,-0.07948960546730721,6626
temporal_tabular_transformer_seed362559,prediction_temporal_tabular_classifier_score,validation,2013-08-30,0.0991121527286731,6645
temporal_tabular_transformer_seed362559,prediction_temporal_tabular_classifier_score,validation,2013-09-30,0.20468329171953106,6657
temporal_tabular_transformer_seed362559,prediction_temporal_tabular_classifier_score,validation,2013-10-31,0.1304545658648857,6688
temporal_tabular_transformer_seed362559,prediction_temporal_tabular_classifier_score,validation,2013-11-29,0.06003916334867229,6714
temporal_tabular_transformer_seed362559,prediction_temporal_tabular_classifier_score,validation,2013-12-31,-0.2441138839960041,6716
temporal_tabular_transformer_seed362559,prediction_temporal_tabular_classifier_score,validation,2014-01-31,0.039332816369296385,6746
temporal_tabular_transformer_seed362559,prediction_temporal_tabular_classifier_score,validation,2014-02-28,0.16356069344614843,6767
temporal_tabular_transformer_seed362559,prediction_temporal_tabular_classifier_score,validation,2014-03-31,0.23026621099074046,6793
temporal_tabular_transformer_seed362559,prediction_temporal_tabular_classifier_score,validation,2014-04-30,0.16739843775963434,6815
temporal_tabular_transformer_seed362559,prediction_temporal_tabular_classifier_score,validation,2014-05-30,-0.04509249191103067,6849
temporal_tabular_transformer_seed362559,prediction_temporal_tabular_classifier_score,validation,2014-06-30,0.1118291328528916,6886
temporal_tabular_transformer_seed362559,prediction_temporal_tabular_classifier_score,validation,2014-07-31,0.14688866341054246,6922
temporal_tabular_transformer_seed362559,prediction_temporal_tabular_classifier_score,validation,2014-08-29,0.11670983218459145,6946
temporal_tabular_transformer_seed362559,prediction_temporal_tabular_classifier_score,validation,2014-09-30,0.22221017401963547,6951
temporal_tabular_transformer_seed362559,prediction_temporal_tabular_classifier_score,validation,2014-10-31,0.18896012361515901,6977
temporal_tabular_transformer_seed362559,prediction_temporal_tabular_classifier_score,validation,2014-11-28,0.1544512323827506,7001
temporal_tabular_transformer_seed362559,prediction_temporal_tabular_classifier_score,validation,2014-12-31,0.07585755779104428,6993
temporal_tabular_transformer_seed362559,prediction_temporal_tabular_classifier_score,validation,2015-01-30,-0.044005988506221956,6981
temporal_tabular_transformer_seed362559,prediction_temporal_tabular_classifier_score,validation,2015-02-27,0.205586895795802,6995
temporal_tabular_transformer_seed362559,prediction_temporal_tabular_classifier_score,validation,2015-03-31,-0.12227004737049652,7000
temporal_tabular_transformer_seed362559,prediction_temporal_tabular_classifier_score,validation,2015-04-30,0.10949134569183165,7028
temporal_tabular_transformer_seed362559,prediction_temporal_tabular_classifier_score,validation,2015-05-29,0.09112854346240176,7048
temporal_tabular_transformer_seed362559,prediction_temporal_tabular_classifier_score,validation,2015-06-30,0.2873369754565879,7085
temporal_tabular_transformer_seed362559,prediction_temporal_tabular_classifier_score,validation,2015-07-31,0.05742662581072357,7140
temporal_tabular_transformer_seed362559,prediction_temporal_tabular_classifier_score,validation,2015-08-31,0.26652334893622726,7146
temporal_tabular_transformer_seed362559,prediction_temporal_tabular_classifier_score,validation,2015-09-30,0.013464075843663431,7146
temporal_tabular_transformer_seed362559,prediction_temporal_tabular_classifier_score,validation,2015-10-30,0.0945406467509226,7151
temporal_tabular_transformer_seed362559,prediction_temporal_tabular_classifier_score,validation,2015-11-30,0.1178409917891637,7177
temporal_tabular_transformer_seed362559,prediction_temporal_tabular_er_train_score,validation,2010-12-31,0.019970266860293254,6508
temporal_tabular_transformer_seed362559,prediction_temporal_tabular_er_train_score,validation,2011-01-31,0.15907711782460737,6534
temporal_tabular_transformer_seed362559,prediction_temporal_tabular_er_train_score,validation,2011-02-28,0.15822498453624864,6533
temporal_tabular_transformer_seed362559,prediction_temporal_tabular_er_train_score,validation,2011-03-31,0.10007715290457388,6542
temporal_tabular_transformer_seed362559,prediction_temporal_tabular_er_train_score,validation,2011-04-29,-0.07042865899854546,6561
temporal_tabular_transformer_seed362559,prediction_temporal_tabular_er_train_score,validation,2011-05-31,-0.02243657893246268,6593
temporal_tabular_transformer_seed362559,prediction_temporal_tabular_er_train_score,validation,2011-06-30,-0.09973977212484836,6612
temporal_tabular_transformer_seed362559,prediction_temporal_tabular_er_train_score,validation,2011-07-29,-0.10176081714792187,6621
temporal_tabular_transformer_seed362559,prediction_temporal_tabular_er_train_score,validation,2011-08-31,-0.049210840985962276,6621
temporal_tabular_transformer_seed362559,prediction_temporal_tabular_er_train_score,validation,2011-09-30,0.26977765299090345,6627
temporal_tabular_transformer_seed362559,prediction_temporal_tabular_er_train_score,validation,2011-10-31,-0.1217851195332637,6612
temporal_tabular_transformer_seed362559,prediction_temporal_tabular_er_train_score,validation,2011-11-30,-0.045761362645047106,6610
temporal_tabular_transformer_seed362559,prediction_temporal_tabular_er_train_score,validation,2011-12-30,0.22115162331530813,6604
temporal_tabular_transformer_seed362559,prediction_temporal_tabular_er_train_score,validation,2012-01-31,0.052825229090895764,6625
temporal_tabular_transformer_seed362559,prediction_temporal_tabular_er_train_score,validation,2012-02-29,0.043895418364403437,6651
temporal_tabular_transformer_seed362559,prediction_temporal_tabular_er_train_score,validation,2012-03-30,-0.1490300785550661,6663
temporal_tabular_transformer_seed362559,prediction_temporal_tabular_er_train_score,validation,2012-04-30,-0.3328150307097932,6681
temporal_tabular_transformer_seed362559,prediction_temporal_tabular_er_train_score,validation,2012-05-31,0.03255148504248179,6689
temporal_tabular_transformer_seed362559,prediction_temporal_tabular_er_train_score,validation,2012-06-29,-0.13476273833413532,6667
temporal_tabular_transformer_seed362559,prediction_temporal_tabular_er_train_score,validation,2012-07-31,0.10917518344345827,6669
temporal_tabular_transformer_seed362559,prediction_temporal_tabular_er_train_score,validation,2012-08-31,0.08520548083519615,6638
temporal_tabular_transformer_seed362559,prediction_temporal_tabular_er_train_score,validation,2012-09-28,-0.033885461946691675,6610
temporal_tabular_transformer_seed362559,prediction_temporal_tabular_er_train_score,validation,2012-10-31,0.10845904838709543,6592
temporal_tabular_transformer_seed362559,prediction_temporal_tabular_er_train_score,validation,2012-11-30,0.12428895517348712,6587
temporal_tabular_transformer_seed362559,prediction_temporal_tabular_er_train_score,validation,2012-12-31,0.15362469032112178,6581
temporal_tabular_transformer_seed362559,prediction_temporal_tabular_er_train_score,validation,2013-01-31,0.06384188568835564,6571
temporal_tabular_transformer_seed362559,prediction_temporal_tabular_er_train_score,validation,2013-02-28,0.13650766607775575,6574
temporal_tabular_transformer_seed362559,prediction_temporal_tabular_er_train_score,validation,2013-03-28,-0.04320546707170136,6551
temporal_tabular_transformer_seed362559,prediction_temporal_tabular_er_train_score,validation,2013-04-30,0.229110291527646,6563
temporal_tabular_transformer_seed362559,prediction_temporal_tabular_er_train_score,validation,2013-05-31,0.0816242393602678,6583
temporal_tabular_transformer_seed362559,prediction_temporal_tabular_er_train_score,validation,2013-06-28,0.20178925657909552,6602
temporal_tabular_transformer_seed362559,prediction_temporal_tabular_er_train_score,validation,2013-07-31,-0.06380742740245647,6626
temporal_tabular_transformer_seed362559,prediction_temporal_tabular_er_train_score,validation,2013-08-30,0.14856773578311402,6645
temporal_tabular_transformer_seed362559,prediction_temporal_tabular_er_train_score,validation,2013-09-30,0.1819349629271018,6657
temporal_tabular_transformer_seed362559,prediction_temporal_tabular_er_train_score,validation,2013-10-31,0.17343528824361074,6688
temporal_tabular_transformer_seed362559,prediction_temporal_tabular_er_train_score,validation,2013-11-29,0.07096380053138109,6714
temporal_tabular_transformer_seed362559,prediction_temporal_tabular_er_train_score,validation,2013-12-31,-0.25951210357858645,6716
temporal_tabular_transformer_seed362559,prediction_temporal_tabular_er_train_score,validation,2014-01-31,0.048619791822764796,6746
temporal_tabular_transformer_seed362559,prediction_temporal_tabular_er_train_score,validation,2014-02-28,0.15023146493624506,6767
temporal_tabular_transformer_seed362559,prediction_temporal_tabular_er_train_score,validation,2014-03-31,0.12383913696520787,6793
temporal_tabular_transformer_seed362559,prediction_temporal_tabular_er_train_score,validation,2014-04-30,0.14428575464329707,6815
temporal_tabular_transformer_seed362559,prediction_temporal_tabular_er_train_score,validation,2014-05-30,0.008152298891497798,6849
temporal_tabular_transformer_seed362559,prediction_temporal_tabular_er_train_score,validation,2014-06-30,0.015322047156746139,6886
temporal_tabular_transformer_seed362559,prediction_temporal_tabular_er_train_score,validation,2014-07-31,0.1830280320667083,6922
temporal_tabular_transformer_seed362559,prediction_temporal_tabular_er_train_score,validation,2014-08-29,0.013485405504800475,6946
temporal_tabular_transformer_seed362559,prediction_temporal_tabular_er_train_score,validation,2014-09-30,0.24250077178759505,6951
temporal_tabular_transformer_seed362559,prediction_temporal_tabular_er_train_score,validation,2014-10-31,0.11784148978713185,6977
temporal_tabular_transformer_seed362559,prediction_temporal_tabular_er_train_score,validation,2014-11-28,0.18416274322974177,7001
temporal_tabular_transformer_seed362559,prediction_temporal_tabular_er_train_score,validation,2014-12-31,-0.04929903985929749,6993
temporal_tabular_transformer_seed362559,prediction_temporal_tabular_er_train_score,validation,2015-01-30,0.03513003512272302,6981
temporal_tabular_transformer_seed362559,prediction_temporal_tabular_er_train_score,validation,2015-02-27,0.2019737627872524,6995
temporal_tabular_transformer_seed362559,prediction_temporal_tabular_er_train_score,validation,2015-03-31,-0.13939875994282455,7000
temporal_tabular_transformer_seed362559,prediction_temporal_tabular_er_train_score,validation,2015-04-30,0.11629702900582768,7028
temporal_tabular_transformer_seed362559,prediction_temporal_tabular_er_train_score,validation,2015-05-29,0.12060882477216,7048
temporal_tabular_transformer_seed362559,prediction_temporal_tabular_er_train_score,validation,2015-06-30,0.15838062509148104,7085
temporal_tabular_transformer_seed362559,prediction_temporal_tabular_er_train_score,validation,2015-07-31,0.000766976641894973,7140
temporal_tabular_transformer_seed362559,prediction_temporal_tabular_er_train_score,validation,2015-08-31,0.11474588803567626,7146
temporal_tabular_transformer_seed362559,prediction_temporal_tabular_er_train_score,validation,2015-09-30,0.04936940544014123,7146
temporal_tabular_transformer_seed362559,prediction_temporal_tabular_er_train_score,validation,2015-10-30,0.0875644987488624,7151
temporal_tabular_transformer_seed362559,prediction_temporal_tabular_er_train_score,validation,2015-11-30,-0.1161914450555342,7177
temporal_tabular_transformer_seed362559,prediction_temporal_tabular_classifier_score,test,2015-12-31,0.27194681673330645,7175
temporal_tabular_transformer_seed362559,prediction_temporal_tabular_classifier_score,test,2016-01-29,0.047940398081266294,7146
temporal_tabular_transformer_seed362559,prediction_temporal_tabular_classifier_score,test,2016-02-29,-0.06566309943434434,7134
temporal_tabular_transformer_seed362559,prediction_temporal_tabular_classifier_score,test,2016-03-31,-0.1691371356858954,7115
temporal_tabular_transformer_seed362559,prediction_temporal_tabular_classifier_score,test,2016-04-29,0.11215122717268537,7106
temporal_tabular_transformer_seed362559,prediction_temporal_tabular_classifier_score,test,2016-05-31,0.12139622388663641,7115
temporal_tabular_transformer_seed362559,prediction_temporal_tabular_classifier_score,test,2016-06-30,0.00683563411464934,7119
temporal_tabular_transformer_seed362559,prediction_temporal_tabular_classifier_score,test,2016-07-29,-0.012179313738126382,7119
temporal_tabular_transformer_seed362559,prediction_temporal_tabular_classifier_score,test,2016-08-31,0.021807697267049304,7082
temporal_tabular_transformer_seed362559,prediction_temporal_tabular_classifier_score,test,2016-09-30,0.16169420869618556,7090
temporal_tabular_transformer_seed362559,prediction_temporal_tabular_classifier_score,test,2016-10-31,0.05774387406831639,7107
temporal_tabular_transformer_seed362559,prediction_temporal_tabular_classifier_score,test,2016-11-30,0.165735413595039,7096
temporal_tabular_transformer_seed362559,prediction_temporal_tabular_classifier_score,test,2016-12-30,-0.027541278520295642,7108
temporal_tabular_transformer_seed362559,prediction_temporal_tabular_classifier_score,test,2017-01-31,0.11405514455978587,7126
temporal_tabular_transformer_seed362559,prediction_temporal_tabular_classifier_score,test,2017-02-28,0.07092504542938025,7109
temporal_tabular_transformer_seed362559,prediction_temporal_tabular_classifier_score,test,2017-03-31,0.1995009172638911,7110
temporal_tabular_transformer_seed362559,prediction_temporal_tabular_classifier_score,test,2017-04-28,0.18919281317938827,7129
temporal_tabular_transformer_seed362559,prediction_temporal_tabular_classifier_score,test,2017-05-31,0.023609558214203307,7144
temporal_tabular_transformer_seed362559,prediction_temporal_tabular_classifier_score,test,2017-06-30,0.1736045683264155,7146
temporal_tabular_transformer_seed362559,prediction_temporal_tabular_classifier_score,test,2017-07-31,0.10393903959339888,7157
temporal_tabular_transformer_seed362559,prediction_temporal_tabular_classifier_score,test,2017-08-31,-0.024716512654078784,7132
temporal_tabular_transformer_seed362559,prediction_temporal_tabular_classifier_score,test,2017-09-29,0.25586701158895103,7116
temporal_tabular_transformer_seed362559,prediction_temporal_tabular_classifier_score,test,2017-10-31,0.07998835602633099,7152
temporal_tabular_transformer_seed362559,prediction_temporal_tabular_classifier_score,test,2017-11-30,0.0092841646919184,7206
temporal_tabular_transformer_seed362559,prediction_temporal_tabular_classifier_score,test,2017-12-29,0.12031100388867173,7205
temporal_tabular_transformer_seed362559,prediction_temporal_tabular_classifier_score,test,2018-01-31,-0.006907666354054026,7242
temporal_tabular_transformer_seed362559,prediction_temporal_tabular_classifier_score,test,2018-02-28,0.03596692704267202,7264
temporal_tabular_transformer_seed362559,prediction_temporal_tabular_classifier_score,test,2018-03-29,-0.010475863714655812,7211
temporal_tabular_transformer_seed362559,prediction_temporal_tabular_classifier_score,test,2018-04-30,-0.023827341050186305,7258
temporal_tabular_transformer_seed362559,prediction_temporal_tabular_classifier_score,test,2018-05-31,0.04725835068400533,7270
temporal_tabular_transformer_seed362559,prediction_temporal_tabular_classifier_score,test,2018-06-29,0.19990896415026715,7322
temporal_tabular_transformer_seed362559,prediction_temporal_tabular_classifier_score,test,2018-07-31,0.06810857398764267,7355
temporal_tabular_transformer_seed362559,prediction_temporal_tabular_classifier_score,test,2018-08-31,0.06620562380567614,7344
temporal_tabular_transformer_seed362559,prediction_temporal_tabular_classifier_score,test,2018-09-28,0.14066795668910773,7373
temporal_tabular_transformer_seed362559,prediction_temporal_tabular_classifier_score,test,2018-10-31,0.18068018514612946,7413
temporal_tabular_transformer_seed362559,prediction_temporal_tabular_classifier_score,test,2018-11-30,0.22077759290658205,7412
temporal_tabular_transformer_seed362559,prediction_temporal_tabular_classifier_score,test,2018-12-31,-0.16466120896181646,7407
temporal_tabular_transformer_seed362559,prediction_temporal_tabular_classifier_score,test,2019-01-31,-0.028961354317586233,7408
temporal_tabular_transformer_seed362559,prediction_temporal_tabular_classifier_score,test,2019-02-28,0.10809794722840382,7390
temporal_tabular_transformer_seed362559,prediction_temporal_tabular_classifier_score,test,2019-03-29,0.18093171477759082,7390
temporal_tabular_transformer_seed362559,prediction_temporal_tabular_classifier_score,test,2019-04-30,0.1397736456005739,7396
temporal_tabular_transformer_seed362559,prediction_temporal_tabular_classifier_score,test,2019-05-31,0.18952663509520234,7458
temporal_tabular_transformer_seed362559,prediction_temporal_tabular_classifier_score,test,2019-06-28,0.18449847779899714,7471
temporal_tabular_transformer_seed362559,prediction_temporal_tabular_classifier_score,test,2019-07-31,0.061564798447094005,7494
temporal_tabular_transformer_seed362559,prediction_temporal_tabular_classifier_score,test,2019-08-30,0.13857203280714123,7486
temporal_tabular_transformer_seed362559,prediction_temporal_tabular_classifier_score,test,2019-09-30,0.15047832812199474,7500
temporal_tabular_transformer_seed362559,prediction_temporal_tabular_classifier_score,test,2019-10-31,0.09698346077482839,7504
temporal_tabular_transformer_seed362559,prediction_temporal_tabular_classifier_score,test,2019-11-29,0.04171728844582859,7501
temporal_tabular_transformer_seed362559,prediction_temporal_tabular_classifier_score,test,2019-12-31,-0.055708499605919407,7500
temporal_tabular_transformer_seed362559,prediction_temporal_tabular_classifier_score,test,2020-01-31,-0.06837452546030315,7506
temporal_tabular_transformer_seed362559,prediction_temporal_tabular_classifier_score,test,2020-02-28,0.09194275518993207,7506
temporal_tabular_transformer_seed362559,prediction_temporal_tabular_classifier_score,test,2020-03-31,0.04447647649819638,7475
temporal_tabular_transformer_seed362559,prediction_temporal_tabular_classifier_score,test,2020-04-30,0.0146847656217954,7480
temporal_tabular_transformer_seed362559,prediction_temporal_tabular_classifier_score,test,2020-05-29,-0.01338530728413528,7473
temporal_tabular_transformer_seed362559,prediction_temporal_tabular_classifier_score,test,2020-06-30,0.1759908961570433,7519
temporal_tabular_transformer_seed362559,prediction_temporal_tabular_classifier_score,test,2020-07-31,0.16636551312020673,7547
temporal_tabular_transformer_seed362559,prediction_temporal_tabular_classifier_score,test,2020-08-31,0.033973491795220155,7574
temporal_tabular_transformer_seed362559,prediction_temporal_tabular_classifier_score,test,2020-09-30,0.09189930075346671,7628
temporal_tabular_transformer_seed362559,prediction_temporal_tabular_classifier_score,test,2020-10-30,-0.15010068723786324,7701
temporal_tabular_transformer_seed362559,prediction_temporal_tabular_classifier_score,test,2020-11-30,0.0390786827195622,7773
temporal_tabular_transformer_seed362559,prediction_temporal_tabular_classifier_score,test,2020-12-31,-0.2291336011882043,7875
temporal_tabular_transformer_seed362559,prediction_temporal_tabular_classifier_score,test,2021-01-29,0.06080671823659005,7964
temporal_tabular_transformer_seed362559,prediction_temporal_tabular_classifier_score,test,2021-02-26,0.3008423757295073,8055
temporal_tabular_transformer_seed362559,prediction_temporal_tabular_classifier_score,test,2021-03-31,0.29460908971573335,8212
temporal_tabular_transformer_seed362559,prediction_temporal_tabular_classifier_score,test,2021-04-30,0.25058529610128233,8360
temporal_tabular_transformer_seed362559,prediction_temporal_tabular_classifier_score,test,2021-05-28,-0.16194323389167792,8479
temporal_tabular_transformer_seed362559,prediction_temporal_tabular_classifier_score,test,2021-06-30,0.3575790159852661,8587
temporal_tabular_transformer_seed362559,prediction_temporal_tabular_classifier_score,test,2021-07-30,0.12754046800851304,8722
temporal_tabular_transformer_seed362559,prediction_temporal_tabular_classifier_score,test,2021-08-31,0.11526511478800548,8776
temporal_tabular_transformer_seed362559,prediction_temporal_tabular_classifier_score,test,2021-09-30,0.27942126375593823,8872
temporal_tabular_transformer_seed362559,prediction_temporal_tabular_classifier_score,test,2021-10-29,0.2847599666071904,8968
temporal_tabular_transformer_seed362559,prediction_temporal_tabular_classifier_score,test,2021-11-30,0.4449715261296696,9068
temporal_tabular_transformer_seed362559,prediction_temporal_tabular_classifier_score,test,2021-12-31,0.25784881860871944,9189
temporal_tabular_transformer_seed362559,prediction_temporal_tabular_classifier_score,test,2022-01-31,0.10670760920244017,9272
temporal_tabular_transformer_seed362559,prediction_temporal_tabular_classifier_score,test,2022-02-28,0.06583481735047549,9347
temporal_tabular_transformer_seed362559,prediction_temporal_tabular_classifier_score,test,2022-03-31,0.3432306797304463,9382
temporal_tabular_transformer_seed362559,prediction_temporal_tabular_classifier_score,test,2022-04-29,0.2519872252971466,9421
temporal_tabular_transformer_seed362559,prediction_temporal_tabular_classifier_score,test,2022-05-31,-0.005822936461140429,9432
temporal_tabular_transformer_seed362559,prediction_temporal_tabular_classifier_score,test,2022-06-30,0.10531284658748609,9457
temporal_tabular_transformer_seed362559,prediction_temporal_tabular_classifier_score,test,2022-07-29,-0.053223660019553955,9458
temporal_tabular_transformer_seed362559,prediction_temporal_tabular_classifier_score,test,2022-08-31,0.14022023614200824,9469
temporal_tabular_transformer_seed362559,prediction_temporal_tabular_classifier_score,test,2022-09-30,0.3284449254246622,9495
temporal_tabular_transformer_seed362559,prediction_temporal_tabular_classifier_score,test,2022-10-31,0.24793218173471226,9483
temporal_tabular_transformer_seed362559,prediction_temporal_tabular_classifier_score,test,2022-11-30,0.05738704177339187,9465
temporal_tabular_transformer_seed362559,prediction_temporal_tabular_classifier_score,test,2022-12-30,-0.1597703870593978,9402
temporal_tabular_transformer_seed362559,prediction_temporal_tabular_classifier_score,test,2023-01-31,0.13962397291604828,9376
temporal_tabular_transformer_seed362559,prediction_temporal_tabular_classifier_score,test,2023-02-28,0.22147393126510137,9352
temporal_tabular_transformer_seed362559,prediction_temporal_tabular_classifier_score,test,2023-03-31,0.07930376510611303,9324
temporal_tabular_transformer_seed362559,prediction_temporal_tabular_classifier_score,test,2023-04-28,-0.011764305505795504,9298
temporal_tabular_transformer_seed362559,prediction_temporal_tabular_classifier_score,test,2023-05-31,0.15860449705565036,9304
temporal_tabular_transformer_seed362559,prediction_temporal_tabular_classifier_score,test,2023-06-30,0.03491116367984802,9291
temporal_tabular_transformer_seed362559,prediction_temporal_tabular_classifier_score,test,2023-07-31,0.1837303945271484,9265
temporal_tabular_transformer_seed362559,prediction_temporal_tabular_classifier_score,test,2023-08-31,0.10982905096114164,9278
temporal_tabular_transformer_seed362559,prediction_temporal_tabular_classifier_score,test,2023-09-29,0.17880308772283673,9318
temporal_tabular_transformer_seed362559,prediction_temporal_tabular_classifier_score,test,2023-10-31,0.09459953533407206,9331
temporal_tabular_transformer_seed362559,prediction_temporal_tabular_classifier_score,test,2023-11-30,-0.05693076453953789,9327
temporal_tabular_transformer_seed362559,prediction_temporal_tabular_classifier_score,test,2023-12-29,0.1601525885220853,9309
temporal_tabular_transformer_seed362559,prediction_temporal_tabular_classifier_score,test,2024-01-31,0.09944501628631934,9367
temporal_tabular_transformer_seed362559,prediction_temporal_tabular_classifier_score,test,2024-02-29,0.19878900020620097,9327
temporal_tabular_transformer_seed362559,prediction_temporal_tabular_classifier_score,test,2024-03-28,0.08537306469161807,9334
temporal_tabular_transformer_seed362559,prediction_temporal_tabular_classifier_score,test,2024-04-30,0.14574788924127502,9344
temporal_tabular_transformer_seed362559,prediction_temporal_tabular_classifier_score,test,2024-05-31,0.1563110637648373,9372
temporal_tabular_transformer_seed362559,prediction_temporal_tabular_classifier_score,test,2024-06-28,0.12384651881820329,9404
temporal_tabular_transformer_seed362559,prediction_temporal_tabular_classifier_score,test,2024-07-31,0.2540861500369641,9436
temporal_tabular_transformer_seed362559,prediction_temporal_tabular_classifier_score,test,2024-08-30,0.08851865951227539,9439
temporal_tabular_transformer_seed362559,prediction_temporal_tabular_classifier_score,test,2024-09-30,0.05453295813008954,9542
temporal_tabular_transformer_seed362559,prediction_temporal_tabular_classifier_score,test,2024-10-31,0.17982386458095145,9583
temporal_tabular_transformer_seed362559,prediction_temporal_tabular_er_train_score,test,2015-12-31,0.14425179373055005,7175
temporal_tabular_transformer_seed362559,prediction_temporal_tabular_er_train_score,test,2016-01-29,0.04470965836937723,7146
temporal_tabular_transformer_seed362559,prediction_temporal_tabular_er_train_score,test,2016-02-29,0.07135153648419143,7134
temporal_tabular_transformer_seed362559,prediction_temporal_tabular_er_train_score,test,2016-03-31,0.05296968631809298,7115
temporal_tabular_transformer_seed362559,prediction_temporal_tabular_er_train_score,test,2016-04-29,0.0021808186518004055,7106
temporal_tabular_transformer_seed362559,prediction_temporal_tabular_er_train_score,test,2016-05-31,0.030844081417633475,7115
temporal_tabular_transformer_seed362559,prediction_temporal_tabular_er_train_score,test,2016-06-30,0.12197107847726107,7119
temporal_tabular_transformer_seed362559,prediction_temporal_tabular_er_train_score,test,2016-07-29,0.029289645103315626,7119
temporal_tabular_transformer_seed362559,prediction_temporal_tabular_er_train_score,test,2016-08-31,0.0787365219880553,7082
temporal_tabular_transformer_seed362559,prediction_temporal_tabular_er_train_score,test,2016-09-30,-0.05462515050720169,7090
temporal_tabular_transformer_seed362559,prediction_temporal_tabular_er_train_score,test,2016-10-31,0.21102066479839532,7107
temporal_tabular_transformer_seed362559,prediction_temporal_tabular_er_train_score,test,2016-11-30,0.12513328996071696,7096
temporal_tabular_transformer_seed362559,prediction_temporal_tabular_er_train_score,test,2016-12-30,-0.0247317942471078,7108
temporal_tabular_transformer_seed362559,prediction_temporal_tabular_er_train_score,test,2017-01-31,0.04419469830430138,7126
temporal_tabular_transformer_seed362559,prediction_temporal_tabular_er_train_score,test,2017-02-28,0.034202762925576106,7109
temporal_tabular_transformer_seed362559,prediction_temporal_tabular_er_train_score,test,2017-03-31,0.12688700641723355,7110
temporal_tabular_transformer_seed362559,prediction_temporal_tabular_er_train_score,test,2017-04-28,0.022949874446369038,7129
temporal_tabular_transformer_seed362559,prediction_temporal_tabular_er_train_score,test,2017-05-31,0.08621619207678068,7144
temporal_tabular_transformer_seed362559,prediction_temporal_tabular_er_train_score,test,2017-06-30,0.10037666429361965,7146
temporal_tabular_transformer_seed362559,prediction_temporal_tabular_er_train_score,test,2017-07-31,0.07239882853880501,7157
temporal_tabular_transformer_seed362559,prediction_temporal_tabular_er_train_score,test,2017-08-31,0.05110815454937122,7132
temporal_tabular_transformer_seed362559,prediction_temporal_tabular_er_train_score,test,2017-09-29,0.17351934503955202,7116
temporal_tabular_transformer_seed362559,prediction_temporal_tabular_er_train_score,test,2017-10-31,0.09071714118871836,7152
temporal_tabular_transformer_seed362559,prediction_temporal_tabular_er_train_score,test,2017-11-30,-0.01129220028140712,7206
temporal_tabular_transformer_seed362559,prediction_temporal_tabular_er_train_score,test,2017-12-29,0.1143056413826213,7205
temporal_tabular_transformer_seed362559,prediction_temporal_tabular_er_train_score,test,2018-01-31,-0.044551188113106745,7242
temporal_tabular_transformer_seed362559,prediction_temporal_tabular_er_train_score,test,2018-02-28,0.05961632350969347,7264
temporal_tabular_transformer_seed362559,prediction_temporal_tabular_er_train_score,test,2018-03-29,0.00456898748124253,7211
temporal_tabular_transformer_seed362559,prediction_temporal_tabular_er_train_score,test,2018-04-30,0.053779051933626004,7258
temporal_tabular_transformer_seed362559,prediction_temporal_tabular_er_train_score,test,2018-05-31,0.0698314461307816,7270
temporal_tabular_transformer_seed362559,prediction_temporal_tabular_er_train_score,test,2018-06-29,0.15757931700875596,7322
temporal_tabular_transformer_seed362559,prediction_temporal_tabular_er_train_score,test,2018-07-31,0.08753314706449247,7355
temporal_tabular_transformer_seed362559,prediction_temporal_tabular_er_train_score,test,2018-08-31,0.029292194525689028,7344
temporal_tabular_transformer_seed362559,prediction_temporal_tabular_er_train_score,test,2018-09-28,0.044500229789806584,7373
temporal_tabular_transformer_seed362559,prediction_temporal_tabular_er_train_score,test,2018-10-31,0.12581545356373752,7413
temporal_tabular_transformer_seed362559,prediction_temporal_tabular_er_train_score,test,2018-11-30,0.06926223353131453,7412
temporal_tabular_transformer_seed362559,prediction_temporal_tabular_er_train_score,test,2018-12-31,0.06402452069193201,7407
temporal_tabular_transformer_seed362559,prediction_temporal_tabular_er_train_score,test,2019-01-31,0.07812600119513365,7408
temporal_tabular_transformer_seed362559,prediction_temporal_tabular_er_train_score,test,2019-02-28,-0.03728737186276241,7390
temporal_tabular_transformer_seed362559,prediction_temporal_tabular_er_train_score,test,2019-03-29,0.09114186484743557,7390
temporal_tabular_transformer_seed362559,prediction_temporal_tabular_er_train_score,test,2019-04-30,-0.10128231812086741,7396
temporal_tabular_transformer_seed362559,prediction_temporal_tabular_er_train_score,test,2019-05-31,0.18482062144993341,7458
temporal_tabular_transformer_seed362559,prediction_temporal_tabular_er_train_score,test,2019-06-28,0.08949067995808567,7471
temporal_tabular_transformer_seed362559,prediction_temporal_tabular_er_train_score,test,2019-07-31,-0.17156285296863172,7494
temporal_tabular_transformer_seed362559,prediction_temporal_tabular_er_train_score,test,2019-08-30,0.11117399922267489,7486
temporal_tabular_transformer_seed362559,prediction_temporal_tabular_er_train_score,test,2019-09-30,0.014105517980359472,7500
temporal_tabular_transformer_seed362559,prediction_temporal_tabular_er_train_score,test,2019-10-31,0.0884539485075909,7504
temporal_tabular_transformer_seed362559,prediction_temporal_tabular_er_train_score,test,2019-11-29,0.0568680610397303,7501
temporal_tabular_transformer_seed362559,prediction_temporal_tabular_er_train_score,test,2019-12-31,-0.17071214033392354,7500
temporal_tabular_transformer_seed362559,prediction_temporal_tabular_er_train_score,test,2020-01-31,-0.1647216987244043,7506
temporal_tabular_transformer_seed362559,prediction_temporal_tabular_er_train_score,test,2020-02-28,-0.10125017036343495,7506
temporal_tabular_transformer_seed362559,prediction_temporal_tabular_er_train_score,test,2020-03-31,0.2507831602835887,7475
temporal_tabular_transformer_seed362559,prediction_temporal_tabular_er_train_score,test,2020-04-30,-0.001121849161746035,7480
temporal_tabular_transformer_seed362559,prediction_temporal_tabular_er_train_score,test,2020-05-29,0.09771454273528803,7473
temporal_tabular_transformer_seed362559,prediction_temporal_tabular_er_train_score,test,2020-06-30,-0.00039109668677469284,7519
temporal_tabular_transformer_seed362559,prediction_temporal_tabular_er_train_score,test,2020-07-31,0.04359660543629789,7547
temporal_tabular_transformer_seed362559,prediction_temporal_tabular_er_train_score,test,2020-08-31,-0.11614116528231902,7574
temporal_tabular_transformer_seed362559,prediction_temporal_tabular_er_train_score,test,2020-09-30,0.08955922827800912,7628
temporal_tabular_transformer_seed362559,prediction_temporal_tabular_er_train_score,test,2020-10-30,0.09511139597734439,7701
temporal_tabular_transformer_seed362559,prediction_temporal_tabular_er_train_score,test,2020-11-30,0.12262379994911368,7773
temporal_tabular_transformer_seed362559,prediction_temporal_tabular_er_train_score,test,2020-12-31,-0.09683232414630227,7875
temporal_tabular_transformer_seed362559,prediction_temporal_tabular_er_train_score,test,2021-01-29,0.1926629555970047,7964
temporal_tabular_transformer_seed362559,prediction_temporal_tabular_er_train_score,test,2021-02-26,0.2475137841869215,8055
temporal_tabular_transformer_seed362559,prediction_temporal_tabular_er_train_score,test,2021-03-31,0.21558958099634357,8212
temporal_tabular_transformer_seed362559,prediction_temporal_tabular_er_train_score,test,2021-04-30,0.2081650814061676,8360
temporal_tabular_transformer_seed362559,prediction_temporal_tabular_er_train_score,test,2021-05-28,-0.13452160403137603,8479
temporal_tabular_transformer_seed362559,prediction_temporal_tabular_er_train_score,test,2021-06-30,0.18185448680278354,8587
temporal_tabular_transformer_seed362559,prediction_temporal_tabular_er_train_score,test,2021-07-30,0.06818527167691554,8722
temporal_tabular_transformer_seed362559,prediction_temporal_tabular_er_train_score,test,2021-08-31,0.11041757783275584,8776
temporal_tabular_transformer_seed362559,prediction_temporal_tabular_er_train_score,test,2021-09-30,0.24797908109560135,8872
temporal_tabular_transformer_seed362559,prediction_temporal_tabular_er_train_score,test,2021-10-29,0.2337734468028657,8968
temporal_tabular_transformer_seed362559,prediction_temporal_tabular_er_train_score,test,2021-11-30,0.35477878248331185,9068
temporal_tabular_transformer_seed362559,prediction_temporal_tabular_er_train_score,test,2021-12-31,0.1506780313853521,9189
temporal_tabular_transformer_seed362559,prediction_temporal_tabular_er_train_score,test,2022-01-31,0.14360574759538455,9272
temporal_tabular_transformer_seed362559,prediction_temporal_tabular_er_train_score,test,2022-02-28,0.04963235850774788,9347
temporal_tabular_transformer_seed362559,prediction_temporal_tabular_er_train_score,test,2022-03-31,0.16643050519814429,9382
temporal_tabular_transformer_seed362559,prediction_temporal_tabular_er_train_score,test,2022-04-29,0.16250026617326066,9421
temporal_tabular_transformer_seed362559,prediction_temporal_tabular_er_train_score,test,2022-05-31,-0.13469642773513832,9432
temporal_tabular_transformer_seed362559,prediction_temporal_tabular_er_train_score,test,2022-06-30,0.1297694374154807,9457
temporal_tabular_transformer_seed362559,prediction_temporal_tabular_er_train_score,test,2022-07-29,0.013439532136952733,9458
temporal_tabular_transformer_seed362559,prediction_temporal_tabular_er_train_score,test,2022-08-31,-0.11527157095496311,9469
temporal_tabular_transformer_seed362559,prediction_temporal_tabular_er_train_score,test,2022-09-30,0.2762663246064927,9495
temporal_tabular_transformer_seed362559,prediction_temporal_tabular_er_train_score,test,2022-10-31,-0.05331239168144328,9483
temporal_tabular_transformer_seed362559,prediction_temporal_tabular_er_train_score,test,2022-11-30,-0.10496806297895608,9465
temporal_tabular_transformer_seed362559,prediction_temporal_tabular_er_train_score,test,2022-12-30,0.13054650850033378,9402
temporal_tabular_transformer_seed362559,prediction_temporal_tabular_er_train_score,test,2023-01-31,-0.052109447789836456,9376
temporal_tabular_transformer_seed362559,prediction_temporal_tabular_er_train_score,test,2023-02-28,-0.08076145630601284,9352
temporal_tabular_transformer_seed362559,prediction_temporal_tabular_er_train_score,test,2023-03-31,-0.15230962866781433,9324
temporal_tabular_transformer_seed362559,prediction_temporal_tabular_er_train_score,test,2023-04-28,-0.0524833810928491,9298
temporal_tabular_transformer_seed362559,prediction_temporal_tabular_er_train_score,test,2023-05-31,0.2143122794535197,9304
temporal_tabular_transformer_seed362559,prediction_temporal_tabular_er_train_score,test,2023-06-30,0.1326512555475547,9291
temporal_tabular_transformer_seed362559,prediction_temporal_tabular_er_train_score,test,2023-07-31,-0.08336142749648537,9265
temporal_tabular_transformer_seed362559,prediction_temporal_tabular_er_train_score,test,2023-08-31,-0.07047978584189367,9278
temporal_tabular_transformer_seed362559,prediction_temporal_tabular_er_train_score,test,2023-09-29,-0.08583252091875278,9318
temporal_tabular_transformer_seed362559,prediction_temporal_tabular_er_train_score,test,2023-10-31,0.10731494761783997,9331
temporal_tabular_transformer_seed362559,prediction_temporal_tabular_er_train_score,test,2023-11-30,0.14781325969002035,9327
temporal_tabular_transformer_seed362559,prediction_temporal_tabular_er_train_score,test,2023-12-29,-0.13042432042719374,9309
temporal_tabular_transformer_seed362559,prediction_temporal_tabular_er_train_score,test,2024-01-31,0.0373818261601496,9367
temporal_tabular_transformer_seed362559,prediction_temporal_tabular_er_train_score,test,2024-02-29,0.14396457519677758,9327
temporal_tabular_transformer_seed362559,prediction_temporal_tabular_er_train_score,test,2024-03-28,-0.09324585444067554,9334
temporal_tabular_transformer_seed362559,prediction_temporal_tabular_er_train_score,test,2024-04-30,0.12846886350920145,9344
temporal_tabular_transformer_seed362559,prediction_temporal_tabular_er_train_score,test,2024-05-31,-0.03547485141919798,9372
temporal_tabular_transformer_seed362559,prediction_temporal_tabular_er_train_score,test,2024-06-28,0.20608439897904748,9404
temporal_tabular_transformer_seed362559,prediction_temporal_tabular_er_train_score,test,2024-07-31,0.013779514986768606,9436
temporal_tabular_transformer_seed362559,prediction_temporal_tabular_er_train_score,test,2024-08-30,0.07270129525396388,9439
temporal_tabular_transformer_seed362559,prediction_temporal_tabular_er_train_score,test,2024-09-30,0.04936858779997216,9542
temporal_tabular_transformer_seed362559,prediction_temporal_tabular_er_train_score,test,2024-10-31,0.2161604261432911,9583
