run_name,score_name,split,month,rank_ic,n_stocks
temporal_tabular_small_ft_warmstart,prediction_temporal_tabular_classifier_score,train,1989-12-29,-0.007029902743806593,6334
temporal_tabular_small_ft_warmstart,prediction_temporal_tabular_classifier_score,train,1990-01-31,-0.0033483058474501905,6342
temporal_tabular_small_ft_warmstart,prediction_temporal_tabular_classifier_score,train,1990-02-28,0.04738648396667625,6337
temporal_tabular_small_ft_warmstart,prediction_temporal_tabular_classifier_score,train,1990-03-30,0.08039106012942537,6347
temporal_tabular_small_ft_warmstart,prediction_temporal_tabular_classifier_score,train,1990-04-30,0.12228148366206887,6357
temporal_tabular_small_ft_warmstart,prediction_temporal_tabular_classifier_score,train,1990-05-31,0.09821827573331754,6352
temporal_tabular_small_ft_warmstart,prediction_temporal_tabular_classifier_score,train,1990-06-29,0.12512809222780452,6358
temporal_tabular_small_ft_warmstart,prediction_temporal_tabular_classifier_score,train,1990-07-31,0.1344868901163852,6367
temporal_tabular_small_ft_warmstart,prediction_temporal_tabular_classifier_score,train,1990-08-31,0.1502234151591168,6369
temporal_tabular_small_ft_warmstart,prediction_temporal_tabular_classifier_score,train,1990-09-28,0.1508861229757792,6354
temporal_tabular_small_ft_warmstart,prediction_temporal_tabular_classifier_score,train,1990-10-31,0.1323083066044308,6339
temporal_tabular_small_ft_warmstart,prediction_temporal_tabular_classifier_score,train,1990-11-30,0.2387720613086327,6322
temporal_tabular_small_ft_warmstart,prediction_temporal_tabular_classifier_score,train,1990-12-31,-0.04205744081214372,6313
temporal_tabular_small_ft_warmstart,prediction_temporal_tabular_classifier_score,train,1991-01-31,-0.06639749442753679,6304
temporal_tabular_small_ft_warmstart,prediction_temporal_tabular_classifier_score,train,1991-02-28,-0.044824752277862125,6288
temporal_tabular_small_ft_warmstart,prediction_temporal_tabular_classifier_score,train,1991-03-28,0.04388465093579949,6282
temporal_tabular_small_ft_warmstart,prediction_temporal_tabular_classifier_score,train,1991-04-30,0.13536478777939165,6294
temporal_tabular_small_ft_warmstart,prediction_temporal_tabular_classifier_score,train,1991-05-31,0.10519398537839196,6312
temporal_tabular_small_ft_warmstart,prediction_temporal_tabular_classifier_score,train,1991-06-28,0.10750140571142663,6342
temporal_tabular_small_ft_warmstart,prediction_temporal_tabular_classifier_score,train,1991-07-31,0.11022861115065852,6364
temporal_tabular_small_ft_warmstart,prediction_temporal_tabular_classifier_score,train,1991-08-30,0.06515639179095233,6391
temporal_tabular_small_ft_warmstart,prediction_temporal_tabular_classifier_score,train,1991-09-30,0.07362171608531919,6411
temporal_tabular_small_ft_warmstart,prediction_temporal_tabular_classifier_score,train,1991-10-31,0.0588710299898729,6445
temporal_tabular_small_ft_warmstart,prediction_temporal_tabular_classifier_score,train,1991-11-29,0.24326855147896437,6479
temporal_tabular_small_ft_warmstart,prediction_temporal_tabular_classifier_score,train,1991-12-31,-0.29080418815735304,6495
temporal_tabular_small_ft_warmstart,prediction_temporal_tabular_classifier_score,train,1992-01-31,0.0020832325119151986,6517
temporal_tabular_small_ft_warmstart,prediction_temporal_tabular_classifier_score,train,1992-02-28,0.15774622751123252,6546
temporal_tabular_small_ft_warmstart,prediction_temporal_tabular_classifier_score,train,1992-03-31,0.2953861312412677,6600
temporal_tabular_small_ft_warmstart,prediction_temporal_tabular_classifier_score,train,1992-04-30,0.11956362994332197,6613
temporal_tabular_small_ft_warmstart,prediction_temporal_tabular_classifier_score,train,1992-05-29,0.20124073386791153,6611
temporal_tabular_small_ft_warmstart,prediction_temporal_tabular_classifier_score,train,1992-06-30,0.09682460182208531,6607
temporal_tabular_small_ft_warmstart,prediction_temporal_tabular_classifier_score,train,1992-07-31,0.16188601170210518,6639
temporal_tabular_small_ft_warmstart,prediction_temporal_tabular_classifier_score,train,1992-08-31,0.0969372740939471,6654
temporal_tabular_small_ft_warmstart,prediction_temporal_tabular_classifier_score,train,1992-09-30,0.054826937934514826,6661
temporal_tabular_small_ft_warmstart,prediction_temporal_tabular_classifier_score,train,1992-10-30,-0.0219760386664474,6706
temporal_tabular_small_ft_warmstart,prediction_temporal_tabular_classifier_score,train,1992-11-30,0.08775013340264505,6740
temporal_tabular_small_ft_warmstart,prediction_temporal_tabular_classifier_score,train,1992-12-31,-0.05101569072608478,6783
temporal_tabular_small_ft_warmstart,prediction_temporal_tabular_classifier_score,train,1993-01-29,0.19914143395843362,6812
temporal_tabular_small_ft_warmstart,prediction_temporal_tabular_classifier_score,train,1993-02-26,0.12072720133930796,6855
temporal_tabular_small_ft_warmstart,prediction_temporal_tabular_classifier_score,train,1993-03-31,0.0903435213406621,6922
temporal_tabular_small_ft_warmstart,prediction_temporal_tabular_classifier_score,train,1993-04-30,-0.06773823860969849,6978
temporal_tabular_small_ft_warmstart,prediction_temporal_tabular_classifier_score,train,1993-05-28,0.07297628660665084,7037
temporal_tabular_small_ft_warmstart,prediction_temporal_tabular_classifier_score,train,1993-06-30,0.12716946350826702,7118
temporal_tabular_small_ft_warmstart,prediction_temporal_tabular_classifier_score,train,1993-07-30,0.10430321740800505,7163
temporal_tabular_small_ft_warmstart,prediction_temporal_tabular_classifier_score,train,1993-08-31,0.03468633448948746,7228
temporal_tabular_small_ft_warmstart,prediction_temporal_tabular_classifier_score,train,1993-09-30,-0.04011567868778523,7310
temporal_tabular_small_ft_warmstart,prediction_temporal_tabular_classifier_score,train,1993-10-29,0.07332988022266751,7390
temporal_tabular_small_ft_warmstart,prediction_temporal_tabular_classifier_score,train,1993-11-30,0.1675689292942188,7494
temporal_tabular_small_ft_warmstart,prediction_temporal_tabular_classifier_score,train,1993-12-31,-0.05090263569699184,7588
temporal_tabular_small_ft_warmstart,prediction_temporal_tabular_classifier_score,train,1994-01-31,0.08557744362939172,7642
temporal_tabular_small_ft_warmstart,prediction_temporal_tabular_classifier_score,train,1994-02-28,0.09394358130246336,7712
temporal_tabular_small_ft_warmstart,prediction_temporal_tabular_classifier_score,train,1994-03-31,0.196301745437432,7771
temporal_tabular_small_ft_warmstart,prediction_temporal_tabular_classifier_score,train,1994-04-29,0.11857350661213,7819
temporal_tabular_small_ft_warmstart,prediction_temporal_tabular_classifier_score,train,1994-05-31,0.22851697754822295,7860
temporal_tabular_small_ft_warmstart,prediction_temporal_tabular_classifier_score,train,1994-06-30,0.05308731871886434,7919
temporal_tabular_small_ft_warmstart,prediction_temporal_tabular_classifier_score,train,1994-07-29,0.036139282465577384,7942
temporal_tabular_small_ft_warmstart,prediction_temporal_tabular_classifier_score,train,1994-08-31,-0.020482239126901235,7966
temporal_tabular_small_ft_warmstart,prediction_temporal_tabular_classifier_score,train,1994-09-30,0.07961463967073885,7965
temporal_tabular_small_ft_warmstart,prediction_temporal_tabular_classifier_score,train,1994-10-31,0.09223096158504497,8013
temporal_tabular_small_ft_warmstart,prediction_temporal_tabular_classifier_score,train,1994-11-30,0.22033395319793056,8028
temporal_tabular_small_ft_warmstart,prediction_temporal_tabular_classifier_score,train,1994-12-30,-0.04396861571184575,8027
temporal_tabular_small_ft_warmstart,prediction_temporal_tabular_classifier_score,train,1995-01-31,0.10257109534475696,8011
temporal_tabular_small_ft_warmstart,prediction_temporal_tabular_classifier_score,train,1995-02-28,0.05306844591970571,8019
temporal_tabular_small_ft_warmstart,prediction_temporal_tabular_classifier_score,train,1995-03-31,0.054640791465552764,8025
temporal_tabular_small_ft_warmstart,prediction_temporal_tabular_classifier_score,train,1995-04-28,0.10994710993222306,8039
temporal_tabular_small_ft_warmstart,prediction_temporal_tabular_classifier_score,train,1995-05-31,-0.04110013623716068,8041
temporal_tabular_small_ft_warmstart,prediction_temporal_tabular_classifier_score,train,1995-06-30,-0.0017156595885898063,8065
temporal_tabular_small_ft_warmstart,prediction_temporal_tabular_classifier_score,train,1995-07-31,0.060107616117988504,8097
temporal_tabular_small_ft_warmstart,prediction_temporal_tabular_classifier_score,train,1995-08-31,0.07056281891105722,8125
temporal_tabular_small_ft_warmstart,prediction_temporal_tabular_classifier_score,train,1995-09-29,0.27708862429726616,8133
temporal_tabular_small_ft_warmstart,prediction_temporal_tabular_classifier_score,train,1995-10-31,0.16219600179269256,8169
temporal_tabular_small_ft_warmstart,prediction_temporal_tabular_classifier_score,train,1995-11-30,0.1899815910728485,8219
temporal_tabular_small_ft_warmstart,prediction_temporal_tabular_classifier_score,train,1995-12-29,-0.04804418251621452,8276
temporal_tabular_small_ft_warmstart,prediction_temporal_tabular_classifier_score,train,1996-01-31,-0.017948089687042607,8268
temporal_tabular_small_ft_warmstart,prediction_temporal_tabular_classifier_score,train,1996-02-29,0.048145804815621675,8299
temporal_tabular_small_ft_warmstart,prediction_temporal_tabular_classifier_score,train,1996-03-29,-0.12930920534615792,8366
temporal_tabular_small_ft_warmstart,prediction_temporal_tabular_classifier_score,train,1996-04-30,-0.12052825638104338,8407
temporal_tabular_small_ft_warmstart,prediction_temporal_tabular_classifier_score,train,1996-05-31,0.309678249960532,8495
temporal_tabular_small_ft_warmstart,prediction_temporal_tabular_classifier_score,train,1996-06-28,0.3878564502336173,8559
temporal_tabular_small_ft_warmstart,prediction_temporal_tabular_classifier_score,train,1996-07-31,-0.0008524393759307016,8595
temporal_tabular_small_ft_warmstart,prediction_temporal_tabular_classifier_score,train,1996-08-30,0.10125636760699505,8642
temporal_tabular_small_ft_warmstart,prediction_temporal_tabular_classifier_score,train,1996-09-30,0.315830298020705,8657
temporal_tabular_small_ft_warmstart,prediction_temporal_tabular_classifier_score,train,1996-10-31,0.20602030914551736,8737
temporal_tabular_small_ft_warmstart,prediction_temporal_tabular_classifier_score,train,1996-11-29,0.21137221039847418,8804
temporal_tabular_small_ft_warmstart,prediction_temporal_tabular_classifier_score,train,1996-12-31,-0.11294903059207645,8822
temporal_tabular_small_ft_warmstart,prediction_temporal_tabular_classifier_score,train,1997-01-31,0.23544841486248155,8818
temporal_tabular_small_ft_warmstart,prediction_temporal_tabular_classifier_score,train,1997-02-28,0.26004175062101764,8832
temporal_tabular_small_ft_warmstart,prediction_temporal_tabular_classifier_score,train,1997-03-31,0.21909148087053706,8835
temporal_tabular_small_ft_warmstart,prediction_temporal_tabular_classifier_score,train,1997-04-30,-0.06978290657989225,8844
temporal_tabular_small_ft_warmstart,prediction_temporal_tabular_classifier_score,train,1997-05-30,0.1650241063384127,8841
temporal_tabular_small_ft_warmstart,prediction_temporal_tabular_classifier_score,train,1997-06-30,0.1119058437669838,8843
temporal_tabular_small_ft_warmstart,prediction_temporal_tabular_classifier_score,train,1997-07-31,-0.06588040863847165,8856
temporal_tabular_small_ft_warmstart,prediction_temporal_tabular_classifier_score,train,1997-08-29,0.03891796047560352,8855
temporal_tabular_small_ft_warmstart,prediction_temporal_tabular_classifier_score,train,1997-09-30,0.13494101098544536,8853
temporal_tabular_small_ft_warmstart,prediction_temporal_tabular_classifier_score,train,1997-10-31,0.2742307716076436,8883
temporal_tabular_small_ft_warmstart,prediction_temporal_tabular_classifier_score,train,1997-11-28,0.41814923134576537,8903
temporal_tabular_small_ft_warmstart,prediction_temporal_tabular_classifier_score,train,1997-12-31,-0.11461895451495159,8873
temporal_tabular_small_ft_warmstart,prediction_temporal_tabular_classifier_score,train,1998-01-30,0.028221867070072074,8855
temporal_tabular_small_ft_warmstart,prediction_temporal_tabular_classifier_score,train,1998-02-27,0.1014532472138513,8847
temporal_tabular_small_ft_warmstart,prediction_temporal_tabular_classifier_score,train,1998-03-31,0.019942280612072632,8830
temporal_tabular_small_ft_warmstart,prediction_temporal_tabular_classifier_score,train,1998-04-30,0.21741273994274815,8850
temporal_tabular_small_ft_warmstart,prediction_temporal_tabular_classifier_score,train,1998-05-29,0.20517786105703975,8836
temporal_tabular_small_ft_warmstart,prediction_temporal_tabular_classifier_score,train,1998-06-30,0.16049263108832312,8818
temporal_tabular_small_ft_warmstart,prediction_temporal_tabular_classifier_score,train,1998-07-31,0.32819421463107046,8804
temporal_tabular_small_ft_warmstart,prediction_temporal_tabular_classifier_score,train,1998-08-31,0.010888453314717625,8757
temporal_tabular_small_ft_warmstart,prediction_temporal_tabular_classifier_score,train,1998-09-30,0.031262884153212496,8647
temporal_tabular_small_ft_warmstart,prediction_temporal_tabular_classifier_score,train,1998-10-30,-0.00758994372397369,8582
temporal_tabular_small_ft_warmstart,prediction_temporal_tabular_classifier_score,train,1998-11-30,0.12062247647613107,8514
temporal_tabular_small_ft_warmstart,prediction_temporal_tabular_classifier_score,train,1998-12-31,-0.22962817014633916,8489
temporal_tabular_small_ft_warmstart,prediction_temporal_tabular_classifier_score,train,1999-01-29,0.17754600751714977,8445
temporal_tabular_small_ft_warmstart,prediction_temporal_tabular_classifier_score,train,1999-02-26,0.07061667411841478,8403
temporal_tabular_small_ft_warmstart,prediction_temporal_tabular_classifier_score,train,1999-03-31,-0.01986077269240494,8328
temporal_tabular_small_ft_warmstart,prediction_temporal_tabular_classifier_score,train,1999-04-30,0.022761347952608982,8305
temporal_tabular_small_ft_warmstart,prediction_temporal_tabular_classifier_score,train,1999-05-28,0.06313614658775289,8295
temporal_tabular_small_ft_warmstart,prediction_temporal_tabular_classifier_score,train,1999-06-30,0.013391545805844306,8281
temporal_tabular_small_ft_warmstart,prediction_temporal_tabular_classifier_score,train,1999-07-30,0.0998394446300305,8272
temporal_tabular_small_ft_warmstart,prediction_temporal_tabular_classifier_score,train,1999-08-31,0.006179094626478154,8237
temporal_tabular_small_ft_warmstart,prediction_temporal_tabular_classifier_score,train,1999-09-30,0.10395255226021101,8226
temporal_tabular_small_ft_warmstart,prediction_temporal_tabular_classifier_score,train,1999-10-29,-0.24492945391765936,8228
temporal_tabular_small_ft_warmstart,prediction_temporal_tabular_classifier_score,train,1999-11-30,-0.12103411065566654,8209
temporal_tabular_small_ft_warmstart,prediction_temporal_tabular_classifier_score,train,1999-12-31,-0.23003437561613238,8193
temporal_tabular_small_ft_warmstart,prediction_temporal_tabular_classifier_score,train,2000-01-31,-0.2949288055930544,8154
temporal_tabular_small_ft_warmstart,prediction_temporal_tabular_classifier_score,train,2000-02-29,0.24561432660576113,8155
temporal_tabular_small_ft_warmstart,prediction_temporal_tabular_classifier_score,train,2000-03-31,0.5002172417020603,8148
temporal_tabular_small_ft_warmstart,prediction_temporal_tabular_classifier_score,train,2000-04-28,0.39237756048760325,8166
temporal_tabular_small_ft_warmstart,prediction_temporal_tabular_classifier_score,train,2000-05-31,-0.2083298277241128,8149
temporal_tabular_small_ft_warmstart,prediction_temporal_tabular_classifier_score,train,2000-06-30,0.2922851277510365,8163
temporal_tabular_small_ft_warmstart,prediction_temporal_tabular_classifier_score,train,2000-07-31,-0.020149145563410454,8180
temporal_tabular_small_ft_warmstart,prediction_temporal_tabular_classifier_score,train,2000-08-31,0.32299126448651316,8192
temporal_tabular_small_ft_warmstart,prediction_temporal_tabular_classifier_score,train,2000-09-29,0.3668035638918017,8157
temporal_tabular_small_ft_warmstart,prediction_temporal_tabular_classifier_score,train,2000-10-31,0.5322432239938581,8107
temporal_tabular_small_ft_warmstart,prediction_temporal_tabular_classifier_score,train,2000-11-30,0.3550913352070808,8036
temporal_tabular_small_ft_warmstart,prediction_temporal_tabular_classifier_score,train,2000-12-29,-0.4560210297941764,7954
temporal_tabular_small_ft_warmstart,prediction_temporal_tabular_classifier_score,train,2001-01-31,0.47063223211256044,7893
temporal_tabular_small_ft_warmstart,prediction_temporal_tabular_classifier_score,train,2001-02-28,0.3623941063351243,7836
temporal_tabular_small_ft_warmstart,prediction_temporal_tabular_classifier_score,train,2001-03-30,-0.06769797501369348,7763
temporal_tabular_small_ft_warmstart,prediction_temporal_tabular_classifier_score,train,2001-04-30,0.011932791239187099,7679
temporal_tabular_small_ft_warmstart,prediction_temporal_tabular_classifier_score,train,2001-05-31,0.1207480285298879,7628
temporal_tabular_small_ft_warmstart,prediction_temporal_tabular_classifier_score,train,2001-06-29,0.2760236448999449,7575
temporal_tabular_small_ft_warmstart,prediction_temporal_tabular_classifier_score,train,2001-07-31,0.2801235385047039,7517
temporal_tabular_small_ft_warmstart,prediction_temporal_tabular_classifier_score,train,2001-08-31,0.34458400190763294,7461
temporal_tabular_small_ft_warmstart,prediction_temporal_tabular_classifier_score,train,2001-09-28,-0.17810547500618018,7426
temporal_tabular_small_ft_warmstart,prediction_temporal_tabular_classifier_score,train,2001-10-31,-0.10575929085583971,7375
temporal_tabular_small_ft_warmstart,prediction_temporal_tabular_classifier_score,train,2001-11-30,-0.009944462421226692,7341
temporal_tabular_small_ft_warmstart,prediction_temporal_tabular_classifier_score,train,2001-12-31,0.10321070879463298,7300
temporal_tabular_small_ft_warmstart,prediction_temporal_tabular_classifier_score,train,2002-01-31,0.4042006546698597,7261
temporal_tabular_small_ft_warmstart,prediction_temporal_tabular_classifier_score,train,2002-02-28,-0.04555749890576446,7225
temporal_tabular_small_ft_warmstart,prediction_temporal_tabular_classifier_score,train,2002-03-28,0.29165713257795006,7168
temporal_tabular_small_ft_warmstart,prediction_temporal_tabular_classifier_score,train,2002-04-30,0.23998843385438617,7139
temporal_tabular_small_ft_warmstart,prediction_temporal_tabular_classifier_score,train,2002-05-31,0.3240818274619968,7119
temporal_tabular_small_ft_warmstart,prediction_temporal_tabular_classifier_score,train,2002-06-28,0.2192527096727773,7084
temporal_tabular_small_ft_warmstart,prediction_temporal_tabular_classifier_score,train,2002-07-31,0.1295681282912593,7030
temporal_tabular_small_ft_warmstart,prediction_temporal_tabular_classifier_score,train,2002-08-30,0.27560047632224355,7002
temporal_tabular_small_ft_warmstart,prediction_temporal_tabular_classifier_score,train,2002-09-30,-0.05166421944048334,6948
temporal_tabular_small_ft_warmstart,prediction_temporal_tabular_classifier_score,train,2002-10-31,-0.25877527820520535,6931
temporal_tabular_small_ft_warmstart,prediction_temporal_tabular_classifier_score,train,2002-11-29,0.30602923507033997,6927
temporal_tabular_small_ft_warmstart,prediction_temporal_tabular_classifier_score,train,2002-12-31,-0.0036593762285297036,6894
temporal_tabular_small_ft_warmstart,prediction_temporal_tabular_classifier_score,train,2003-01-31,0.12145816948272598,6847
temporal_tabular_small_ft_warmstart,prediction_temporal_tabular_classifier_score,train,2003-02-28,0.07605036470575485,6795
temporal_tabular_small_ft_warmstart,prediction_temporal_tabular_classifier_score,train,2003-03-31,-0.1257069175011497,6748
temporal_tabular_small_ft_warmstart,prediction_temporal_tabular_classifier_score,train,2003-04-30,-0.3091893062783053,6711
temporal_tabular_small_ft_warmstart,prediction_temporal_tabular_classifier_score,train,2003-05-30,-0.07778964272000274,6682
temporal_tabular_small_ft_warmstart,prediction_temporal_tabular_classifier_score,train,2003-06-30,-0.061086638862657125,6648
temporal_tabular_small_ft_warmstart,prediction_temporal_tabular_classifier_score,train,2003-07-31,-0.06752289398196061,6626
temporal_tabular_small_ft_warmstart,prediction_temporal_tabular_classifier_score,train,2003-08-29,-0.06324496871996203,6612
temporal_tabular_small_ft_warmstart,prediction_temporal_tabular_classifier_score,train,2003-09-30,-0.038207181729581735,6607
temporal_tabular_small_ft_warmstart,prediction_temporal_tabular_classifier_score,train,2003-10-31,0.06829038251832951,6596
temporal_tabular_small_ft_warmstart,prediction_temporal_tabular_classifier_score,train,2003-11-28,0.11903989640993769,6589
temporal_tabular_small_ft_warmstart,prediction_temporal_tabular_classifier_score,train,2003-12-31,-0.2589309693493323,6592
temporal_tabular_small_ft_warmstart,prediction_temporal_tabular_classifier_score,train,2004-01-30,0.19202006943992808,6599
temporal_tabular_small_ft_warmstart,prediction_temporal_tabular_classifier_score,train,2004-02-27,0.14197390113789163,6599
temporal_tabular_small_ft_warmstart,prediction_temporal_tabular_classifier_score,train,2004-03-31,0.14277378095908716,6605
temporal_tabular_small_ft_warmstart,prediction_temporal_tabular_classifier_score,train,2004-04-30,0.06411371639691073,6593
temporal_tabular_small_ft_warmstart,prediction_temporal_tabular_classifier_score,train,2004-05-28,0.1224687822746295,6594
temporal_tabular_small_ft_warmstart,prediction_temporal_tabular_classifier_score,train,2004-06-30,0.34226683567007044,6592
temporal_tabular_small_ft_warmstart,prediction_temporal_tabular_classifier_score,train,2004-07-30,0.15838492609578067,6598
temporal_tabular_small_ft_warmstart,prediction_temporal_tabular_classifier_score,train,2004-08-31,0.010156905943228151,6602
temporal_tabular_small_ft_warmstart,prediction_temporal_tabular_classifier_score,train,2004-09-30,0.07557052488052074,6607
temporal_tabular_small_ft_warmstart,prediction_temporal_tabular_classifier_score,train,2004-10-29,-0.06220902702695136,6620
temporal_tabular_small_ft_warmstart,prediction_temporal_tabular_classifier_score,train,2004-11-30,-0.11114960574267438,6615
temporal_tabular_small_ft_warmstart,prediction_temporal_tabular_classifier_score,train,2004-12-31,0.19125891731890207,6633
temporal_tabular_small_ft_warmstart,prediction_temporal_tabular_classifier_score,train,2005-01-31,0.12862783049118912,6623
temporal_tabular_small_ft_warmstart,prediction_temporal_tabular_classifier_score,train,2005-02-28,0.18177846317502763,6637
temporal_tabular_small_ft_warmstart,prediction_temporal_tabular_classifier_score,train,2005-03-31,0.2133496155211553,6636
temporal_tabular_small_ft_warmstart,prediction_temporal_tabular_classifier_score,train,2005-04-29,-0.03649615937598338,6628
temporal_tabular_small_ft_warmstart,prediction_temporal_tabular_classifier_score,train,2005-05-31,0.03302881938044988,6630
temporal_tabular_small_ft_warmstart,prediction_temporal_tabular_classifier_score,train,2005-06-30,-0.02688066750928548,6652
temporal_tabular_small_ft_warmstart,prediction_temporal_tabular_classifier_score,train,2005-07-29,0.07313217528556366,6640
temporal_tabular_small_ft_warmstart,prediction_temporal_tabular_classifier_score,train,2005-08-31,0.05269209037425876,6643
temporal_tabular_small_ft_warmstart,prediction_temporal_tabular_classifier_score,train,2005-09-30,0.16721685937256497,6636
temporal_tabular_small_ft_warmstart,prediction_temporal_tabular_classifier_score,train,2005-10-31,0.02413767953318353,6636
temporal_tabular_small_ft_warmstart,prediction_temporal_tabular_classifier_score,train,2005-11-30,0.01797518665944514,6647
temporal_tabular_small_ft_warmstart,prediction_temporal_tabular_classifier_score,train,2005-12-30,-0.13737621750334056,6647
temporal_tabular_small_ft_warmstart,prediction_temporal_tabular_classifier_score,train,2006-01-31,0.05879152072295751,6620
temporal_tabular_small_ft_warmstart,prediction_temporal_tabular_classifier_score,train,2006-02-28,-0.023068907174465615,6626
temporal_tabular_small_ft_warmstart,prediction_temporal_tabular_classifier_score,train,2006-03-31,0.051172120562269885,6633
temporal_tabular_small_ft_warmstart,prediction_temporal_tabular_classifier_score,train,2006-04-28,0.2282220354765258,6635
temporal_tabular_small_ft_warmstart,prediction_temporal_tabular_classifier_score,train,2006-05-31,0.1742015195700629,6653
temporal_tabular_small_ft_warmstart,prediction_temporal_tabular_classifier_score,train,2006-06-30,0.2482821170756791,6698
temporal_tabular_small_ft_warmstart,prediction_temporal_tabular_classifier_score,train,2006-07-31,0.021010479407642495,6704
temporal_tabular_small_ft_warmstart,prediction_temporal_tabular_classifier_score,train,2006-08-31,0.07947485596151749,6698
temporal_tabular_small_ft_warmstart,prediction_temporal_tabular_classifier_score,train,2006-09-29,-0.032226792796985294,6722
temporal_tabular_small_ft_warmstart,prediction_temporal_tabular_classifier_score,train,2006-10-31,0.023954499102772836,6735
temporal_tabular_small_ft_warmstart,prediction_temporal_tabular_classifier_score,train,2006-11-30,0.09555233736663978,6748
temporal_tabular_small_ft_warmstart,prediction_temporal_tabular_classifier_score,train,2006-12-29,0.006532791018831355,6739
temporal_tabular_small_ft_warmstart,prediction_temporal_tabular_classifier_score,train,2007-01-31,-0.010145952880416349,6755
temporal_tabular_small_ft_warmstart,prediction_temporal_tabular_classifier_score,train,2007-02-28,0.0927923041725207,6797
temporal_tabular_small_ft_warmstart,prediction_temporal_tabular_classifier_score,train,2007-03-30,0.01405685336769888,6812
temporal_tabular_small_ft_warmstart,prediction_temporal_tabular_classifier_score,train,2007-04-30,0.14588922672642404,6809
temporal_tabular_small_ft_warmstart,prediction_temporal_tabular_classifier_score,train,2007-05-31,0.019000398035451956,6839
temporal_tabular_small_ft_warmstart,prediction_temporal_tabular_classifier_score,train,2007-06-29,0.04624820961474198,6849
temporal_tabular_small_ft_warmstart,prediction_temporal_tabular_classifier_score,train,2007-07-31,0.18044607225613798,6854
temporal_tabular_small_ft_warmstart,prediction_temporal_tabular_classifier_score,train,2007-08-31,0.04558300754690173,6853
temporal_tabular_small_ft_warmstart,prediction_temporal_tabular_classifier_score,train,2007-09-28,0.1030804577086527,6844
temporal_tabular_small_ft_warmstart,prediction_temporal_tabular_classifier_score,train,2007-10-31,0.2504650952481877,6856
temporal_tabular_small_ft_warmstart,prediction_temporal_tabular_classifier_score,train,2007-11-30,0.07106865796955263,6884
temporal_tabular_small_ft_warmstart,prediction_temporal_tabular_classifier_score,train,2007-12-31,0.06448086229259377,6912
temporal_tabular_small_ft_warmstart,prediction_temporal_tabular_classifier_score,train,2008-01-31,0.06660234516194262,6906
temporal_tabular_small_ft_warmstart,prediction_temporal_tabular_classifier_score,train,2008-02-29,0.19320268732532192,6879
temporal_tabular_small_ft_warmstart,prediction_temporal_tabular_classifier_score,train,2008-03-31,0.10183999074208042,6867
temporal_tabular_small_ft_warmstart,prediction_temporal_tabular_classifier_score,train,2008-04-30,0.01779419016565481,6840
temporal_tabular_small_ft_warmstart,prediction_temporal_tabular_classifier_score,train,2008-05-30,0.13217854684010874,6848
temporal_tabular_small_ft_warmstart,prediction_temporal_tabular_classifier_score,train,2008-06-30,0.041941353611315055,6830
temporal_tabular_small_ft_warmstart,prediction_temporal_tabular_classifier_score,train,2008-07-31,0.02782630119979086,6827
temporal_tabular_small_ft_warmstart,prediction_temporal_tabular_classifier_score,train,2008-08-29,0.227457927050146,6785
temporal_tabular_small_ft_warmstart,prediction_temporal_tabular_classifier_score,train,2008-09-30,0.18912562296016883,6764
temporal_tabular_small_ft_warmstart,prediction_temporal_tabular_classifier_score,train,2008-10-31,0.22386928742874523,6719
temporal_tabular_small_ft_warmstart,prediction_temporal_tabular_classifier_score,train,2008-11-28,0.07707313535049315,6709
temporal_tabular_small_ft_warmstart,prediction_temporal_tabular_classifier_score,train,2008-12-31,-0.10219247234787031,6679
temporal_tabular_small_ft_warmstart,prediction_temporal_tabular_classifier_score,train,2009-01-30,0.14414982359847284,6650
temporal_tabular_small_ft_warmstart,prediction_temporal_tabular_classifier_score,train,2009-02-27,-0.11456311956714385,6606
temporal_tabular_small_ft_warmstart,prediction_temporal_tabular_classifier_score,train,2009-03-31,-0.2031425135243252,6554
temporal_tabular_small_ft_warmstart,prediction_temporal_tabular_classifier_score,train,2009-04-30,-0.09580233717476273,6538
temporal_tabular_small_ft_warmstart,prediction_temporal_tabular_classifier_score,train,2009-05-29,0.013948070762646534,6494
temporal_tabular_small_ft_warmstart,prediction_temporal_tabular_classifier_score,train,2009-06-30,0.05498891791619773,6485
temporal_tabular_small_ft_warmstart,prediction_temporal_tabular_classifier_score,train,2009-07-31,-0.07850995334328358,6465
temporal_tabular_small_ft_warmstart,prediction_temporal_tabular_classifier_score,train,2009-08-31,-0.07022946339765379,6457
temporal_tabular_small_ft_warmstart,prediction_temporal_tabular_classifier_score,train,2009-09-30,0.2168524808705787,6453
temporal_tabular_small_ft_warmstart,prediction_temporal_tabular_classifier_score,train,2009-10-30,0.14624296648492724,6452
temporal_tabular_small_ft_warmstart,prediction_temporal_tabular_classifier_score,train,2009-11-30,-0.0042661268424933705,6462
temporal_tabular_small_ft_warmstart,prediction_temporal_tabular_classifier_score,train,2009-12-31,-0.05826464300220408,6465
temporal_tabular_small_ft_warmstart,prediction_temporal_tabular_classifier_score,train,2010-01-29,0.05504513219290033,6467
temporal_tabular_small_ft_warmstart,prediction_temporal_tabular_classifier_score,train,2010-02-26,0.022244023507125173,6468
temporal_tabular_small_ft_warmstart,prediction_temporal_tabular_classifier_score,train,2010-03-31,-0.1367894485196643,6468
temporal_tabular_small_ft_warmstart,prediction_temporal_tabular_classifier_score,train,2010-04-30,0.1634412205438313,6492
temporal_tabular_small_ft_warmstart,prediction_temporal_tabular_classifier_score,train,2010-05-28,0.2747155971509613,6469
temporal_tabular_small_ft_warmstart,prediction_temporal_tabular_classifier_score,train,2010-06-30,0.08496022004717595,6486
temporal_tabular_small_ft_warmstart,prediction_temporal_tabular_classifier_score,train,2010-07-30,0.18387788335075095,6501
temporal_tabular_small_ft_warmstart,prediction_temporal_tabular_classifier_score,train,2010-08-31,-0.02379960160513284,6501
temporal_tabular_small_ft_warmstart,prediction_temporal_tabular_classifier_score,train,2010-09-30,0.045677009012991786,6500
temporal_tabular_small_ft_warmstart,prediction_temporal_tabular_classifier_score,train,2010-10-29,0.03823642659022,6498
temporal_tabular_small_ft_warmstart,prediction_temporal_tabular_classifier_score,train,2010-11-30,-0.031152085223064584,6504
temporal_tabular_small_ft_warmstart,prediction_temporal_tabular_er_train_score,train,1989-12-29,-0.030077868504589968,6334
temporal_tabular_small_ft_warmstart,prediction_temporal_tabular_er_train_score,train,1990-01-31,0.00540178074725746,6342
temporal_tabular_small_ft_warmstart,prediction_temporal_tabular_er_train_score,train,1990-02-28,0.06763794398965126,6337
temporal_tabular_small_ft_warmstart,prediction_temporal_tabular_er_train_score,train,1990-03-30,0.06450947098635013,6347
temporal_tabular_small_ft_warmstart,prediction_temporal_tabular_er_train_score,train,1990-04-30,0.15016517608627902,6357
temporal_tabular_small_ft_warmstart,prediction_temporal_tabular_er_train_score,train,1990-05-31,0.08987579014684029,6352
temporal_tabular_small_ft_warmstart,prediction_temporal_tabular_er_train_score,train,1990-06-29,0.04262370256632594,6358
temporal_tabular_small_ft_warmstart,prediction_temporal_tabular_er_train_score,train,1990-07-31,0.020203563282462006,6367
temporal_tabular_small_ft_warmstart,prediction_temporal_tabular_er_train_score,train,1990-08-31,0.04582542434815629,6369
temporal_tabular_small_ft_warmstart,prediction_temporal_tabular_er_train_score,train,1990-09-28,0.07814056519068475,6354
temporal_tabular_small_ft_warmstart,prediction_temporal_tabular_er_train_score,train,1990-10-31,0.14513450990857055,6339
temporal_tabular_small_ft_warmstart,prediction_temporal_tabular_er_train_score,train,1990-11-30,0.22100337340290258,6322
temporal_tabular_small_ft_warmstart,prediction_temporal_tabular_er_train_score,train,1990-12-31,0.015524779875116466,6313
temporal_tabular_small_ft_warmstart,prediction_temporal_tabular_er_train_score,train,1991-01-31,-0.0007314805409681375,6304
temporal_tabular_small_ft_warmstart,prediction_temporal_tabular_er_train_score,train,1991-02-28,0.012678909718944632,6288
temporal_tabular_small_ft_warmstart,prediction_temporal_tabular_er_train_score,train,1991-03-28,0.023082530457758772,6282
temporal_tabular_small_ft_warmstart,prediction_temporal_tabular_er_train_score,train,1991-04-30,0.14452212936451175,6294
temporal_tabular_small_ft_warmstart,prediction_temporal_tabular_er_train_score,train,1991-05-31,0.040061246082458084,6312
temporal_tabular_small_ft_warmstart,prediction_temporal_tabular_er_train_score,train,1991-06-28,0.10611256902803887,6342
temporal_tabular_small_ft_warmstart,prediction_temporal_tabular_er_train_score,train,1991-07-31,0.09778070594983873,6364
temporal_tabular_small_ft_warmstart,prediction_temporal_tabular_er_train_score,train,1991-08-30,0.029234790313344923,6391
temporal_tabular_small_ft_warmstart,prediction_temporal_tabular_er_train_score,train,1991-09-30,0.06128671571985607,6411
temporal_tabular_small_ft_warmstart,prediction_temporal_tabular_er_train_score,train,1991-10-31,-0.012777350502537591,6445
temporal_tabular_small_ft_warmstart,prediction_temporal_tabular_er_train_score,train,1991-11-29,0.24458270032927967,6479
temporal_tabular_small_ft_warmstart,prediction_temporal_tabular_er_train_score,train,1991-12-31,-0.15920728717035312,6495
temporal_tabular_small_ft_warmstart,prediction_temporal_tabular_er_train_score,train,1992-01-31,0.027987779575590982,6517
temporal_tabular_small_ft_warmstart,prediction_temporal_tabular_er_train_score,train,1992-02-28,0.09087079340552587,6546
temporal_tabular_small_ft_warmstart,prediction_temporal_tabular_er_train_score,train,1992-03-31,0.18880420981600043,6600
temporal_tabular_small_ft_warmstart,prediction_temporal_tabular_er_train_score,train,1992-04-30,0.08427404309581034,6613
temporal_tabular_small_ft_warmstart,prediction_temporal_tabular_er_train_score,train,1992-05-29,0.10459557212062327,6611
temporal_tabular_small_ft_warmstart,prediction_temporal_tabular_er_train_score,train,1992-06-30,0.07393081327094247,6607
temporal_tabular_small_ft_warmstart,prediction_temporal_tabular_er_train_score,train,1992-07-31,0.1047756551908922,6639
temporal_tabular_small_ft_warmstart,prediction_temporal_tabular_er_train_score,train,1992-08-31,0.09418769007262978,6654
temporal_tabular_small_ft_warmstart,prediction_temporal_tabular_er_train_score,train,1992-09-30,0.1031363415915753,6661
temporal_tabular_small_ft_warmstart,prediction_temporal_tabular_er_train_score,train,1992-10-30,0.05778774819644668,6706
temporal_tabular_small_ft_warmstart,prediction_temporal_tabular_er_train_score,train,1992-11-30,0.09957287549290281,6740
temporal_tabular_small_ft_warmstart,prediction_temporal_tabular_er_train_score,train,1992-12-31,-0.012875672843604184,6783
temporal_tabular_small_ft_warmstart,prediction_temporal_tabular_er_train_score,train,1993-01-29,0.10561410941172959,6812
temporal_tabular_small_ft_warmstart,prediction_temporal_tabular_er_train_score,train,1993-02-26,0.11612128932611009,6855
temporal_tabular_small_ft_warmstart,prediction_temporal_tabular_er_train_score,train,1993-03-31,0.03925149578406083,6922
temporal_tabular_small_ft_warmstart,prediction_temporal_tabular_er_train_score,train,1993-04-30,-0.018016319634807532,6978
temporal_tabular_small_ft_warmstart,prediction_temporal_tabular_er_train_score,train,1993-05-28,0.05827304068331957,7037
temporal_tabular_small_ft_warmstart,prediction_temporal_tabular_er_train_score,train,1993-06-30,0.11199019529177517,7118
temporal_tabular_small_ft_warmstart,prediction_temporal_tabular_er_train_score,train,1993-07-30,0.11211280595318658,7163
temporal_tabular_small_ft_warmstart,prediction_temporal_tabular_er_train_score,train,1993-08-31,0.07032500010204966,7228
temporal_tabular_small_ft_warmstart,prediction_temporal_tabular_er_train_score,train,1993-09-30,-0.006116325102790193,7310
temporal_tabular_small_ft_warmstart,prediction_temporal_tabular_er_train_score,train,1993-10-29,0.07069824551344679,7390
temporal_tabular_small_ft_warmstart,prediction_temporal_tabular_er_train_score,train,1993-11-30,0.17409157689429994,7494
temporal_tabular_small_ft_warmstart,prediction_temporal_tabular_er_train_score,train,1993-12-31,-0.025495988345966735,7588
temporal_tabular_small_ft_warmstart,prediction_temporal_tabular_er_train_score,train,1994-01-31,0.10576712955202462,7642
temporal_tabular_small_ft_warmstart,prediction_temporal_tabular_er_train_score,train,1994-02-28,0.055580925174814826,7712
temporal_tabular_small_ft_warmstart,prediction_temporal_tabular_er_train_score,train,1994-03-31,0.15696176096929593,7771
temporal_tabular_small_ft_warmstart,prediction_temporal_tabular_er_train_score,train,1994-04-29,0.08515645328171481,7819
temporal_tabular_small_ft_warmstart,prediction_temporal_tabular_er_train_score,train,1994-05-31,0.1660461821580592,7860
temporal_tabular_small_ft_warmstart,prediction_temporal_tabular_er_train_score,train,1994-06-30,0.06447473445438605,7919
temporal_tabular_small_ft_warmstart,prediction_temporal_tabular_er_train_score,train,1994-07-29,0.08140102589342985,7942
temporal_tabular_small_ft_warmstart,prediction_temporal_tabular_er_train_score,train,1994-08-31,0.04096867786880794,7966
temporal_tabular_small_ft_warmstart,prediction_temporal_tabular_er_train_score,train,1994-09-30,0.1066522237405825,7965
temporal_tabular_small_ft_warmstart,prediction_temporal_tabular_er_train_score,train,1994-10-31,0.018057000685286862,8013
temporal_tabular_small_ft_warmstart,prediction_temporal_tabular_er_train_score,train,1994-11-30,0.1841568118138763,8028
temporal_tabular_small_ft_warmstart,prediction_temporal_tabular_er_train_score,train,1994-12-30,-0.10276970561894273,8027
temporal_tabular_small_ft_warmstart,prediction_temporal_tabular_er_train_score,train,1995-01-31,0.07844144021948077,8011
temporal_tabular_small_ft_warmstart,prediction_temporal_tabular_er_train_score,train,1995-02-28,0.07328033228167047,8019
temporal_tabular_small_ft_warmstart,prediction_temporal_tabular_er_train_score,train,1995-03-31,0.057254092212066655,8025
temporal_tabular_small_ft_warmstart,prediction_temporal_tabular_er_train_score,train,1995-04-28,0.05226792491275179,8039
temporal_tabular_small_ft_warmstart,prediction_temporal_tabular_er_train_score,train,1995-05-31,0.016154676513434146,8041
temporal_tabular_small_ft_warmstart,prediction_temporal_tabular_er_train_score,train,1995-06-30,0.06300402367428451,8065
temporal_tabular_small_ft_warmstart,prediction_temporal_tabular_er_train_score,train,1995-07-31,0.05594831589180199,8097
temporal_tabular_small_ft_warmstart,prediction_temporal_tabular_er_train_score,train,1995-08-31,0.024289972188210513,8125
temporal_tabular_small_ft_warmstart,prediction_temporal_tabular_er_train_score,train,1995-09-29,0.14132896592288668,8133
temporal_tabular_small_ft_warmstart,prediction_temporal_tabular_er_train_score,train,1995-10-31,0.12915994497755198,8169
temporal_tabular_small_ft_warmstart,prediction_temporal_tabular_er_train_score,train,1995-11-30,0.14979680764492276,8219
temporal_tabular_small_ft_warmstart,prediction_temporal_tabular_er_train_score,train,1995-12-29,-0.08848150710359856,8276
temporal_tabular_small_ft_warmstart,prediction_temporal_tabular_er_train_score,train,1996-01-31,0.012239260232483059,8268
temporal_tabular_small_ft_warmstart,prediction_temporal_tabular_er_train_score,train,1996-02-29,0.08747686737861754,8299
temporal_tabular_small_ft_warmstart,prediction_temporal_tabular_er_train_score,train,1996-03-29,-0.02181447873357103,8366
temporal_tabular_small_ft_warmstart,prediction_temporal_tabular_er_train_score,train,1996-04-30,-0.06339581493430697,8407
temporal_tabular_small_ft_warmstart,prediction_temporal_tabular_er_train_score,train,1996-05-31,0.18555928887737186,8495
temporal_tabular_small_ft_warmstart,prediction_temporal_tabular_er_train_score,train,1996-06-28,0.27423376435148755,8559
temporal_tabular_small_ft_warmstart,prediction_temporal_tabular_er_train_score,train,1996-07-31,0.024525292151929508,8595
temporal_tabular_small_ft_warmstart,prediction_temporal_tabular_er_train_score,train,1996-08-30,0.08604116045838264,8642
temporal_tabular_small_ft_warmstart,prediction_temporal_tabular_er_train_score,train,1996-09-30,0.2267260938004969,8657
temporal_tabular_small_ft_warmstart,prediction_temporal_tabular_er_train_score,train,1996-10-31,0.142800421415945,8737
temporal_tabular_small_ft_warmstart,prediction_temporal_tabular_er_train_score,train,1996-11-29,0.1916030679819929,8804
temporal_tabular_small_ft_warmstart,prediction_temporal_tabular_er_train_score,train,1996-12-31,-0.09896848057795929,8822
temporal_tabular_small_ft_warmstart,prediction_temporal_tabular_er_train_score,train,1997-01-31,0.13752637500100365,8818
temporal_tabular_small_ft_warmstart,prediction_temporal_tabular_er_train_score,train,1997-02-28,0.18791881722584675,8832
temporal_tabular_small_ft_warmstart,prediction_temporal_tabular_er_train_score,train,1997-03-31,0.13683045001238348,8835
temporal_tabular_small_ft_warmstart,prediction_temporal_tabular_er_train_score,train,1997-04-30,0.011424332548047035,8844
temporal_tabular_small_ft_warmstart,prediction_temporal_tabular_er_train_score,train,1997-05-30,0.15974357000993564,8841
temporal_tabular_small_ft_warmstart,prediction_temporal_tabular_er_train_score,train,1997-06-30,0.1035216426911926,8843
temporal_tabular_small_ft_warmstart,prediction_temporal_tabular_er_train_score,train,1997-07-31,-0.017253123018861262,8856
temporal_tabular_small_ft_warmstart,prediction_temporal_tabular_er_train_score,train,1997-08-29,0.06447080496378749,8855
temporal_tabular_small_ft_warmstart,prediction_temporal_tabular_er_train_score,train,1997-09-30,0.06936698436415739,8853
temporal_tabular_small_ft_warmstart,prediction_temporal_tabular_er_train_score,train,1997-10-31,0.15933960470929157,8883
temporal_tabular_small_ft_warmstart,prediction_temporal_tabular_er_train_score,train,1997-11-28,0.2913392083288277,8903
temporal_tabular_small_ft_warmstart,prediction_temporal_tabular_er_train_score,train,1997-12-31,-0.1316502391365149,8873
temporal_tabular_small_ft_warmstart,prediction_temporal_tabular_er_train_score,train,1998-01-30,0.06569104073419418,8855
temporal_tabular_small_ft_warmstart,prediction_temporal_tabular_er_train_score,train,1998-02-27,0.12805786294470928,8847
temporal_tabular_small_ft_warmstart,prediction_temporal_tabular_er_train_score,train,1998-03-31,0.03703215322284118,8830
temporal_tabular_small_ft_warmstart,prediction_temporal_tabular_er_train_score,train,1998-04-30,0.128074243756982,8850
temporal_tabular_small_ft_warmstart,prediction_temporal_tabular_er_train_score,train,1998-05-29,0.16163924123122872,8836
temporal_tabular_small_ft_warmstart,prediction_temporal_tabular_er_train_score,train,1998-06-30,0.09874730809655256,8818
temporal_tabular_small_ft_warmstart,prediction_temporal_tabular_er_train_score,train,1998-07-31,0.19216765389901194,8804
temporal_tabular_small_ft_warmstart,prediction_temporal_tabular_er_train_score,train,1998-08-31,0.0030331535526354368,8757
temporal_tabular_small_ft_warmstart,prediction_temporal_tabular_er_train_score,train,1998-09-30,0.03518741146791917,8647
temporal_tabular_small_ft_warmstart,prediction_temporal_tabular_er_train_score,train,1998-10-30,0.016951846499586483,8582
temporal_tabular_small_ft_warmstart,prediction_temporal_tabular_er_train_score,train,1998-11-30,0.1309167223472516,8514
temporal_tabular_small_ft_warmstart,prediction_temporal_tabular_er_train_score,train,1998-12-31,-0.16980533439833836,8489
temporal_tabular_small_ft_warmstart,prediction_temporal_tabular_er_train_score,train,1999-01-29,0.09315074195977176,8445
temporal_tabular_small_ft_warmstart,prediction_temporal_tabular_er_train_score,train,1999-02-26,0.048777330018635004,8403
temporal_tabular_small_ft_warmstart,prediction_temporal_tabular_er_train_score,train,1999-03-31,0.020612339257132333,8328
temporal_tabular_small_ft_warmstart,prediction_temporal_tabular_er_train_score,train,1999-04-30,0.030674183266490986,8305
temporal_tabular_small_ft_warmstart,prediction_temporal_tabular_er_train_score,train,1999-05-28,0.10484892484692639,8295
temporal_tabular_small_ft_warmstart,prediction_temporal_tabular_er_train_score,train,1999-06-30,0.007694195025774744,8281
temporal_tabular_small_ft_warmstart,prediction_temporal_tabular_er_train_score,train,1999-07-30,0.06266640228616072,8272
temporal_tabular_small_ft_warmstart,prediction_temporal_tabular_er_train_score,train,1999-08-31,0.008483534645023166,8237
temporal_tabular_small_ft_warmstart,prediction_temporal_tabular_er_train_score,train,1999-09-30,0.0873612351029258,8226
temporal_tabular_small_ft_warmstart,prediction_temporal_tabular_er_train_score,train,1999-10-29,-0.18377890836743052,8228
temporal_tabular_small_ft_warmstart,prediction_temporal_tabular_er_train_score,train,1999-11-30,-0.051344492149152855,8209
temporal_tabular_small_ft_warmstart,prediction_temporal_tabular_er_train_score,train,1999-12-31,-0.23164373105692418,8193
temporal_tabular_small_ft_warmstart,prediction_temporal_tabular_er_train_score,train,2000-01-31,-0.23796425604562282,8154
temporal_tabular_small_ft_warmstart,prediction_temporal_tabular_er_train_score,train,2000-02-29,0.2441918455511802,8155
temporal_tabular_small_ft_warmstart,prediction_temporal_tabular_er_train_score,train,2000-03-31,0.3995395543867488,8148
temporal_tabular_small_ft_warmstart,prediction_temporal_tabular_er_train_score,train,2000-04-28,0.3344823863763377,8166
temporal_tabular_small_ft_warmstart,prediction_temporal_tabular_er_train_score,train,2000-05-31,-0.20795992515405154,8149
temporal_tabular_small_ft_warmstart,prediction_temporal_tabular_er_train_score,train,2000-06-30,0.2447757801005162,8163
temporal_tabular_small_ft_warmstart,prediction_temporal_tabular_er_train_score,train,2000-07-31,-0.002487621111414997,8180
temporal_tabular_small_ft_warmstart,prediction_temporal_tabular_er_train_score,train,2000-08-31,0.28857388324731376,8192
temporal_tabular_small_ft_warmstart,prediction_temporal_tabular_er_train_score,train,2000-09-29,0.3313653421285285,8157
temporal_tabular_small_ft_warmstart,prediction_temporal_tabular_er_train_score,train,2000-10-31,0.4674435974245052,8107
temporal_tabular_small_ft_warmstart,prediction_temporal_tabular_er_train_score,train,2000-11-30,0.33385892031310493,8036
temporal_tabular_small_ft_warmstart,prediction_temporal_tabular_er_train_score,train,2000-12-29,-0.441884666379766,7954
temporal_tabular_small_ft_warmstart,prediction_temporal_tabular_er_train_score,train,2001-01-31,0.44218881556208667,7893
temporal_tabular_small_ft_warmstart,prediction_temporal_tabular_er_train_score,train,2001-02-28,0.31477278852362495,7836
temporal_tabular_small_ft_warmstart,prediction_temporal_tabular_er_train_score,train,2001-03-30,-0.028096571506446684,7763
temporal_tabular_small_ft_warmstart,prediction_temporal_tabular_er_train_score,train,2001-04-30,0.024033004269810573,7679
temporal_tabular_small_ft_warmstart,prediction_temporal_tabular_er_train_score,train,2001-05-31,0.09841901948468525,7628
temporal_tabular_small_ft_warmstart,prediction_temporal_tabular_er_train_score,train,2001-06-29,0.24822426970934644,7575
temporal_tabular_small_ft_warmstart,prediction_temporal_tabular_er_train_score,train,2001-07-31,0.22684836367870692,7517
temporal_tabular_small_ft_warmstart,prediction_temporal_tabular_er_train_score,train,2001-08-31,0.24282901488071815,7461
temporal_tabular_small_ft_warmstart,prediction_temporal_tabular_er_train_score,train,2001-09-28,-0.14473176614253802,7426
temporal_tabular_small_ft_warmstart,prediction_temporal_tabular_er_train_score,train,2001-10-31,-0.06905168032056268,7375
temporal_tabular_small_ft_warmstart,prediction_temporal_tabular_er_train_score,train,2001-11-30,0.04703486750004379,7341
temporal_tabular_small_ft_warmstart,prediction_temporal_tabular_er_train_score,train,2001-12-31,0.07735673787454289,7300
temporal_tabular_small_ft_warmstart,prediction_temporal_tabular_er_train_score,train,2002-01-31,0.35621151477639434,7261
temporal_tabular_small_ft_warmstart,prediction_temporal_tabular_er_train_score,train,2002-02-28,0.02760480383928459,7225
temporal_tabular_small_ft_warmstart,prediction_temporal_tabular_er_train_score,train,2002-03-28,0.26541562323125534,7168
temporal_tabular_small_ft_warmstart,prediction_temporal_tabular_er_train_score,train,2002-04-30,0.18106211388958046,7139
temporal_tabular_small_ft_warmstart,prediction_temporal_tabular_er_train_score,train,2002-05-31,0.25976797746004565,7119
temporal_tabular_small_ft_warmstart,prediction_temporal_tabular_er_train_score,train,2002-06-28,0.0883081534382781,7084
temporal_tabular_small_ft_warmstart,prediction_temporal_tabular_er_train_score,train,2002-07-31,0.09103195563070035,7030
temporal_tabular_small_ft_warmstart,prediction_temporal_tabular_er_train_score,train,2002-08-30,0.19456128314457902,7002
temporal_tabular_small_ft_warmstart,prediction_temporal_tabular_er_train_score,train,2002-09-30,-0.017135311425845436,6948
temporal_tabular_small_ft_warmstart,prediction_temporal_tabular_er_train_score,train,2002-10-31,-0.17695479348169849,6931
temporal_tabular_small_ft_warmstart,prediction_temporal_tabular_er_train_score,train,2002-11-29,0.2062555002508471,6927
temporal_tabular_small_ft_warmstart,prediction_temporal_tabular_er_train_score,train,2002-12-31,-0.04663333161229409,6894
temporal_tabular_small_ft_warmstart,prediction_temporal_tabular_er_train_score,train,2003-01-31,0.033777892419224555,6847
temporal_tabular_small_ft_warmstart,prediction_temporal_tabular_er_train_score,train,2003-02-28,0.03573228066852804,6795
temporal_tabular_small_ft_warmstart,prediction_temporal_tabular_er_train_score,train,2003-03-31,-0.029584103280492942,6748
temporal_tabular_small_ft_warmstart,prediction_temporal_tabular_er_train_score,train,2003-04-30,-0.1681521968649455,6711
temporal_tabular_small_ft_warmstart,prediction_temporal_tabular_er_train_score,train,2003-05-30,-0.004135290071933416,6682
temporal_tabular_small_ft_warmstart,prediction_temporal_tabular_er_train_score,train,2003-06-30,0.050149134606175476,6648
temporal_tabular_small_ft_warmstart,prediction_temporal_tabular_er_train_score,train,2003-07-31,0.05499686046453617,6626
temporal_tabular_small_ft_warmstart,prediction_temporal_tabular_er_train_score,train,2003-08-29,-0.13068320263114266,6612
temporal_tabular_small_ft_warmstart,prediction_temporal_tabular_er_train_score,train,2003-09-30,0.07955918441441888,6607
temporal_tabular_small_ft_warmstart,prediction_temporal_tabular_er_train_score,train,2003-10-31,0.08187179226708706,6596
temporal_tabular_small_ft_warmstart,prediction_temporal_tabular_er_train_score,train,2003-11-28,0.09436725653873582,6589
temporal_tabular_small_ft_warmstart,prediction_temporal_tabular_er_train_score,train,2003-12-31,-0.18343713426626812,6592
temporal_tabular_small_ft_warmstart,prediction_temporal_tabular_er_train_score,train,2004-01-30,0.14825137745003092,6599
temporal_tabular_small_ft_warmstart,prediction_temporal_tabular_er_train_score,train,2004-02-27,0.11059441005744705,6599
temporal_tabular_small_ft_warmstart,prediction_temporal_tabular_er_train_score,train,2004-03-31,0.18844683756904157,6605
temporal_tabular_small_ft_warmstart,prediction_temporal_tabular_er_train_score,train,2004-04-30,0.05375548991790424,6593
temporal_tabular_small_ft_warmstart,prediction_temporal_tabular_er_train_score,train,2004-05-28,0.16202082207347768,6594
temporal_tabular_small_ft_warmstart,prediction_temporal_tabular_er_train_score,train,2004-06-30,0.1918635395111661,6592
temporal_tabular_small_ft_warmstart,prediction_temporal_tabular_er_train_score,train,2004-07-30,0.017725350357191826,6598
temporal_tabular_small_ft_warmstart,prediction_temporal_tabular_er_train_score,train,2004-08-31,0.08490062108471898,6602
temporal_tabular_small_ft_warmstart,prediction_temporal_tabular_er_train_score,train,2004-09-30,0.05348508662469168,6607
temporal_tabular_small_ft_warmstart,prediction_temporal_tabular_er_train_score,train,2004-10-29,0.062706147573332,6620
temporal_tabular_small_ft_warmstart,prediction_temporal_tabular_er_train_score,train,2004-11-30,-0.05518899272840691,6615
temporal_tabular_small_ft_warmstart,prediction_temporal_tabular_er_train_score,train,2004-12-31,0.12084854331053287,6633
temporal_tabular_small_ft_warmstart,prediction_temporal_tabular_er_train_score,train,2005-01-31,0.1424090980150024,6623
temporal_tabular_small_ft_warmstart,prediction_temporal_tabular_er_train_score,train,2005-02-28,0.14447513744134788,6637
temporal_tabular_small_ft_warmstart,prediction_temporal_tabular_er_train_score,train,2005-03-31,0.02419533473633534,6636
temporal_tabular_small_ft_warmstart,prediction_temporal_tabular_er_train_score,train,2005-04-29,0.03304001464220757,6628
temporal_tabular_small_ft_warmstart,prediction_temporal_tabular_er_train_score,train,2005-05-31,0.07387116011831553,6630
temporal_tabular_small_ft_warmstart,prediction_temporal_tabular_er_train_score,train,2005-06-30,0.06960893345746941,6652
temporal_tabular_small_ft_warmstart,prediction_temporal_tabular_er_train_score,train,2005-07-29,0.0437602771920596,6640
temporal_tabular_small_ft_warmstart,prediction_temporal_tabular_er_train_score,train,2005-08-31,0.07580021830542569,6643
temporal_tabular_small_ft_warmstart,prediction_temporal_tabular_er_train_score,train,2005-09-30,0.09260074435774972,6636
temporal_tabular_small_ft_warmstart,prediction_temporal_tabular_er_train_score,train,2005-10-31,0.10364090393300224,6636
temporal_tabular_small_ft_warmstart,prediction_temporal_tabular_er_train_score,train,2005-11-30,0.029949262038260743,6647
temporal_tabular_small_ft_warmstart,prediction_temporal_tabular_er_train_score,train,2005-12-30,0.0139455675821043,6647
temporal_tabular_small_ft_warmstart,prediction_temporal_tabular_er_train_score,train,2006-01-31,-0.03054694046905823,6620
temporal_tabular_small_ft_warmstart,prediction_temporal_tabular_er_train_score,train,2006-02-28,0.07761198983265309,6626
temporal_tabular_small_ft_warmstart,prediction_temporal_tabular_er_train_score,train,2006-03-31,0.08005010664798591,6633
temporal_tabular_small_ft_warmstart,prediction_temporal_tabular_er_train_score,train,2006-04-28,0.04676167007577887,6635
temporal_tabular_small_ft_warmstart,prediction_temporal_tabular_er_train_score,train,2006-05-31,0.09200061230155651,6653
temporal_tabular_small_ft_warmstart,prediction_temporal_tabular_er_train_score,train,2006-06-30,0.0485827602907085,6698
temporal_tabular_small_ft_warmstart,prediction_temporal_tabular_er_train_score,train,2006-07-31,-0.017108299035641997,6704
temporal_tabular_small_ft_warmstart,prediction_temporal_tabular_er_train_score,train,2006-08-31,0.037218695380223044,6698
temporal_tabular_small_ft_warmstart,prediction_temporal_tabular_er_train_score,train,2006-09-29,0.07101187313479079,6722
temporal_tabular_small_ft_warmstart,prediction_temporal_tabular_er_train_score,train,2006-10-31,0.05518644532718298,6735
temporal_tabular_small_ft_warmstart,prediction_temporal_tabular_er_train_score,train,2006-11-30,0.038018212313135694,6748
temporal_tabular_small_ft_warmstart,prediction_temporal_tabular_er_train_score,train,2006-12-29,0.04444848644542189,6739
temporal_tabular_small_ft_warmstart,prediction_temporal_tabular_er_train_score,train,2007-01-31,0.0025322913989225546,6755
temporal_tabular_small_ft_warmstart,prediction_temporal_tabular_er_train_score,train,2007-02-28,0.07092891702416562,6797
temporal_tabular_small_ft_warmstart,prediction_temporal_tabular_er_train_score,train,2007-03-30,0.04757101883609284,6812
temporal_tabular_small_ft_warmstart,prediction_temporal_tabular_er_train_score,train,2007-04-30,0.18266717719496808,6809
temporal_tabular_small_ft_warmstart,prediction_temporal_tabular_er_train_score,train,2007-05-31,0.09674225457005406,6839
temporal_tabular_small_ft_warmstart,prediction_temporal_tabular_er_train_score,train,2007-06-29,0.02405446042727809,6849
temporal_tabular_small_ft_warmstart,prediction_temporal_tabular_er_train_score,train,2007-07-31,0.05018980621158344,6854
temporal_tabular_small_ft_warmstart,prediction_temporal_tabular_er_train_score,train,2007-08-31,0.04261003311493742,6853
temporal_tabular_small_ft_warmstart,prediction_temporal_tabular_er_train_score,train,2007-09-28,0.14089684596438584,6844
temporal_tabular_small_ft_warmstart,prediction_temporal_tabular_er_train_score,train,2007-10-31,0.058378021255399856,6856
temporal_tabular_small_ft_warmstart,prediction_temporal_tabular_er_train_score,train,2007-11-30,0.0629890998953352,6884
temporal_tabular_small_ft_warmstart,prediction_temporal_tabular_er_train_score,train,2007-12-31,-0.10180177030670548,6912
temporal_tabular_small_ft_warmstart,prediction_temporal_tabular_er_train_score,train,2008-01-31,0.07878963532301267,6906
temporal_tabular_small_ft_warmstart,prediction_temporal_tabular_er_train_score,train,2008-02-29,0.10458814334389785,6879
temporal_tabular_small_ft_warmstart,prediction_temporal_tabular_er_train_score,train,2008-03-31,0.07668388474712855,6867
temporal_tabular_small_ft_warmstart,prediction_temporal_tabular_er_train_score,train,2008-04-30,0.06409830838787059,6840
temporal_tabular_small_ft_warmstart,prediction_temporal_tabular_er_train_score,train,2008-05-30,0.027627835153921056,6848
temporal_tabular_small_ft_warmstart,prediction_temporal_tabular_er_train_score,train,2008-06-30,0.04192172230423011,6830
temporal_tabular_small_ft_warmstart,prediction_temporal_tabular_er_train_score,train,2008-07-31,0.05003409706651712,6827
temporal_tabular_small_ft_warmstart,prediction_temporal_tabular_er_train_score,train,2008-08-29,0.17625673600155986,6785
temporal_tabular_small_ft_warmstart,prediction_temporal_tabular_er_train_score,train,2008-09-30,-0.002522038212439484,6764
temporal_tabular_small_ft_warmstart,prediction_temporal_tabular_er_train_score,train,2008-10-31,0.08797891276992437,6719
temporal_tabular_small_ft_warmstart,prediction_temporal_tabular_er_train_score,train,2008-11-28,0.07581324968915229,6709
temporal_tabular_small_ft_warmstart,prediction_temporal_tabular_er_train_score,train,2008-12-31,-0.1951207751409544,6679
temporal_tabular_small_ft_warmstart,prediction_temporal_tabular_er_train_score,train,2009-01-30,0.05655394738392163,6650
temporal_tabular_small_ft_warmstart,prediction_temporal_tabular_er_train_score,train,2009-02-27,-0.017574276013978884,6606
temporal_tabular_small_ft_warmstart,prediction_temporal_tabular_er_train_score,train,2009-03-31,-0.023109779860355548,6554
temporal_tabular_small_ft_warmstart,prediction_temporal_tabular_er_train_score,train,2009-04-30,-0.06291603321893398,6538
temporal_tabular_small_ft_warmstart,prediction_temporal_tabular_er_train_score,train,2009-05-29,-0.0010105539613896747,6494
temporal_tabular_small_ft_warmstart,prediction_temporal_tabular_er_train_score,train,2009-06-30,0.09463396555844561,6485
temporal_tabular_small_ft_warmstart,prediction_temporal_tabular_er_train_score,train,2009-07-31,-0.08869348233942541,6465
temporal_tabular_small_ft_warmstart,prediction_temporal_tabular_er_train_score,train,2009-08-31,-0.020109970874246586,6457
temporal_tabular_small_ft_warmstart,prediction_temporal_tabular_er_train_score,train,2009-09-30,0.11211448437363097,6453
temporal_tabular_small_ft_warmstart,prediction_temporal_tabular_er_train_score,train,2009-10-30,0.10960597761559454,6452
temporal_tabular_small_ft_warmstart,prediction_temporal_tabular_er_train_score,train,2009-11-30,0.0817251569211772,6462
temporal_tabular_small_ft_warmstart,prediction_temporal_tabular_er_train_score,train,2009-12-31,-0.09275380148671795,6465
temporal_tabular_small_ft_warmstart,prediction_temporal_tabular_er_train_score,train,2010-01-29,0.09750192986186096,6467
temporal_tabular_small_ft_warmstart,prediction_temporal_tabular_er_train_score,train,2010-02-26,0.10902653183855084,6468
temporal_tabular_small_ft_warmstart,prediction_temporal_tabular_er_train_score,train,2010-03-31,-0.036828262781996406,6468
temporal_tabular_small_ft_warmstart,prediction_temporal_tabular_er_train_score,train,2010-04-30,0.07814815789707473,6492
temporal_tabular_small_ft_warmstart,prediction_temporal_tabular_er_train_score,train,2010-05-28,0.08784428493589042,6469
temporal_tabular_small_ft_warmstart,prediction_temporal_tabular_er_train_score,train,2010-06-30,0.09941539575598617,6486
temporal_tabular_small_ft_warmstart,prediction_temporal_tabular_er_train_score,train,2010-07-30,-0.004124054459375769,6501
temporal_tabular_small_ft_warmstart,prediction_temporal_tabular_er_train_score,train,2010-08-31,0.12319645351457195,6501
temporal_tabular_small_ft_warmstart,prediction_temporal_tabular_er_train_score,train,2010-09-30,0.1268311007090478,6500
temporal_tabular_small_ft_warmstart,prediction_temporal_tabular_er_train_score,train,2010-10-29,0.15570502817814952,6498
temporal_tabular_small_ft_warmstart,prediction_temporal_tabular_er_train_score,train,2010-11-30,0.10056280050768361,6504
temporal_tabular_small_ft_warmstart,prediction_temporal_tabular_classifier_score,validation,2010-12-31,0.046747509506065446,6508
temporal_tabular_small_ft_warmstart,prediction_temporal_tabular_classifier_score,validation,2011-01-31,0.0832269058850372,6534
temporal_tabular_small_ft_warmstart,prediction_temporal_tabular_classifier_score,validation,2011-02-28,0.1599119053168638,6533
temporal_tabular_small_ft_warmstart,prediction_temporal_tabular_classifier_score,validation,2011-03-31,0.15465149264982708,6542
temporal_tabular_small_ft_warmstart,prediction_temporal_tabular_classifier_score,validation,2011-04-29,0.12011347931861416,6561
temporal_tabular_small_ft_warmstart,prediction_temporal_tabular_classifier_score,validation,2011-05-31,0.1600423509410427,6593
temporal_tabular_small_ft_warmstart,prediction_temporal_tabular_classifier_score,validation,2011-06-30,-0.015176435173828018,6612
temporal_tabular_small_ft_warmstart,prediction_temporal_tabular_classifier_score,validation,2011-07-29,0.14486221258682505,6621
temporal_tabular_small_ft_warmstart,prediction_temporal_tabular_classifier_score,validation,2011-08-31,0.1067218547846874,6621
temporal_tabular_small_ft_warmstart,prediction_temporal_tabular_classifier_score,validation,2011-09-30,0.07285788658450792,6627
temporal_tabular_small_ft_warmstart,prediction_temporal_tabular_classifier_score,validation,2011-10-31,0.1770476620070014,6612
temporal_tabular_small_ft_warmstart,prediction_temporal_tabular_classifier_score,validation,2011-11-30,0.08441768585104746,6610
temporal_tabular_small_ft_warmstart,prediction_temporal_tabular_classifier_score,validation,2011-12-30,-0.10452375838677837,6604
temporal_tabular_small_ft_warmstart,prediction_temporal_tabular_classifier_score,validation,2012-01-31,0.06993243004363886,6625
temporal_tabular_small_ft_warmstart,prediction_temporal_tabular_classifier_score,validation,2012-02-29,0.10324651736768171,6651
temporal_tabular_small_ft_warmstart,prediction_temporal_tabular_classifier_score,validation,2012-03-30,0.08663026906352699,6663
temporal_tabular_small_ft_warmstart,prediction_temporal_tabular_classifier_score,validation,2012-04-30,0.05536260376248345,6681
temporal_tabular_small_ft_warmstart,prediction_temporal_tabular_classifier_score,validation,2012-05-31,0.11393856411653568,6689
temporal_tabular_small_ft_warmstart,prediction_temporal_tabular_classifier_score,validation,2012-06-29,0.11404014862056856,6667
temporal_tabular_small_ft_warmstart,prediction_temporal_tabular_classifier_score,validation,2012-07-31,0.0848124244347633,6669
temporal_tabular_small_ft_warmstart,prediction_temporal_tabular_classifier_score,validation,2012-08-31,0.05213625505346468,6638
temporal_tabular_small_ft_warmstart,prediction_temporal_tabular_classifier_score,validation,2012-09-28,0.15471442591285423,6610
temporal_tabular_small_ft_warmstart,prediction_temporal_tabular_classifier_score,validation,2012-10-31,0.09352924363011125,6592
temporal_tabular_small_ft_warmstart,prediction_temporal_tabular_classifier_score,validation,2012-11-30,0.13325714892607496,6587
temporal_tabular_small_ft_warmstart,prediction_temporal_tabular_classifier_score,validation,2012-12-31,0.039485144089811616,6581
temporal_tabular_small_ft_warmstart,prediction_temporal_tabular_classifier_score,validation,2013-01-31,0.12465349176524207,6571
temporal_tabular_small_ft_warmstart,prediction_temporal_tabular_classifier_score,validation,2013-02-28,0.1021800586344032,6574
temporal_tabular_small_ft_warmstart,prediction_temporal_tabular_classifier_score,validation,2013-03-28,0.07282413891979377,6551
temporal_tabular_small_ft_warmstart,prediction_temporal_tabular_classifier_score,validation,2013-04-30,-0.0025491291728723417,6563
temporal_tabular_small_ft_warmstart,prediction_temporal_tabular_classifier_score,validation,2013-05-31,0.09000148401454945,6583
temporal_tabular_small_ft_warmstart,prediction_temporal_tabular_classifier_score,validation,2013-06-28,0.009333543372399672,6602
temporal_tabular_small_ft_warmstart,prediction_temporal_tabular_classifier_score,validation,2013-07-31,-0.06862497549391709,6626
temporal_tabular_small_ft_warmstart,prediction_temporal_tabular_classifier_score,validation,2013-08-30,0.09721697094785635,6645
temporal_tabular_small_ft_warmstart,prediction_temporal_tabular_classifier_score,validation,2013-09-30,0.1801515844291634,6657
temporal_tabular_small_ft_warmstart,prediction_temporal_tabular_classifier_score,validation,2013-10-31,0.07215867346461954,6688
temporal_tabular_small_ft_warmstart,prediction_temporal_tabular_classifier_score,validation,2013-11-29,0.03577652888595816,6714
temporal_tabular_small_ft_warmstart,prediction_temporal_tabular_classifier_score,validation,2013-12-31,-0.18091331721168416,6716
temporal_tabular_small_ft_warmstart,prediction_temporal_tabular_classifier_score,validation,2014-01-31,0.02523328224398188,6746
temporal_tabular_small_ft_warmstart,prediction_temporal_tabular_classifier_score,validation,2014-02-28,0.1547295526017612,6767
temporal_tabular_small_ft_warmstart,prediction_temporal_tabular_classifier_score,validation,2014-03-31,0.17079822252437138,6793
temporal_tabular_small_ft_warmstart,prediction_temporal_tabular_classifier_score,validation,2014-04-30,0.14643578241117594,6815
temporal_tabular_small_ft_warmstart,prediction_temporal_tabular_classifier_score,validation,2014-05-30,-0.015090339616415307,6849
temporal_tabular_small_ft_warmstart,prediction_temporal_tabular_classifier_score,validation,2014-06-30,0.10726443540095774,6886
temporal_tabular_small_ft_warmstart,prediction_temporal_tabular_classifier_score,validation,2014-07-31,0.09383127531263405,6922
temporal_tabular_small_ft_warmstart,prediction_temporal_tabular_classifier_score,validation,2014-08-29,0.11347170688640469,6946
temporal_tabular_small_ft_warmstart,prediction_temporal_tabular_classifier_score,validation,2014-09-30,0.21293734101780804,6951
temporal_tabular_small_ft_warmstart,prediction_temporal_tabular_classifier_score,validation,2014-10-31,0.1443033801310554,6977
temporal_tabular_small_ft_warmstart,prediction_temporal_tabular_classifier_score,validation,2014-11-28,0.13436110709997243,7001
temporal_tabular_small_ft_warmstart,prediction_temporal_tabular_classifier_score,validation,2014-12-31,0.033277543225044864,6993
temporal_tabular_small_ft_warmstart,prediction_temporal_tabular_classifier_score,validation,2015-01-30,-0.010506230202057489,6981
temporal_tabular_small_ft_warmstart,prediction_temporal_tabular_classifier_score,validation,2015-02-27,0.1900776155104004,6995
temporal_tabular_small_ft_warmstart,prediction_temporal_tabular_classifier_score,validation,2015-03-31,-0.10289475900189254,7000
temporal_tabular_small_ft_warmstart,prediction_temporal_tabular_classifier_score,validation,2015-04-30,0.12395503958688585,7028
temporal_tabular_small_ft_warmstart,prediction_temporal_tabular_classifier_score,validation,2015-05-29,0.1132476545000496,7048
temporal_tabular_small_ft_warmstart,prediction_temporal_tabular_classifier_score,validation,2015-06-30,0.258094726379261,7085
temporal_tabular_small_ft_warmstart,prediction_temporal_tabular_classifier_score,validation,2015-07-31,0.020289060832102686,7140
temporal_tabular_small_ft_warmstart,prediction_temporal_tabular_classifier_score,validation,2015-08-31,0.25165390335821336,7146
temporal_tabular_small_ft_warmstart,prediction_temporal_tabular_classifier_score,validation,2015-09-30,0.06102520162334559,7146
temporal_tabular_small_ft_warmstart,prediction_temporal_tabular_classifier_score,validation,2015-10-30,0.1077331166166263,7151
temporal_tabular_small_ft_warmstart,prediction_temporal_tabular_classifier_score,validation,2015-11-30,0.12377927613658395,7177
temporal_tabular_small_ft_warmstart,prediction_temporal_tabular_er_train_score,validation,2010-12-31,0.03351823491110111,6508
temporal_tabular_small_ft_warmstart,prediction_temporal_tabular_er_train_score,validation,2011-01-31,0.11993870952724263,6534
temporal_tabular_small_ft_warmstart,prediction_temporal_tabular_er_train_score,validation,2011-02-28,0.1369967065190279,6533
temporal_tabular_small_ft_warmstart,prediction_temporal_tabular_er_train_score,validation,2011-03-31,0.07804035609235276,6542
temporal_tabular_small_ft_warmstart,prediction_temporal_tabular_er_train_score,validation,2011-04-29,-0.04351687227941717,6561
temporal_tabular_small_ft_warmstart,prediction_temporal_tabular_er_train_score,validation,2011-05-31,0.03174772586693751,6593
temporal_tabular_small_ft_warmstart,prediction_temporal_tabular_er_train_score,validation,2011-06-30,-0.06110420751373392,6612
temporal_tabular_small_ft_warmstart,prediction_temporal_tabular_er_train_score,validation,2011-07-29,-0.13960501390778618,6621
temporal_tabular_small_ft_warmstart,prediction_temporal_tabular_er_train_score,validation,2011-08-31,-0.11723494352181854,6621
temporal_tabular_small_ft_warmstart,prediction_temporal_tabular_er_train_score,validation,2011-09-30,0.25468472440550766,6627
temporal_tabular_small_ft_warmstart,prediction_temporal_tabular_er_train_score,validation,2011-10-31,0.04816598391152341,6612
temporal_tabular_small_ft_warmstart,prediction_temporal_tabular_er_train_score,validation,2011-11-30,-0.03251955540857114,6610
temporal_tabular_small_ft_warmstart,prediction_temporal_tabular_er_train_score,validation,2011-12-30,0.09351423285189564,6604
temporal_tabular_small_ft_warmstart,prediction_temporal_tabular_er_train_score,validation,2012-01-31,0.11266444247918418,6625
temporal_tabular_small_ft_warmstart,prediction_temporal_tabular_er_train_score,validation,2012-02-29,0.11562901847199132,6651
temporal_tabular_small_ft_warmstart,prediction_temporal_tabular_er_train_score,validation,2012-03-30,-0.055160991356177906,6663
temporal_tabular_small_ft_warmstart,prediction_temporal_tabular_er_train_score,validation,2012-04-30,-0.14294333377914245,6681
temporal_tabular_small_ft_warmstart,prediction_temporal_tabular_er_train_score,validation,2012-05-31,0.10422439878571499,6689
temporal_tabular_small_ft_warmstart,prediction_temporal_tabular_er_train_score,validation,2012-06-29,-0.042343479751260356,6667
temporal_tabular_small_ft_warmstart,prediction_temporal_tabular_er_train_score,validation,2012-07-31,0.12216655773002895,6669
temporal_tabular_small_ft_warmstart,prediction_temporal_tabular_er_train_score,validation,2012-08-31,0.09639160816646083,6638
temporal_tabular_small_ft_warmstart,prediction_temporal_tabular_er_train_score,validation,2012-09-28,0.03765769256554794,6610
temporal_tabular_small_ft_warmstart,prediction_temporal_tabular_er_train_score,validation,2012-10-31,0.05606671540066146,6592
temporal_tabular_small_ft_warmstart,prediction_temporal_tabular_er_train_score,validation,2012-11-30,0.20393445303456229,6587
temporal_tabular_small_ft_warmstart,prediction_temporal_tabular_er_train_score,validation,2012-12-31,0.1016474433034735,6581
temporal_tabular_small_ft_warmstart,prediction_temporal_tabular_er_train_score,validation,2013-01-31,0.07653062400323021,6571
temporal_tabular_small_ft_warmstart,prediction_temporal_tabular_er_train_score,validation,2013-02-28,0.12565659099923857,6574
temporal_tabular_small_ft_warmstart,prediction_temporal_tabular_er_train_score,validation,2013-03-28,-0.06250665222856766,6551
temporal_tabular_small_ft_warmstart,prediction_temporal_tabular_er_train_score,validation,2013-04-30,0.197603443137351,6563
temporal_tabular_small_ft_warmstart,prediction_temporal_tabular_er_train_score,validation,2013-05-31,0.10299947272070037,6583
temporal_tabular_small_ft_warmstart,prediction_temporal_tabular_er_train_score,validation,2013-06-28,0.1202945485011543,6602
temporal_tabular_small_ft_warmstart,prediction_temporal_tabular_er_train_score,validation,2013-07-31,-0.02365417151063837,6626
temporal_tabular_small_ft_warmstart,prediction_temporal_tabular_er_train_score,validation,2013-08-30,0.15297923054264095,6645
temporal_tabular_small_ft_warmstart,prediction_temporal_tabular_er_train_score,validation,2013-09-30,0.11317953362089826,6657
temporal_tabular_small_ft_warmstart,prediction_temporal_tabular_er_train_score,validation,2013-10-31,0.14965358215687619,6688
temporal_tabular_small_ft_warmstart,prediction_temporal_tabular_er_train_score,validation,2013-11-29,0.05331093423679135,6714
temporal_tabular_small_ft_warmstart,prediction_temporal_tabular_er_train_score,validation,2013-12-31,-0.16617670927537356,6716
temporal_tabular_small_ft_warmstart,prediction_temporal_tabular_er_train_score,validation,2014-01-31,0.03836518720591556,6746
temporal_tabular_small_ft_warmstart,prediction_temporal_tabular_er_train_score,validation,2014-02-28,0.06059122462326691,6767
temporal_tabular_small_ft_warmstart,prediction_temporal_tabular_er_train_score,validation,2014-03-31,-0.031742597775292605,6793
temporal_tabular_small_ft_warmstart,prediction_temporal_tabular_er_train_score,validation,2014-04-30,0.050791370451879626,6815
temporal_tabular_small_ft_warmstart,prediction_temporal_tabular_er_train_score,validation,2014-05-30,0.06438995272959151,6849
temporal_tabular_small_ft_warmstart,prediction_temporal_tabular_er_train_score,validation,2014-06-30,-0.03721468870048372,6886
temporal_tabular_small_ft_warmstart,prediction_temporal_tabular_er_train_score,validation,2014-07-31,0.11706324597380925,6922
temporal_tabular_small_ft_warmstart,prediction_temporal_tabular_er_train_score,validation,2014-08-29,-0.039830414241977266,6946
temporal_tabular_small_ft_warmstart,prediction_temporal_tabular_er_train_score,validation,2014-09-30,0.18732428416741229,6951
temporal_tabular_small_ft_warmstart,prediction_temporal_tabular_er_train_score,validation,2014-10-31,0.03807623467256271,6977
temporal_tabular_small_ft_warmstart,prediction_temporal_tabular_er_train_score,validation,2014-11-28,0.1706659873258781,7001
temporal_tabular_small_ft_warmstart,prediction_temporal_tabular_er_train_score,validation,2014-12-31,-0.08586857181972096,6993
temporal_tabular_small_ft_warmstart,prediction_temporal_tabular_er_train_score,validation,2015-01-30,0.07705705637361925,6981
temporal_tabular_small_ft_warmstart,prediction_temporal_tabular_er_train_score,validation,2015-02-27,0.16120229134575034,6995
temporal_tabular_small_ft_warmstart,prediction_temporal_tabular_er_train_score,validation,2015-03-31,-0.11236390720183079,7000
temporal_tabular_small_ft_warmstart,prediction_temporal_tabular_er_train_score,validation,2015-04-30,0.09600390476233713,7028
temporal_tabular_small_ft_warmstart,prediction_temporal_tabular_er_train_score,validation,2015-05-29,0.13488800035032605,7048
temporal_tabular_small_ft_warmstart,prediction_temporal_tabular_er_train_score,validation,2015-06-30,0.046043753981452,7085
temporal_tabular_small_ft_warmstart,prediction_temporal_tabular_er_train_score,validation,2015-07-31,-0.04287958012492102,7140
temporal_tabular_small_ft_warmstart,prediction_temporal_tabular_er_train_score,validation,2015-08-31,0.03991037051087287,7146
temporal_tabular_small_ft_warmstart,prediction_temporal_tabular_er_train_score,validation,2015-09-30,0.08808830795892422,7146
temporal_tabular_small_ft_warmstart,prediction_temporal_tabular_er_train_score,validation,2015-10-30,0.10096818120308663,7151
temporal_tabular_small_ft_warmstart,prediction_temporal_tabular_er_train_score,validation,2015-11-30,-0.03255508177204342,7177
temporal_tabular_small_ft_warmstart,prediction_temporal_tabular_classifier_score,test,2015-12-31,0.18300053600702146,7175
temporal_tabular_small_ft_warmstart,prediction_temporal_tabular_classifier_score,test,2016-01-29,0.04231211116875161,7146
temporal_tabular_small_ft_warmstart,prediction_temporal_tabular_classifier_score,test,2016-02-29,-0.007508683243227388,7134
temporal_tabular_small_ft_warmstart,prediction_temporal_tabular_classifier_score,test,2016-03-31,-0.1145215049582594,7115
temporal_tabular_small_ft_warmstart,prediction_temporal_tabular_classifier_score,test,2016-04-29,0.16435074061282665,7106
temporal_tabular_small_ft_warmstart,prediction_temporal_tabular_classifier_score,test,2016-05-31,0.0522362647585577,7115
temporal_tabular_small_ft_warmstart,prediction_temporal_tabular_classifier_score,test,2016-06-30,0.007404516761485235,7119
temporal_tabular_small_ft_warmstart,prediction_temporal_tabular_classifier_score,test,2016-07-29,0.04638134212490772,7119
temporal_tabular_small_ft_warmstart,prediction_temporal_tabular_classifier_score,test,2016-08-31,-0.041532007367011396,7082
temporal_tabular_small_ft_warmstart,prediction_temporal_tabular_classifier_score,test,2016-09-30,0.25394879884524935,7090
temporal_tabular_small_ft_warmstart,prediction_temporal_tabular_classifier_score,test,2016-10-31,0.0602414753270223,7107
temporal_tabular_small_ft_warmstart,prediction_temporal_tabular_classifier_score,test,2016-11-30,0.21796419149751817,7096
temporal_tabular_small_ft_warmstart,prediction_temporal_tabular_classifier_score,test,2016-12-30,-0.0633988773975042,7108
temporal_tabular_small_ft_warmstart,prediction_temporal_tabular_classifier_score,test,2017-01-31,0.12671025183285323,7126
temporal_tabular_small_ft_warmstart,prediction_temporal_tabular_classifier_score,test,2017-02-28,0.05474419759303253,7109
temporal_tabular_small_ft_warmstart,prediction_temporal_tabular_classifier_score,test,2017-03-31,0.1710357567396355,7110
temporal_tabular_small_ft_warmstart,prediction_temporal_tabular_classifier_score,test,2017-04-28,0.1300714728439977,7129
temporal_tabular_small_ft_warmstart,prediction_temporal_tabular_classifier_score,test,2017-05-31,0.02787563535820558,7144
temporal_tabular_small_ft_warmstart,prediction_temporal_tabular_classifier_score,test,2017-06-30,0.11911935196252789,7146
temporal_tabular_small_ft_warmstart,prediction_temporal_tabular_classifier_score,test,2017-07-31,0.05171458892555216,7157
temporal_tabular_small_ft_warmstart,prediction_temporal_tabular_classifier_score,test,2017-08-31,0.023256157652393125,7132
temporal_tabular_small_ft_warmstart,prediction_temporal_tabular_classifier_score,test,2017-09-29,0.18943138304964807,7116
temporal_tabular_small_ft_warmstart,prediction_temporal_tabular_classifier_score,test,2017-10-31,0.09033288423801016,7152
temporal_tabular_small_ft_warmstart,prediction_temporal_tabular_classifier_score,test,2017-11-30,0.0031652264332764153,7206
temporal_tabular_small_ft_warmstart,prediction_temporal_tabular_classifier_score,test,2017-12-29,0.07730549204714184,7205
temporal_tabular_small_ft_warmstart,prediction_temporal_tabular_classifier_score,test,2018-01-31,0.007675130869308356,7242
temporal_tabular_small_ft_warmstart,prediction_temporal_tabular_classifier_score,test,2018-02-28,0.07279060174266085,7264
temporal_tabular_small_ft_warmstart,prediction_temporal_tabular_classifier_score,test,2018-03-29,0.0299600585123303,7211
temporal_tabular_small_ft_warmstart,prediction_temporal_tabular_classifier_score,test,2018-04-30,0.024246266167977086,7258
temporal_tabular_small_ft_warmstart,prediction_temporal_tabular_classifier_score,test,2018-05-31,0.06950314952911263,7270
temporal_tabular_small_ft_warmstart,prediction_temporal_tabular_classifier_score,test,2018-06-29,0.18712039322391052,7322
temporal_tabular_small_ft_warmstart,prediction_temporal_tabular_classifier_score,test,2018-07-31,0.027392040135990135,7355
temporal_tabular_small_ft_warmstart,prediction_temporal_tabular_classifier_score,test,2018-08-31,0.07111072314143921,7344
temporal_tabular_small_ft_warmstart,prediction_temporal_tabular_classifier_score,test,2018-09-28,0.118631927800504,7373
temporal_tabular_small_ft_warmstart,prediction_temporal_tabular_classifier_score,test,2018-10-31,0.18678135830483666,7413
temporal_tabular_small_ft_warmstart,prediction_temporal_tabular_classifier_score,test,2018-11-30,0.1923847200017724,7412
temporal_tabular_small_ft_warmstart,prediction_temporal_tabular_classifier_score,test,2018-12-31,-0.1365903600091778,7407
temporal_tabular_small_ft_warmstart,prediction_temporal_tabular_classifier_score,test,2019-01-31,0.04652250744160996,7408
temporal_tabular_small_ft_warmstart,prediction_temporal_tabular_classifier_score,test,2019-02-28,0.03895039577388759,7390
temporal_tabular_small_ft_warmstart,prediction_temporal_tabular_classifier_score,test,2019-03-29,0.20306805857424592,7390
temporal_tabular_small_ft_warmstart,prediction_temporal_tabular_classifier_score,test,2019-04-30,0.1148757363632555,7396
temporal_tabular_small_ft_warmstart,prediction_temporal_tabular_classifier_score,test,2019-05-31,0.15305879672426487,7458
temporal_tabular_small_ft_warmstart,prediction_temporal_tabular_classifier_score,test,2019-06-28,0.18299240795434282,7471
temporal_tabular_small_ft_warmstart,prediction_temporal_tabular_classifier_score,test,2019-07-31,0.06036733083120627,7494
temporal_tabular_small_ft_warmstart,prediction_temporal_tabular_classifier_score,test,2019-08-30,0.15008768734656872,7486
temporal_tabular_small_ft_warmstart,prediction_temporal_tabular_classifier_score,test,2019-09-30,0.1602065052885709,7500
temporal_tabular_small_ft_warmstart,prediction_temporal_tabular_classifier_score,test,2019-10-31,0.09698933473523218,7504
temporal_tabular_small_ft_warmstart,prediction_temporal_tabular_classifier_score,test,2019-11-29,0.005218083590635951,7501
temporal_tabular_small_ft_warmstart,prediction_temporal_tabular_classifier_score,test,2019-12-31,-0.010512127163576078,7500
temporal_tabular_small_ft_warmstart,prediction_temporal_tabular_classifier_score,test,2020-01-31,-0.01610158005121667,7506
temporal_tabular_small_ft_warmstart,prediction_temporal_tabular_classifier_score,test,2020-02-28,0.03259829109529763,7506
temporal_tabular_small_ft_warmstart,prediction_temporal_tabular_classifier_score,test,2020-03-31,-0.1229733590763533,7475
temporal_tabular_small_ft_warmstart,prediction_temporal_tabular_classifier_score,test,2020-04-30,0.0030083552521470575,7480
temporal_tabular_small_ft_warmstart,prediction_temporal_tabular_classifier_score,test,2020-05-29,-0.08641661416322413,7473
temporal_tabular_small_ft_warmstart,prediction_temporal_tabular_classifier_score,test,2020-06-30,0.05472302397992356,7519
temporal_tabular_small_ft_warmstart,prediction_temporal_tabular_classifier_score,test,2020-07-31,0.14707506721129016,7547
temporal_tabular_small_ft_warmstart,prediction_temporal_tabular_classifier_score,test,2020-08-31,0.02043550554279204,7574
temporal_tabular_small_ft_warmstart,prediction_temporal_tabular_classifier_score,test,2020-09-30,0.1508156911262492,7628
temporal_tabular_small_ft_warmstart,prediction_temporal_tabular_classifier_score,test,2020-10-30,-0.050934758298419695,7701
temporal_tabular_small_ft_warmstart,prediction_temporal_tabular_classifier_score,test,2020-11-30,0.11817142365039644,7773
temporal_tabular_small_ft_warmstart,prediction_temporal_tabular_classifier_score,test,2020-12-31,-0.24745791591023103,7875
temporal_tabular_small_ft_warmstart,prediction_temporal_tabular_classifier_score,test,2021-01-29,0.0951947902671517,7964
temporal_tabular_small_ft_warmstart,prediction_temporal_tabular_classifier_score,test,2021-02-26,0.279484634901711,8055
temporal_tabular_small_ft_warmstart,prediction_temporal_tabular_classifier_score,test,2021-03-31,0.29067913188170524,8212
temporal_tabular_small_ft_warmstart,prediction_temporal_tabular_classifier_score,test,2021-04-30,0.13216115417668486,8360
temporal_tabular_small_ft_warmstart,prediction_temporal_tabular_classifier_score,test,2021-05-28,-0.15552462684432325,8479
temporal_tabular_small_ft_warmstart,prediction_temporal_tabular_classifier_score,test,2021-06-30,0.36237417738046496,8587
temporal_tabular_small_ft_warmstart,prediction_temporal_tabular_classifier_score,test,2021-07-30,0.11828195193765975,8722
temporal_tabular_small_ft_warmstart,prediction_temporal_tabular_classifier_score,test,2021-08-31,0.1085380401919277,8776
temporal_tabular_small_ft_warmstart,prediction_temporal_tabular_classifier_score,test,2021-09-30,0.26124917162524053,8872
temporal_tabular_small_ft_warmstart,prediction_temporal_tabular_classifier_score,test,2021-10-29,0.22541865614990098,8968
temporal_tabular_small_ft_warmstart,prediction_temporal_tabular_classifier_score,test,2021-11-30,0.37204900010316716,9068
temporal_tabular_small_ft_warmstart,prediction_temporal_tabular_classifier_score,test,2021-12-31,0.234341814215184,9189
temporal_tabular_small_ft_warmstart,prediction_temporal_tabular_classifier_score,test,2022-01-31,0.10111775005174739,9272
temporal_tabular_small_ft_warmstart,prediction_temporal_tabular_classifier_score,test,2022-02-28,0.05657452830947318,9347
temporal_tabular_small_ft_warmstart,prediction_temporal_tabular_classifier_score,test,2022-03-31,0.24476962411298575,9382
temporal_tabular_small_ft_warmstart,prediction_temporal_tabular_classifier_score,test,2022-04-29,0.2187651923456033,9421
temporal_tabular_small_ft_warmstart,prediction_temporal_tabular_classifier_score,test,2022-05-31,-0.018019607423931924,9432
temporal_tabular_small_ft_warmstart,prediction_temporal_tabular_classifier_score,test,2022-06-30,0.11167801351343352,9457
temporal_tabular_small_ft_warmstart,prediction_temporal_tabular_classifier_score,test,2022-07-29,-0.05925057841921054,9458
temporal_tabular_small_ft_warmstart,prediction_temporal_tabular_classifier_score,test,2022-08-31,0.13057789490484786,9469
temporal_tabular_small_ft_warmstart,prediction_temporal_tabular_classifier_score,test,2022-09-30,0.3228927505432189,9495
temporal_tabular_small_ft_warmstart,prediction_temporal_tabular_classifier_score,test,2022-10-31,0.2539109937372492,9483
temporal_tabular_small_ft_warmstart,prediction_temporal_tabular_classifier_score,test,2022-11-30,0.07471524832324145,9465
temporal_tabular_small_ft_warmstart,prediction_temporal_tabular_classifier_score,test,2022-12-30,-0.08064774950729234,9402
temporal_tabular_small_ft_warmstart,prediction_temporal_tabular_classifier_score,test,2023-01-31,0.13247873596162166,9376
temporal_tabular_small_ft_warmstart,prediction_temporal_tabular_classifier_score,test,2023-02-28,0.16285064583875386,9352
temporal_tabular_small_ft_warmstart,prediction_temporal_tabular_classifier_score,test,2023-03-31,0.05471003331496578,9324
temporal_tabular_small_ft_warmstart,prediction_temporal_tabular_classifier_score,test,2023-04-28,-0.06736694936365374,9298
temporal_tabular_small_ft_warmstart,prediction_temporal_tabular_classifier_score,test,2023-05-31,0.22121754716018108,9304
temporal_tabular_small_ft_warmstart,prediction_temporal_tabular_classifier_score,test,2023-06-30,0.13422943343045515,9291
temporal_tabular_small_ft_warmstart,prediction_temporal_tabular_classifier_score,test,2023-07-31,0.180637110199063,9265
temporal_tabular_small_ft_warmstart,prediction_temporal_tabular_classifier_score,test,2023-08-31,0.14521344903029013,9278
temporal_tabular_small_ft_warmstart,prediction_temporal_tabular_classifier_score,test,2023-09-29,0.17238748664842474,9318
temporal_tabular_small_ft_warmstart,prediction_temporal_tabular_classifier_score,test,2023-10-31,0.13487380864318735,9331
temporal_tabular_small_ft_warmstart,prediction_temporal_tabular_classifier_score,test,2023-11-30,0.08445841119768381,9327
temporal_tabular_small_ft_warmstart,prediction_temporal_tabular_classifier_score,test,2023-12-29,0.13206029723115525,9309
temporal_tabular_small_ft_warmstart,prediction_temporal_tabular_classifier_score,test,2024-01-31,0.06046771623690897,9367
temporal_tabular_small_ft_warmstart,prediction_temporal_tabular_classifier_score,test,2024-02-29,0.25251530905262626,9327
temporal_tabular_small_ft_warmstart,prediction_temporal_tabular_classifier_score,test,2024-03-28,0.1029746332558234,9334
temporal_tabular_small_ft_warmstart,prediction_temporal_tabular_classifier_score,test,2024-04-30,0.15398054350016466,9344
temporal_tabular_small_ft_warmstart,prediction_temporal_tabular_classifier_score,test,2024-05-31,0.18275344213768177,9372
temporal_tabular_small_ft_warmstart,prediction_temporal_tabular_classifier_score,test,2024-06-28,0.15064760362592727,9404
temporal_tabular_small_ft_warmstart,prediction_temporal_tabular_classifier_score,test,2024-07-31,0.21428125885418814,9436
temporal_tabular_small_ft_warmstart,prediction_temporal_tabular_classifier_score,test,2024-08-30,0.10493090608981649,9439
temporal_tabular_small_ft_warmstart,prediction_temporal_tabular_classifier_score,test,2024-09-30,0.05372202121684461,9542
temporal_tabular_small_ft_warmstart,prediction_temporal_tabular_classifier_score,test,2024-10-31,0.18094065235672455,9583
temporal_tabular_small_ft_warmstart,prediction_temporal_tabular_er_train_score,test,2015-12-31,-0.014113785095519756,7175
temporal_tabular_small_ft_warmstart,prediction_temporal_tabular_er_train_score,test,2016-01-29,0.041975524723595795,7146
temporal_tabular_small_ft_warmstart,prediction_temporal_tabular_er_train_score,test,2016-02-29,0.056587972172597666,7134
temporal_tabular_small_ft_warmstart,prediction_temporal_tabular_er_train_score,test,2016-03-31,-0.02605527078578696,7115
temporal_tabular_small_ft_warmstart,prediction_temporal_tabular_er_train_score,test,2016-04-29,0.09072045174211088,7106
temporal_tabular_small_ft_warmstart,prediction_temporal_tabular_er_train_score,test,2016-05-31,-0.0192241859286411,7115
temporal_tabular_small_ft_warmstart,prediction_temporal_tabular_er_train_score,test,2016-06-30,0.10954898495162856,7119
temporal_tabular_small_ft_warmstart,prediction_temporal_tabular_er_train_score,test,2016-07-29,0.07893045599481648,7119
temporal_tabular_small_ft_warmstart,prediction_temporal_tabular_er_train_score,test,2016-08-31,0.022067957312614853,7082
temporal_tabular_small_ft_warmstart,prediction_temporal_tabular_er_train_score,test,2016-09-30,0.13331680967261925,7090
temporal_tabular_small_ft_warmstart,prediction_temporal_tabular_er_train_score,test,2016-10-31,0.18760351819382642,7107
temporal_tabular_small_ft_warmstart,prediction_temporal_tabular_er_train_score,test,2016-11-30,0.1668286188894006,7096
temporal_tabular_small_ft_warmstart,prediction_temporal_tabular_er_train_score,test,2016-12-30,-0.0771763401063797,7108
temporal_tabular_small_ft_warmstart,prediction_temporal_tabular_er_train_score,test,2017-01-31,0.03723222283034817,7126
temporal_tabular_small_ft_warmstart,prediction_temporal_tabular_er_train_score,test,2017-02-28,0.023019353634843875,7109
temporal_tabular_small_ft_warmstart,prediction_temporal_tabular_er_train_score,test,2017-03-31,0.09966485010087461,7110
temporal_tabular_small_ft_warmstart,prediction_temporal_tabular_er_train_score,test,2017-04-28,-0.017794998181384178,7129
temporal_tabular_small_ft_warmstart,prediction_temporal_tabular_er_train_score,test,2017-05-31,0.09768888977359229,7144
temporal_tabular_small_ft_warmstart,prediction_temporal_tabular_er_train_score,test,2017-06-30,0.03644106817824444,7146
temporal_tabular_small_ft_warmstart,prediction_temporal_tabular_er_train_score,test,2017-07-31,-0.0385647369234891,7157
temporal_tabular_small_ft_warmstart,prediction_temporal_tabular_er_train_score,test,2017-08-31,0.16564211739429002,7132
temporal_tabular_small_ft_warmstart,prediction_temporal_tabular_er_train_score,test,2017-09-29,0.11452127055426486,7116
temporal_tabular_small_ft_warmstart,prediction_temporal_tabular_er_train_score,test,2017-10-31,0.09086448185133249,7152
temporal_tabular_small_ft_warmstart,prediction_temporal_tabular_er_train_score,test,2017-11-30,-0.013676553950921261,7206
temporal_tabular_small_ft_warmstart,prediction_temporal_tabular_er_train_score,test,2017-12-29,0.0750415619321434,7205
temporal_tabular_small_ft_warmstart,prediction_temporal_tabular_er_train_score,test,2018-01-31,-0.03268366611406193,7242
temporal_tabular_small_ft_warmstart,prediction_temporal_tabular_er_train_score,test,2018-02-28,0.08883527848514673,7264
temporal_tabular_small_ft_warmstart,prediction_temporal_tabular_er_train_score,test,2018-03-29,0.05261608979455119,7211
temporal_tabular_small_ft_warmstart,prediction_temporal_tabular_er_train_score,test,2018-04-30,0.11714626498477476,7258
temporal_tabular_small_ft_warmstart,prediction_temporal_tabular_er_train_score,test,2018-05-31,0.06761903328533349,7270
temporal_tabular_small_ft_warmstart,prediction_temporal_tabular_er_train_score,test,2018-06-29,0.09909367033125166,7322
temporal_tabular_small_ft_warmstart,prediction_temporal_tabular_er_train_score,test,2018-07-31,0.03829651625332353,7355
temporal_tabular_small_ft_warmstart,prediction_temporal_tabular_er_train_score,test,2018-08-31,-0.01463115080043873,7344
temporal_tabular_small_ft_warmstart,prediction_temporal_tabular_er_train_score,test,2018-09-28,-0.04748029312321399,7373
temporal_tabular_small_ft_warmstart,prediction_temporal_tabular_er_train_score,test,2018-10-31,0.08777308547582251,7413
temporal_tabular_small_ft_warmstart,prediction_temporal_tabular_er_train_score,test,2018-11-30,-0.0019090945085799805,7412
temporal_tabular_small_ft_warmstart,prediction_temporal_tabular_er_train_score,test,2018-12-31,0.040594033777938895,7407
temporal_tabular_small_ft_warmstart,prediction_temporal_tabular_er_train_score,test,2019-01-31,0.10341084678270605,7408
temporal_tabular_small_ft_warmstart,prediction_temporal_tabular_er_train_score,test,2019-02-28,-0.07827421447044461,7390
temporal_tabular_small_ft_warmstart,prediction_temporal_tabular_er_train_score,test,2019-03-29,0.16220745513748205,7390
temporal_tabular_small_ft_warmstart,prediction_temporal_tabular_er_train_score,test,2019-04-30,-0.07406249789649529,7396
temporal_tabular_small_ft_warmstart,prediction_temporal_tabular_er_train_score,test,2019-05-31,0.19678389751042102,7458
temporal_tabular_small_ft_warmstart,prediction_temporal_tabular_er_train_score,test,2019-06-28,0.11286635912221359,7471
temporal_tabular_small_ft_warmstart,prediction_temporal_tabular_er_train_score,test,2019-07-31,-0.12656995115902647,7494
temporal_tabular_small_ft_warmstart,prediction_temporal_tabular_er_train_score,test,2019-08-30,0.1723529252814267,7486
temporal_tabular_small_ft_warmstart,prediction_temporal_tabular_er_train_score,test,2019-09-30,0.12600637906915146,7500
temporal_tabular_small_ft_warmstart,prediction_temporal_tabular_er_train_score,test,2019-10-31,0.13557600365590258,7504
temporal_tabular_small_ft_warmstart,prediction_temporal_tabular_er_train_score,test,2019-11-29,0.043820022059611274,7501
temporal_tabular_small_ft_warmstart,prediction_temporal_tabular_er_train_score,test,2019-12-31,-0.10716930605838747,7500
temporal_tabular_small_ft_warmstart,prediction_temporal_tabular_er_train_score,test,2020-01-31,-0.10999584159070319,7506
temporal_tabular_small_ft_warmstart,prediction_temporal_tabular_er_train_score,test,2020-02-28,-0.14939411923550766,7506
temporal_tabular_small_ft_warmstart,prediction_temporal_tabular_er_train_score,test,2020-03-31,0.12407349462594353,7475
temporal_tabular_small_ft_warmstart,prediction_temporal_tabular_er_train_score,test,2020-04-30,0.037870151318581124,7480
temporal_tabular_small_ft_warmstart,prediction_temporal_tabular_er_train_score,test,2020-05-29,0.006191544237458669,7473
temporal_tabular_small_ft_warmstart,prediction_temporal_tabular_er_train_score,test,2020-06-30,0.004745907834842641,7519
temporal_tabular_small_ft_warmstart,prediction_temporal_tabular_er_train_score,test,2020-07-31,0.17140381040901664,7547
temporal_tabular_small_ft_warmstart,prediction_temporal_tabular_er_train_score,test,2020-08-31,-0.06532607296022978,7574
temporal_tabular_small_ft_warmstart,prediction_temporal_tabular_er_train_score,test,2020-09-30,0.14339852303103573,7628
temporal_tabular_small_ft_warmstart,prediction_temporal_tabular_er_train_score,test,2020-10-30,0.12927783514761698,7701
temporal_tabular_small_ft_warmstart,prediction_temporal_tabular_er_train_score,test,2020-11-30,0.19083398820900355,7773
temporal_tabular_small_ft_warmstart,prediction_temporal_tabular_er_train_score,test,2020-12-31,-0.1392060657275559,7875
temporal_tabular_small_ft_warmstart,prediction_temporal_tabular_er_train_score,test,2021-01-29,0.20356421880006093,7964
temporal_tabular_small_ft_warmstart,prediction_temporal_tabular_er_train_score,test,2021-02-26,0.18306952383667585,8055
temporal_tabular_small_ft_warmstart,prediction_temporal_tabular_er_train_score,test,2021-03-31,0.23666400280477293,8212
temporal_tabular_small_ft_warmstart,prediction_temporal_tabular_er_train_score,test,2021-04-30,0.10693211179719828,8360
temporal_tabular_small_ft_warmstart,prediction_temporal_tabular_er_train_score,test,2021-05-28,-0.14820163352197266,8479
temporal_tabular_small_ft_warmstart,prediction_temporal_tabular_er_train_score,test,2021-06-30,0.20706463929012828,8587
temporal_tabular_small_ft_warmstart,prediction_temporal_tabular_er_train_score,test,2021-07-30,0.08019524098080166,8722
temporal_tabular_small_ft_warmstart,prediction_temporal_tabular_er_train_score,test,2021-08-31,0.09206816371251132,8776
temporal_tabular_small_ft_warmstart,prediction_temporal_tabular_er_train_score,test,2021-09-30,0.21443211846619256,8872
temporal_tabular_small_ft_warmstart,prediction_temporal_tabular_er_train_score,test,2021-10-29,0.08592546974448016,8968
temporal_tabular_small_ft_warmstart,prediction_temporal_tabular_er_train_score,test,2021-11-30,0.2926565889627678,9068
temporal_tabular_small_ft_warmstart,prediction_temporal_tabular_er_train_score,test,2021-12-31,0.12471965122120278,9189
temporal_tabular_small_ft_warmstart,prediction_temporal_tabular_er_train_score,test,2022-01-31,0.13720916800049254,9272
temporal_tabular_small_ft_warmstart,prediction_temporal_tabular_er_train_score,test,2022-02-28,0.041450674331322296,9347
temporal_tabular_small_ft_warmstart,prediction_temporal_tabular_er_train_score,test,2022-03-31,0.1199252799258632,9382
temporal_tabular_small_ft_warmstart,prediction_temporal_tabular_er_train_score,test,2022-04-29,0.12103292371006533,9421
temporal_tabular_small_ft_warmstart,prediction_temporal_tabular_er_train_score,test,2022-05-31,-0.12022321006611136,9432
temporal_tabular_small_ft_warmstart,prediction_temporal_tabular_er_train_score,test,2022-06-30,0.16606939419009253,9457
temporal_tabular_small_ft_warmstart,prediction_temporal_tabular_er_train_score,test,2022-07-29,-0.02617505248753144,9458
temporal_tabular_small_ft_warmstart,prediction_temporal_tabular_er_train_score,test,2022-08-31,-0.009739534509854281,9469
temporal_tabular_small_ft_warmstart,prediction_temporal_tabular_er_train_score,test,2022-09-30,0.3234331843338425,9495
temporal_tabular_small_ft_warmstart,prediction_temporal_tabular_er_train_score,test,2022-10-31,0.16457400144698503,9483
temporal_tabular_small_ft_warmstart,prediction_temporal_tabular_er_train_score,test,2022-11-30,-0.011556279507960437,9465
temporal_tabular_small_ft_warmstart,prediction_temporal_tabular_er_train_score,test,2022-12-30,0.08394520403728727,9402
temporal_tabular_small_ft_warmstart,prediction_temporal_tabular_er_train_score,test,2023-01-31,0.06290855766240953,9376
temporal_tabular_small_ft_warmstart,prediction_temporal_tabular_er_train_score,test,2023-02-28,0.03861855019987192,9352
temporal_tabular_small_ft_warmstart,prediction_temporal_tabular_er_train_score,test,2023-03-31,-0.042475647461623946,9324
temporal_tabular_small_ft_warmstart,prediction_temporal_tabular_er_train_score,test,2023-04-28,-0.06769484708186971,9298
temporal_tabular_small_ft_warmstart,prediction_temporal_tabular_er_train_score,test,2023-05-31,0.2751778578908173,9304
temporal_tabular_small_ft_warmstart,prediction_temporal_tabular_er_train_score,test,2023-06-30,0.2105414951893966,9291
temporal_tabular_small_ft_warmstart,prediction_temporal_tabular_er_train_score,test,2023-07-31,0.048408535550523664,9265
temporal_tabular_small_ft_warmstart,prediction_temporal_tabular_er_train_score,test,2023-08-31,0.05078910316310004,9278
temporal_tabular_small_ft_warmstart,prediction_temporal_tabular_er_train_score,test,2023-09-29,0.019130055593276036,9318
temporal_tabular_small_ft_warmstart,prediction_temporal_tabular_er_train_score,test,2023-10-31,0.15729826641163763,9331
temporal_tabular_small_ft_warmstart,prediction_temporal_tabular_er_train_score,test,2023-11-30,0.20882827474239463,9327
temporal_tabular_small_ft_warmstart,prediction_temporal_tabular_er_train_score,test,2023-12-29,-0.006688861138761721,9309
temporal_tabular_small_ft_warmstart,prediction_temporal_tabular_er_train_score,test,2024-01-31,0.04549389551244216,9367
temporal_tabular_small_ft_warmstart,prediction_temporal_tabular_er_train_score,test,2024-02-29,0.24967881544254428,9327
temporal_tabular_small_ft_warmstart,prediction_temporal_tabular_er_train_score,test,2024-03-28,-0.0017940879513132773,9334
temporal_tabular_small_ft_warmstart,prediction_temporal_tabular_er_train_score,test,2024-04-30,0.16231177711127248,9344
temporal_tabular_small_ft_warmstart,prediction_temporal_tabular_er_train_score,test,2024-05-31,0.05745594665542982,9372
temporal_tabular_small_ft_warmstart,prediction_temporal_tabular_er_train_score,test,2024-06-28,0.20413208389219764,9404
temporal_tabular_small_ft_warmstart,prediction_temporal_tabular_er_train_score,test,2024-07-31,0.07693546230954224,9436
temporal_tabular_small_ft_warmstart,prediction_temporal_tabular_er_train_score,test,2024-08-30,0.07534434515181847,9439
temporal_tabular_small_ft_warmstart,prediction_temporal_tabular_er_train_score,test,2024-09-30,0.06106148099166342,9542
temporal_tabular_small_ft_warmstart,prediction_temporal_tabular_er_train_score,test,2024-10-31,0.23308161311773573,9583
