run_name,score_name,split,month,rank_ic,n_stocks
temporal_tabular_small_mlp_branch,prediction_temporal_tabular_classifier_score,train,1989-12-29,-0.02356622332679589,6334
temporal_tabular_small_mlp_branch,prediction_temporal_tabular_classifier_score,train,1990-01-31,0.06247907231729205,6342
temporal_tabular_small_mlp_branch,prediction_temporal_tabular_classifier_score,train,1990-02-28,0.09680805812383589,6337
temporal_tabular_small_mlp_branch,prediction_temporal_tabular_classifier_score,train,1990-03-30,0.08737687324139741,6347
temporal_tabular_small_mlp_branch,prediction_temporal_tabular_classifier_score,train,1990-04-30,0.17429081926672144,6357
temporal_tabular_small_mlp_branch,prediction_temporal_tabular_classifier_score,train,1990-05-31,0.09714693598968606,6352
temporal_tabular_small_mlp_branch,prediction_temporal_tabular_classifier_score,train,1990-06-29,0.12699743830332505,6358
temporal_tabular_small_mlp_branch,prediction_temporal_tabular_classifier_score,train,1990-07-31,0.16812481107789207,6367
temporal_tabular_small_mlp_branch,prediction_temporal_tabular_classifier_score,train,1990-08-31,0.13112010214168202,6369
temporal_tabular_small_mlp_branch,prediction_temporal_tabular_classifier_score,train,1990-09-28,0.20149302747425635,6354
temporal_tabular_small_mlp_branch,prediction_temporal_tabular_classifier_score,train,1990-10-31,0.15444260202026383,6339
temporal_tabular_small_mlp_branch,prediction_temporal_tabular_classifier_score,train,1990-11-30,0.2453939038959625,6322
temporal_tabular_small_mlp_branch,prediction_temporal_tabular_classifier_score,train,1990-12-31,-0.029510862253067018,6313
temporal_tabular_small_mlp_branch,prediction_temporal_tabular_classifier_score,train,1991-01-31,-0.06366866999359305,6304
temporal_tabular_small_mlp_branch,prediction_temporal_tabular_classifier_score,train,1991-02-28,-0.022221127045077935,6288
temporal_tabular_small_mlp_branch,prediction_temporal_tabular_classifier_score,train,1991-03-28,0.04396045804472595,6282
temporal_tabular_small_mlp_branch,prediction_temporal_tabular_classifier_score,train,1991-04-30,0.15318339548941834,6294
temporal_tabular_small_mlp_branch,prediction_temporal_tabular_classifier_score,train,1991-05-31,0.0899619102419262,6312
temporal_tabular_small_mlp_branch,prediction_temporal_tabular_classifier_score,train,1991-06-28,0.1261870999354877,6342
temporal_tabular_small_mlp_branch,prediction_temporal_tabular_classifier_score,train,1991-07-31,0.13240688235102668,6364
temporal_tabular_small_mlp_branch,prediction_temporal_tabular_classifier_score,train,1991-08-30,0.07973798022378911,6391
temporal_tabular_small_mlp_branch,prediction_temporal_tabular_classifier_score,train,1991-09-30,0.09406366209957276,6411
temporal_tabular_small_mlp_branch,prediction_temporal_tabular_classifier_score,train,1991-10-31,0.0943829432441017,6445
temporal_tabular_small_mlp_branch,prediction_temporal_tabular_classifier_score,train,1991-11-29,0.2730852697338128,6479
temporal_tabular_small_mlp_branch,prediction_temporal_tabular_classifier_score,train,1991-12-31,-0.29365480376768266,6495
temporal_tabular_small_mlp_branch,prediction_temporal_tabular_classifier_score,train,1992-01-31,0.006699471094064913,6517
temporal_tabular_small_mlp_branch,prediction_temporal_tabular_classifier_score,train,1992-02-28,0.16244625120322564,6546
temporal_tabular_small_mlp_branch,prediction_temporal_tabular_classifier_score,train,1992-03-31,0.28617363472735863,6600
temporal_tabular_small_mlp_branch,prediction_temporal_tabular_classifier_score,train,1992-04-30,0.11662351201003222,6613
temporal_tabular_small_mlp_branch,prediction_temporal_tabular_classifier_score,train,1992-05-29,0.20904439802316793,6611
temporal_tabular_small_mlp_branch,prediction_temporal_tabular_classifier_score,train,1992-06-30,0.1288299326158434,6607
temporal_tabular_small_mlp_branch,prediction_temporal_tabular_classifier_score,train,1992-07-31,0.16844261321203285,6639
temporal_tabular_small_mlp_branch,prediction_temporal_tabular_classifier_score,train,1992-08-31,0.1272468354536539,6654
temporal_tabular_small_mlp_branch,prediction_temporal_tabular_classifier_score,train,1992-09-30,0.09171020420336323,6661
temporal_tabular_small_mlp_branch,prediction_temporal_tabular_classifier_score,train,1992-10-30,0.00804461970033698,6706
temporal_tabular_small_mlp_branch,prediction_temporal_tabular_classifier_score,train,1992-11-30,0.1074846594709826,6740
temporal_tabular_small_mlp_branch,prediction_temporal_tabular_classifier_score,train,1992-12-31,-0.04397060030153314,6783
temporal_tabular_small_mlp_branch,prediction_temporal_tabular_classifier_score,train,1993-01-29,0.13904310805414583,6812
temporal_tabular_small_mlp_branch,prediction_temporal_tabular_classifier_score,train,1993-02-26,0.11754803130294997,6855
temporal_tabular_small_mlp_branch,prediction_temporal_tabular_classifier_score,train,1993-03-31,0.06988440835836454,6922
temporal_tabular_small_mlp_branch,prediction_temporal_tabular_classifier_score,train,1993-04-30,-0.04899566891205177,6978
temporal_tabular_small_mlp_branch,prediction_temporal_tabular_classifier_score,train,1993-05-28,0.10449478600497435,7037
temporal_tabular_small_mlp_branch,prediction_temporal_tabular_classifier_score,train,1993-06-30,0.12767809592608154,7118
temporal_tabular_small_mlp_branch,prediction_temporal_tabular_classifier_score,train,1993-07-30,0.1047937182886089,7163
temporal_tabular_small_mlp_branch,prediction_temporal_tabular_classifier_score,train,1993-08-31,0.06445294744743187,7228
temporal_tabular_small_mlp_branch,prediction_temporal_tabular_classifier_score,train,1993-09-30,-0.043334416852730116,7310
temporal_tabular_small_mlp_branch,prediction_temporal_tabular_classifier_score,train,1993-10-29,0.06675978809657422,7390
temporal_tabular_small_mlp_branch,prediction_temporal_tabular_classifier_score,train,1993-11-30,0.19090047430960422,7494
temporal_tabular_small_mlp_branch,prediction_temporal_tabular_classifier_score,train,1993-12-31,-0.0444379869588837,7588
temporal_tabular_small_mlp_branch,prediction_temporal_tabular_classifier_score,train,1994-01-31,0.09690144635154271,7642
temporal_tabular_small_mlp_branch,prediction_temporal_tabular_classifier_score,train,1994-02-28,0.0715549202051891,7712
temporal_tabular_small_mlp_branch,prediction_temporal_tabular_classifier_score,train,1994-03-31,0.21544570029421908,7771
temporal_tabular_small_mlp_branch,prediction_temporal_tabular_classifier_score,train,1994-04-29,0.11712106725773687,7819
temporal_tabular_small_mlp_branch,prediction_temporal_tabular_classifier_score,train,1994-05-31,0.21958753384121477,7860
temporal_tabular_small_mlp_branch,prediction_temporal_tabular_classifier_score,train,1994-06-30,0.0749599336738852,7919
temporal_tabular_small_mlp_branch,prediction_temporal_tabular_classifier_score,train,1994-07-29,0.05911140378750074,7942
temporal_tabular_small_mlp_branch,prediction_temporal_tabular_classifier_score,train,1994-08-31,0.009915383141311565,7966
temporal_tabular_small_mlp_branch,prediction_temporal_tabular_classifier_score,train,1994-09-30,0.10036494722025992,7965
temporal_tabular_small_mlp_branch,prediction_temporal_tabular_classifier_score,train,1994-10-31,0.10512069795408689,8013
temporal_tabular_small_mlp_branch,prediction_temporal_tabular_classifier_score,train,1994-11-30,0.2450800750321664,8028
temporal_tabular_small_mlp_branch,prediction_temporal_tabular_classifier_score,train,1994-12-30,-0.0212336498523287,8027
temporal_tabular_small_mlp_branch,prediction_temporal_tabular_classifier_score,train,1995-01-31,0.12266569712227902,8011
temporal_tabular_small_mlp_branch,prediction_temporal_tabular_classifier_score,train,1995-02-28,0.06351277050015314,8019
temporal_tabular_small_mlp_branch,prediction_temporal_tabular_classifier_score,train,1995-03-31,0.0638612698881786,8025
temporal_tabular_small_mlp_branch,prediction_temporal_tabular_classifier_score,train,1995-04-28,0.1206603035373229,8039
temporal_tabular_small_mlp_branch,prediction_temporal_tabular_classifier_score,train,1995-05-31,-0.008311784839237843,8041
temporal_tabular_small_mlp_branch,prediction_temporal_tabular_classifier_score,train,1995-06-30,0.030005051227157742,8065
temporal_tabular_small_mlp_branch,prediction_temporal_tabular_classifier_score,train,1995-07-31,0.08046790813587947,8097
temporal_tabular_small_mlp_branch,prediction_temporal_tabular_classifier_score,train,1995-08-31,0.09642099377100645,8125
temporal_tabular_small_mlp_branch,prediction_temporal_tabular_classifier_score,train,1995-09-29,0.2968933777148287,8133
temporal_tabular_small_mlp_branch,prediction_temporal_tabular_classifier_score,train,1995-10-31,0.18694707686970177,8169
temporal_tabular_small_mlp_branch,prediction_temporal_tabular_classifier_score,train,1995-11-30,0.18084530095712656,8219
temporal_tabular_small_mlp_branch,prediction_temporal_tabular_classifier_score,train,1995-12-29,-0.0741169707573748,8276
temporal_tabular_small_mlp_branch,prediction_temporal_tabular_classifier_score,train,1996-01-31,0.005082729069420976,8268
temporal_tabular_small_mlp_branch,prediction_temporal_tabular_classifier_score,train,1996-02-29,0.07165560183534311,8299
temporal_tabular_small_mlp_branch,prediction_temporal_tabular_classifier_score,train,1996-03-29,-0.10746559430378337,8366
temporal_tabular_small_mlp_branch,prediction_temporal_tabular_classifier_score,train,1996-04-30,-0.10727150254990551,8407
temporal_tabular_small_mlp_branch,prediction_temporal_tabular_classifier_score,train,1996-05-31,0.3034755640111243,8495
temporal_tabular_small_mlp_branch,prediction_temporal_tabular_classifier_score,train,1996-06-28,0.42852646425160196,8559
temporal_tabular_small_mlp_branch,prediction_temporal_tabular_classifier_score,train,1996-07-31,0.028068976608409502,8595
temporal_tabular_small_mlp_branch,prediction_temporal_tabular_classifier_score,train,1996-08-30,0.11714543263090592,8642
temporal_tabular_small_mlp_branch,prediction_temporal_tabular_classifier_score,train,1996-09-30,0.34121867998906874,8657
temporal_tabular_small_mlp_branch,prediction_temporal_tabular_classifier_score,train,1996-10-31,0.2277374798303161,8737
temporal_tabular_small_mlp_branch,prediction_temporal_tabular_classifier_score,train,1996-11-29,0.23628856036139356,8804
temporal_tabular_small_mlp_branch,prediction_temporal_tabular_classifier_score,train,1996-12-31,-0.11063270744189564,8822
temporal_tabular_small_mlp_branch,prediction_temporal_tabular_classifier_score,train,1997-01-31,0.2413300557816913,8818
temporal_tabular_small_mlp_branch,prediction_temporal_tabular_classifier_score,train,1997-02-28,0.29070399264330415,8832
temporal_tabular_small_mlp_branch,prediction_temporal_tabular_classifier_score,train,1997-03-31,0.24408760340174854,8835
temporal_tabular_small_mlp_branch,prediction_temporal_tabular_classifier_score,train,1997-04-30,-0.04275921262122516,8844
temporal_tabular_small_mlp_branch,prediction_temporal_tabular_classifier_score,train,1997-05-30,0.17817733135670383,8841
temporal_tabular_small_mlp_branch,prediction_temporal_tabular_classifier_score,train,1997-06-30,0.14500448975760083,8843
temporal_tabular_small_mlp_branch,prediction_temporal_tabular_classifier_score,train,1997-07-31,-0.022995139829515628,8856
temporal_tabular_small_mlp_branch,prediction_temporal_tabular_classifier_score,train,1997-08-29,0.05793403350000184,8855
temporal_tabular_small_mlp_branch,prediction_temporal_tabular_classifier_score,train,1997-09-30,0.18551059849250293,8853
temporal_tabular_small_mlp_branch,prediction_temporal_tabular_classifier_score,train,1997-10-31,0.3571387264433975,8883
temporal_tabular_small_mlp_branch,prediction_temporal_tabular_classifier_score,train,1997-11-28,0.45216132854009167,8903
temporal_tabular_small_mlp_branch,prediction_temporal_tabular_classifier_score,train,1997-12-31,-0.12099624576344359,8873
temporal_tabular_small_mlp_branch,prediction_temporal_tabular_classifier_score,train,1998-01-30,0.03544384179182626,8855
temporal_tabular_small_mlp_branch,prediction_temporal_tabular_classifier_score,train,1998-02-27,0.09811709685915126,8847
temporal_tabular_small_mlp_branch,prediction_temporal_tabular_classifier_score,train,1998-03-31,0.031742045153811835,8830
temporal_tabular_small_mlp_branch,prediction_temporal_tabular_classifier_score,train,1998-04-30,0.23414161699816882,8850
temporal_tabular_small_mlp_branch,prediction_temporal_tabular_classifier_score,train,1998-05-29,0.2111717288487458,8836
temporal_tabular_small_mlp_branch,prediction_temporal_tabular_classifier_score,train,1998-06-30,0.1608337506945117,8818
temporal_tabular_small_mlp_branch,prediction_temporal_tabular_classifier_score,train,1998-07-31,0.38167920271573275,8804
temporal_tabular_small_mlp_branch,prediction_temporal_tabular_classifier_score,train,1998-08-31,0.028560806140467833,8757
temporal_tabular_small_mlp_branch,prediction_temporal_tabular_classifier_score,train,1998-09-30,0.02713391531614384,8647
temporal_tabular_small_mlp_branch,prediction_temporal_tabular_classifier_score,train,1998-10-30,-0.0026939651105263376,8582
temporal_tabular_small_mlp_branch,prediction_temporal_tabular_classifier_score,train,1998-11-30,0.16293533524465895,8514
temporal_tabular_small_mlp_branch,prediction_temporal_tabular_classifier_score,train,1998-12-31,-0.24314893992740327,8489
temporal_tabular_small_mlp_branch,prediction_temporal_tabular_classifier_score,train,1999-01-29,0.15621891763424303,8445
temporal_tabular_small_mlp_branch,prediction_temporal_tabular_classifier_score,train,1999-02-26,0.04449918454469474,8403
temporal_tabular_small_mlp_branch,prediction_temporal_tabular_classifier_score,train,1999-03-31,-0.010417678539050665,8328
temporal_tabular_small_mlp_branch,prediction_temporal_tabular_classifier_score,train,1999-04-30,0.03709764487549274,8305
temporal_tabular_small_mlp_branch,prediction_temporal_tabular_classifier_score,train,1999-05-28,0.08051406366036803,8295
temporal_tabular_small_mlp_branch,prediction_temporal_tabular_classifier_score,train,1999-06-30,0.02727427302304676,8281
temporal_tabular_small_mlp_branch,prediction_temporal_tabular_classifier_score,train,1999-07-30,0.09882681260363124,8272
temporal_tabular_small_mlp_branch,prediction_temporal_tabular_classifier_score,train,1999-08-31,0.01099492949656191,8237
temporal_tabular_small_mlp_branch,prediction_temporal_tabular_classifier_score,train,1999-09-30,0.11157121160409378,8226
temporal_tabular_small_mlp_branch,prediction_temporal_tabular_classifier_score,train,1999-10-29,-0.22631036314764771,8228
temporal_tabular_small_mlp_branch,prediction_temporal_tabular_classifier_score,train,1999-11-30,-0.12400912076448514,8209
temporal_tabular_small_mlp_branch,prediction_temporal_tabular_classifier_score,train,1999-12-31,-0.22694111090739383,8193
temporal_tabular_small_mlp_branch,prediction_temporal_tabular_classifier_score,train,2000-01-31,-0.2845345648946143,8154
temporal_tabular_small_mlp_branch,prediction_temporal_tabular_classifier_score,train,2000-02-29,0.26534065414038543,8155
temporal_tabular_small_mlp_branch,prediction_temporal_tabular_classifier_score,train,2000-03-31,0.5236997476414001,8148
temporal_tabular_small_mlp_branch,prediction_temporal_tabular_classifier_score,train,2000-04-28,0.38460633386240617,8166
temporal_tabular_small_mlp_branch,prediction_temporal_tabular_classifier_score,train,2000-05-31,-0.20301308287638045,8149
temporal_tabular_small_mlp_branch,prediction_temporal_tabular_classifier_score,train,2000-06-30,0.3025168408235787,8163
temporal_tabular_small_mlp_branch,prediction_temporal_tabular_classifier_score,train,2000-07-31,-0.002054292380620146,8180
temporal_tabular_small_mlp_branch,prediction_temporal_tabular_classifier_score,train,2000-08-31,0.3259182804726168,8192
temporal_tabular_small_mlp_branch,prediction_temporal_tabular_classifier_score,train,2000-09-29,0.36285484764499804,8157
temporal_tabular_small_mlp_branch,prediction_temporal_tabular_classifier_score,train,2000-10-31,0.5446239788312094,8107
temporal_tabular_small_mlp_branch,prediction_temporal_tabular_classifier_score,train,2000-11-30,0.34962519232793376,8036
temporal_tabular_small_mlp_branch,prediction_temporal_tabular_classifier_score,train,2000-12-29,-0.4308463018269191,7954
temporal_tabular_small_mlp_branch,prediction_temporal_tabular_classifier_score,train,2001-01-31,0.510264561808336,7893
temporal_tabular_small_mlp_branch,prediction_temporal_tabular_classifier_score,train,2001-02-28,0.3853187556848823,7836
temporal_tabular_small_mlp_branch,prediction_temporal_tabular_classifier_score,train,2001-03-30,-0.07118248832689598,7763
temporal_tabular_small_mlp_branch,prediction_temporal_tabular_classifier_score,train,2001-04-30,0.028860505694956063,7679
temporal_tabular_small_mlp_branch,prediction_temporal_tabular_classifier_score,train,2001-05-31,0.14612625441529975,7628
temporal_tabular_small_mlp_branch,prediction_temporal_tabular_classifier_score,train,2001-06-29,0.3181880028882398,7575
temporal_tabular_small_mlp_branch,prediction_temporal_tabular_classifier_score,train,2001-07-31,0.30468834594337657,7517
temporal_tabular_small_mlp_branch,prediction_temporal_tabular_classifier_score,train,2001-08-31,0.41532261670893733,7461
temporal_tabular_small_mlp_branch,prediction_temporal_tabular_classifier_score,train,2001-09-28,-0.17270651094742606,7426
temporal_tabular_small_mlp_branch,prediction_temporal_tabular_classifier_score,train,2001-10-31,-0.1548176099404733,7375
temporal_tabular_small_mlp_branch,prediction_temporal_tabular_classifier_score,train,2001-11-30,0.002471975658782007,7341
temporal_tabular_small_mlp_branch,prediction_temporal_tabular_classifier_score,train,2001-12-31,0.13640305821839274,7300
temporal_tabular_small_mlp_branch,prediction_temporal_tabular_classifier_score,train,2002-01-31,0.42039048385618155,7261
temporal_tabular_small_mlp_branch,prediction_temporal_tabular_classifier_score,train,2002-02-28,-0.0717548749388964,7225
temporal_tabular_small_mlp_branch,prediction_temporal_tabular_classifier_score,train,2002-03-28,0.3457316015441143,7168
temporal_tabular_small_mlp_branch,prediction_temporal_tabular_classifier_score,train,2002-04-30,0.24023655691463053,7139
temporal_tabular_small_mlp_branch,prediction_temporal_tabular_classifier_score,train,2002-05-31,0.375365312265237,7119
temporal_tabular_small_mlp_branch,prediction_temporal_tabular_classifier_score,train,2002-06-28,0.29013540566199686,7084
temporal_tabular_small_mlp_branch,prediction_temporal_tabular_classifier_score,train,2002-07-31,0.14679458579901195,7030
temporal_tabular_small_mlp_branch,prediction_temporal_tabular_classifier_score,train,2002-08-30,0.36842344473753313,7002
temporal_tabular_small_mlp_branch,prediction_temporal_tabular_classifier_score,train,2002-09-30,-0.09379047583859354,6948
temporal_tabular_small_mlp_branch,prediction_temporal_tabular_classifier_score,train,2002-10-31,-0.3084723761153287,6931
temporal_tabular_small_mlp_branch,prediction_temporal_tabular_classifier_score,train,2002-11-29,0.35730770020091296,6927
temporal_tabular_small_mlp_branch,prediction_temporal_tabular_classifier_score,train,2002-12-31,0.0056563631696980995,6894
temporal_tabular_small_mlp_branch,prediction_temporal_tabular_classifier_score,train,2003-01-31,0.1791749153563508,6847
temporal_tabular_small_mlp_branch,prediction_temporal_tabular_classifier_score,train,2003-02-28,0.09271251303050325,6795
temporal_tabular_small_mlp_branch,prediction_temporal_tabular_classifier_score,train,2003-03-31,-0.13922994160571117,6748
temporal_tabular_small_mlp_branch,prediction_temporal_tabular_classifier_score,train,2003-04-30,-0.3182464971634499,6711
temporal_tabular_small_mlp_branch,prediction_temporal_tabular_classifier_score,train,2003-05-30,-0.07748498056944446,6682
temporal_tabular_small_mlp_branch,prediction_temporal_tabular_classifier_score,train,2003-06-30,0.01799449891696195,6648
temporal_tabular_small_mlp_branch,prediction_temporal_tabular_classifier_score,train,2003-07-31,-0.013609684673679791,6626
temporal_tabular_small_mlp_branch,prediction_temporal_tabular_classifier_score,train,2003-08-29,-0.10261439863277735,6612
temporal_tabular_small_mlp_branch,prediction_temporal_tabular_classifier_score,train,2003-09-30,0.04211969608135703,6607
temporal_tabular_small_mlp_branch,prediction_temporal_tabular_classifier_score,train,2003-10-31,0.09478489424863766,6596
temporal_tabular_small_mlp_branch,prediction_temporal_tabular_classifier_score,train,2003-11-28,0.07763674135880386,6589
temporal_tabular_small_mlp_branch,prediction_temporal_tabular_classifier_score,train,2003-12-31,-0.2637107790199178,6592
temporal_tabular_small_mlp_branch,prediction_temporal_tabular_classifier_score,train,2004-01-30,0.1923359014668283,6599
temporal_tabular_small_mlp_branch,prediction_temporal_tabular_classifier_score,train,2004-02-27,0.15641268386094315,6599
temporal_tabular_small_mlp_branch,prediction_temporal_tabular_classifier_score,train,2004-03-31,0.11541763558502657,6605
temporal_tabular_small_mlp_branch,prediction_temporal_tabular_classifier_score,train,2004-04-30,0.10646138386952168,6593
temporal_tabular_small_mlp_branch,prediction_temporal_tabular_classifier_score,train,2004-05-28,0.16380243275631237,6594
temporal_tabular_small_mlp_branch,prediction_temporal_tabular_classifier_score,train,2004-06-30,0.2647248332705727,6592
temporal_tabular_small_mlp_branch,prediction_temporal_tabular_classifier_score,train,2004-07-30,0.09227054857875899,6598
temporal_tabular_small_mlp_branch,prediction_temporal_tabular_classifier_score,train,2004-08-31,0.04177640009829011,6602
temporal_tabular_small_mlp_branch,prediction_temporal_tabular_classifier_score,train,2004-09-30,0.06910759512160243,6607
temporal_tabular_small_mlp_branch,prediction_temporal_tabular_classifier_score,train,2004-10-29,0.004094667466037594,6620
temporal_tabular_small_mlp_branch,prediction_temporal_tabular_classifier_score,train,2004-11-30,-0.09884121869188353,6615
temporal_tabular_small_mlp_branch,prediction_temporal_tabular_classifier_score,train,2004-12-31,0.18227270768660564,6633
temporal_tabular_small_mlp_branch,prediction_temporal_tabular_classifier_score,train,2005-01-31,0.17784968491561678,6623
temporal_tabular_small_mlp_branch,prediction_temporal_tabular_classifier_score,train,2005-02-28,0.1703926732779148,6637
temporal_tabular_small_mlp_branch,prediction_temporal_tabular_classifier_score,train,2005-03-31,0.1832883604668911,6636
temporal_tabular_small_mlp_branch,prediction_temporal_tabular_classifier_score,train,2005-04-29,0.023097350499851753,6628
temporal_tabular_small_mlp_branch,prediction_temporal_tabular_classifier_score,train,2005-05-31,0.04789933698807523,6630
temporal_tabular_small_mlp_branch,prediction_temporal_tabular_classifier_score,train,2005-06-30,-0.0011868150069111244,6652
temporal_tabular_small_mlp_branch,prediction_temporal_tabular_classifier_score,train,2005-07-29,0.08101019974396088,6640
temporal_tabular_small_mlp_branch,prediction_temporal_tabular_classifier_score,train,2005-08-31,0.08264651727066052,6643
temporal_tabular_small_mlp_branch,prediction_temporal_tabular_classifier_score,train,2005-09-30,0.14396999445799494,6636
temporal_tabular_small_mlp_branch,prediction_temporal_tabular_classifier_score,train,2005-10-31,0.08092573010403883,6636
temporal_tabular_small_mlp_branch,prediction_temporal_tabular_classifier_score,train,2005-11-30,0.03703258470699266,6647
temporal_tabular_small_mlp_branch,prediction_temporal_tabular_classifier_score,train,2005-12-30,-0.06656090871809248,6647
temporal_tabular_small_mlp_branch,prediction_temporal_tabular_classifier_score,train,2006-01-31,0.02164981694972363,6620
temporal_tabular_small_mlp_branch,prediction_temporal_tabular_classifier_score,train,2006-02-28,0.0194925243383304,6626
temporal_tabular_small_mlp_branch,prediction_temporal_tabular_classifier_score,train,2006-03-31,0.11108016377841984,6633
temporal_tabular_small_mlp_branch,prediction_temporal_tabular_classifier_score,train,2006-04-28,0.18113861160658173,6635
temporal_tabular_small_mlp_branch,prediction_temporal_tabular_classifier_score,train,2006-05-31,0.18312287501363358,6653
temporal_tabular_small_mlp_branch,prediction_temporal_tabular_classifier_score,train,2006-06-30,0.25355934324288215,6698
temporal_tabular_small_mlp_branch,prediction_temporal_tabular_classifier_score,train,2006-07-31,0.002281802302536347,6704
temporal_tabular_small_mlp_branch,prediction_temporal_tabular_classifier_score,train,2006-08-31,0.0670018491747769,6698
temporal_tabular_small_mlp_branch,prediction_temporal_tabular_classifier_score,train,2006-09-29,0.026420076814665117,6722
temporal_tabular_small_mlp_branch,prediction_temporal_tabular_classifier_score,train,2006-10-31,0.0514491007679483,6735
temporal_tabular_small_mlp_branch,prediction_temporal_tabular_classifier_score,train,2006-11-30,0.07195576548008001,6748
temporal_tabular_small_mlp_branch,prediction_temporal_tabular_classifier_score,train,2006-12-29,0.02876523899004913,6739
temporal_tabular_small_mlp_branch,prediction_temporal_tabular_classifier_score,train,2007-01-31,0.007422530621131323,6755
temporal_tabular_small_mlp_branch,prediction_temporal_tabular_classifier_score,train,2007-02-28,0.126171950516999,6797
temporal_tabular_small_mlp_branch,prediction_temporal_tabular_classifier_score,train,2007-03-30,0.08035554812660503,6812
temporal_tabular_small_mlp_branch,prediction_temporal_tabular_classifier_score,train,2007-04-30,0.19359229099829095,6809
temporal_tabular_small_mlp_branch,prediction_temporal_tabular_classifier_score,train,2007-05-31,0.06951317041332959,6839
temporal_tabular_small_mlp_branch,prediction_temporal_tabular_classifier_score,train,2007-06-29,0.05455669879730304,6849
temporal_tabular_small_mlp_branch,prediction_temporal_tabular_classifier_score,train,2007-07-31,0.14716147459043724,6854
temporal_tabular_small_mlp_branch,prediction_temporal_tabular_classifier_score,train,2007-08-31,0.08721970277576092,6853
temporal_tabular_small_mlp_branch,prediction_temporal_tabular_classifier_score,train,2007-09-28,0.16927218562291016,6844
temporal_tabular_small_mlp_branch,prediction_temporal_tabular_classifier_score,train,2007-10-31,0.2649837402144296,6856
temporal_tabular_small_mlp_branch,prediction_temporal_tabular_classifier_score,train,2007-11-30,0.1286930693774873,6884
temporal_tabular_small_mlp_branch,prediction_temporal_tabular_classifier_score,train,2007-12-31,0.08680118142765111,6912
temporal_tabular_small_mlp_branch,prediction_temporal_tabular_classifier_score,train,2008-01-31,0.10231318340470578,6906
temporal_tabular_small_mlp_branch,prediction_temporal_tabular_classifier_score,train,2008-02-29,0.183753568120064,6879
temporal_tabular_small_mlp_branch,prediction_temporal_tabular_classifier_score,train,2008-03-31,0.13605036302952417,6867
temporal_tabular_small_mlp_branch,prediction_temporal_tabular_classifier_score,train,2008-04-30,0.04291268706783996,6840
temporal_tabular_small_mlp_branch,prediction_temporal_tabular_classifier_score,train,2008-05-30,0.13206202360492,6848
temporal_tabular_small_mlp_branch,prediction_temporal_tabular_classifier_score,train,2008-06-30,0.05854615174449924,6830
temporal_tabular_small_mlp_branch,prediction_temporal_tabular_classifier_score,train,2008-07-31,0.03274007116458297,6827
temporal_tabular_small_mlp_branch,prediction_temporal_tabular_classifier_score,train,2008-08-29,0.1374316214029806,6785
temporal_tabular_small_mlp_branch,prediction_temporal_tabular_classifier_score,train,2008-09-30,0.25061996178368934,6764
temporal_tabular_small_mlp_branch,prediction_temporal_tabular_classifier_score,train,2008-10-31,0.27484711414079477,6719
temporal_tabular_small_mlp_branch,prediction_temporal_tabular_classifier_score,train,2008-11-28,0.05462142013362941,6709
temporal_tabular_small_mlp_branch,prediction_temporal_tabular_classifier_score,train,2008-12-31,-0.016807315189140637,6679
temporal_tabular_small_mlp_branch,prediction_temporal_tabular_classifier_score,train,2009-01-30,0.18245109563267672,6650
temporal_tabular_small_mlp_branch,prediction_temporal_tabular_classifier_score,train,2009-02-27,-0.021166618846496867,6606
temporal_tabular_small_mlp_branch,prediction_temporal_tabular_classifier_score,train,2009-03-31,-0.18377661884922708,6554
temporal_tabular_small_mlp_branch,prediction_temporal_tabular_classifier_score,train,2009-04-30,-0.13057647699904337,6538
temporal_tabular_small_mlp_branch,prediction_temporal_tabular_classifier_score,train,2009-05-29,0.013811026454356064,6494
temporal_tabular_small_mlp_branch,prediction_temporal_tabular_classifier_score,train,2009-06-30,0.11332649503586852,6485
temporal_tabular_small_mlp_branch,prediction_temporal_tabular_classifier_score,train,2009-07-31,-0.08552998351374352,6465
temporal_tabular_small_mlp_branch,prediction_temporal_tabular_classifier_score,train,2009-08-31,-0.01792208926387434,6457
temporal_tabular_small_mlp_branch,prediction_temporal_tabular_classifier_score,train,2009-09-30,0.16680921655311112,6453
temporal_tabular_small_mlp_branch,prediction_temporal_tabular_classifier_score,train,2009-10-30,0.1926584165929808,6452
temporal_tabular_small_mlp_branch,prediction_temporal_tabular_classifier_score,train,2009-11-30,0.039774730373025126,6462
temporal_tabular_small_mlp_branch,prediction_temporal_tabular_classifier_score,train,2009-12-31,-0.12012427749997352,6465
temporal_tabular_small_mlp_branch,prediction_temporal_tabular_classifier_score,train,2010-01-29,0.13590520251401722,6467
temporal_tabular_small_mlp_branch,prediction_temporal_tabular_classifier_score,train,2010-02-26,0.06988238099266328,6468
temporal_tabular_small_mlp_branch,prediction_temporal_tabular_classifier_score,train,2010-03-31,-0.06992620338479227,6468
temporal_tabular_small_mlp_branch,prediction_temporal_tabular_classifier_score,train,2010-04-30,0.13273203142370193,6492
temporal_tabular_small_mlp_branch,prediction_temporal_tabular_classifier_score,train,2010-05-28,0.15485155810762574,6469
temporal_tabular_small_mlp_branch,prediction_temporal_tabular_classifier_score,train,2010-06-30,0.13931479737177113,6486
temporal_tabular_small_mlp_branch,prediction_temporal_tabular_classifier_score,train,2010-07-30,0.14051863090709787,6501
temporal_tabular_small_mlp_branch,prediction_temporal_tabular_classifier_score,train,2010-08-31,0.08904286110273753,6501
temporal_tabular_small_mlp_branch,prediction_temporal_tabular_classifier_score,train,2010-09-30,0.08307203082437976,6500
temporal_tabular_small_mlp_branch,prediction_temporal_tabular_classifier_score,train,2010-10-29,0.14834456474575908,6498
temporal_tabular_small_mlp_branch,prediction_temporal_tabular_classifier_score,train,2010-11-30,0.0344562506103577,6504
temporal_tabular_small_mlp_branch,prediction_temporal_tabular_er_train_score,train,1989-12-29,-0.053449722707887656,6334
temporal_tabular_small_mlp_branch,prediction_temporal_tabular_er_train_score,train,1990-01-31,0.09757470338579496,6342
temporal_tabular_small_mlp_branch,prediction_temporal_tabular_er_train_score,train,1990-02-28,0.12028370037145743,6337
temporal_tabular_small_mlp_branch,prediction_temporal_tabular_er_train_score,train,1990-03-30,0.07536186486129254,6347
temporal_tabular_small_mlp_branch,prediction_temporal_tabular_er_train_score,train,1990-04-30,0.2189817772372289,6357
temporal_tabular_small_mlp_branch,prediction_temporal_tabular_er_train_score,train,1990-05-31,0.0940973870471831,6352
temporal_tabular_small_mlp_branch,prediction_temporal_tabular_er_train_score,train,1990-06-29,0.0832763250261307,6358
temporal_tabular_small_mlp_branch,prediction_temporal_tabular_er_train_score,train,1990-07-31,0.11518066256613879,6367
temporal_tabular_small_mlp_branch,prediction_temporal_tabular_er_train_score,train,1990-08-31,0.05121336560591652,6369
temporal_tabular_small_mlp_branch,prediction_temporal_tabular_er_train_score,train,1990-09-28,0.17756030786599636,6354
temporal_tabular_small_mlp_branch,prediction_temporal_tabular_er_train_score,train,1990-10-31,0.17358034354232144,6339
temporal_tabular_small_mlp_branch,prediction_temporal_tabular_er_train_score,train,1990-11-30,0.24733567564124567,6322
temporal_tabular_small_mlp_branch,prediction_temporal_tabular_er_train_score,train,1990-12-31,0.03270446681579899,6313
temporal_tabular_small_mlp_branch,prediction_temporal_tabular_er_train_score,train,1991-01-31,-0.0076315595114289985,6304
temporal_tabular_small_mlp_branch,prediction_temporal_tabular_er_train_score,train,1991-02-28,0.06362311686593883,6288
temporal_tabular_small_mlp_branch,prediction_temporal_tabular_er_train_score,train,1991-03-28,0.02448434712186197,6282
temporal_tabular_small_mlp_branch,prediction_temporal_tabular_er_train_score,train,1991-04-30,0.16377382793919928,6294
temporal_tabular_small_mlp_branch,prediction_temporal_tabular_er_train_score,train,1991-05-31,0.012985375922136253,6312
temporal_tabular_small_mlp_branch,prediction_temporal_tabular_er_train_score,train,1991-06-28,0.14135516131227543,6342
temporal_tabular_small_mlp_branch,prediction_temporal_tabular_er_train_score,train,1991-07-31,0.1105896317017692,6364
temporal_tabular_small_mlp_branch,prediction_temporal_tabular_er_train_score,train,1991-08-30,0.04179403510454966,6391
temporal_tabular_small_mlp_branch,prediction_temporal_tabular_er_train_score,train,1991-09-30,0.09480522858482679,6411
temporal_tabular_small_mlp_branch,prediction_temporal_tabular_er_train_score,train,1991-10-31,0.05781170607696154,6445
temporal_tabular_small_mlp_branch,prediction_temporal_tabular_er_train_score,train,1991-11-29,0.29879383159257084,6479
temporal_tabular_small_mlp_branch,prediction_temporal_tabular_er_train_score,train,1991-12-31,-0.23782067497590526,6495
temporal_tabular_small_mlp_branch,prediction_temporal_tabular_er_train_score,train,1992-01-31,0.02573498267174742,6517
temporal_tabular_small_mlp_branch,prediction_temporal_tabular_er_train_score,train,1992-02-28,0.13153102534565672,6546
temporal_tabular_small_mlp_branch,prediction_temporal_tabular_er_train_score,train,1992-03-31,0.22373239537170192,6600
temporal_tabular_small_mlp_branch,prediction_temporal_tabular_er_train_score,train,1992-04-30,0.10209240281355896,6613
temporal_tabular_small_mlp_branch,prediction_temporal_tabular_er_train_score,train,1992-05-29,0.12136238114373604,6611
temporal_tabular_small_mlp_branch,prediction_temporal_tabular_er_train_score,train,1992-06-30,0.11362799431176489,6607
temporal_tabular_small_mlp_branch,prediction_temporal_tabular_er_train_score,train,1992-07-31,0.11370533821846673,6639
temporal_tabular_small_mlp_branch,prediction_temporal_tabular_er_train_score,train,1992-08-31,0.12676031036460703,6654
temporal_tabular_small_mlp_branch,prediction_temporal_tabular_er_train_score,train,1992-09-30,0.16332877494090142,6661
temporal_tabular_small_mlp_branch,prediction_temporal_tabular_er_train_score,train,1992-10-30,0.11296351338971072,6706
temporal_tabular_small_mlp_branch,prediction_temporal_tabular_er_train_score,train,1992-11-30,0.10307936699304637,6740
temporal_tabular_small_mlp_branch,prediction_temporal_tabular_er_train_score,train,1992-12-31,0.0034570287302813454,6783
temporal_tabular_small_mlp_branch,prediction_temporal_tabular_er_train_score,train,1993-01-29,-0.0012535113680671786,6812
temporal_tabular_small_mlp_branch,prediction_temporal_tabular_er_train_score,train,1993-02-26,0.09434594410398313,6855
temporal_tabular_small_mlp_branch,prediction_temporal_tabular_er_train_score,train,1993-03-31,-0.025947326042459,6922
temporal_tabular_small_mlp_branch,prediction_temporal_tabular_er_train_score,train,1993-04-30,0.03388704834712292,6978
temporal_tabular_small_mlp_branch,prediction_temporal_tabular_er_train_score,train,1993-05-28,0.07829328123598672,7037
temporal_tabular_small_mlp_branch,prediction_temporal_tabular_er_train_score,train,1993-06-30,0.07242981823234108,7118
temporal_tabular_small_mlp_branch,prediction_temporal_tabular_er_train_score,train,1993-07-30,0.10326294802288496,7163
temporal_tabular_small_mlp_branch,prediction_temporal_tabular_er_train_score,train,1993-08-31,0.10288875259305949,7228
temporal_tabular_small_mlp_branch,prediction_temporal_tabular_er_train_score,train,1993-09-30,0.013196904799278935,7310
temporal_tabular_small_mlp_branch,prediction_temporal_tabular_er_train_score,train,1993-10-29,0.03993259465596492,7390
temporal_tabular_small_mlp_branch,prediction_temporal_tabular_er_train_score,train,1993-11-30,0.15116049382556446,7494
temporal_tabular_small_mlp_branch,prediction_temporal_tabular_er_train_score,train,1993-12-31,0.008121607881582744,7588
temporal_tabular_small_mlp_branch,prediction_temporal_tabular_er_train_score,train,1994-01-31,0.1045581695815219,7642
temporal_tabular_small_mlp_branch,prediction_temporal_tabular_er_train_score,train,1994-02-28,0.005687221308024571,7712
temporal_tabular_small_mlp_branch,prediction_temporal_tabular_er_train_score,train,1994-03-31,0.16565480109421685,7771
temporal_tabular_small_mlp_branch,prediction_temporal_tabular_er_train_score,train,1994-04-29,0.08621789139433757,7819
temporal_tabular_small_mlp_branch,prediction_temporal_tabular_er_train_score,train,1994-05-31,0.1681252204407263,7860
temporal_tabular_small_mlp_branch,prediction_temporal_tabular_er_train_score,train,1994-06-30,0.08720608692450457,7919
temporal_tabular_small_mlp_branch,prediction_temporal_tabular_er_train_score,train,1994-07-29,0.10059779145052276,7942
temporal_tabular_small_mlp_branch,prediction_temporal_tabular_er_train_score,train,1994-08-31,0.08142924882782096,7966
temporal_tabular_small_mlp_branch,prediction_temporal_tabular_er_train_score,train,1994-09-30,0.1275002813222633,7965
temporal_tabular_small_mlp_branch,prediction_temporal_tabular_er_train_score,train,1994-10-31,0.026229630422586525,8013
temporal_tabular_small_mlp_branch,prediction_temporal_tabular_er_train_score,train,1994-11-30,0.1772268189325697,8028
temporal_tabular_small_mlp_branch,prediction_temporal_tabular_er_train_score,train,1994-12-30,-0.0688809086746903,8027
temporal_tabular_small_mlp_branch,prediction_temporal_tabular_er_train_score,train,1995-01-31,0.0911615626989537,8011
temporal_tabular_small_mlp_branch,prediction_temporal_tabular_er_train_score,train,1995-02-28,0.08249147458922877,8019
temporal_tabular_small_mlp_branch,prediction_temporal_tabular_er_train_score,train,1995-03-31,0.07065163659764674,8025
temporal_tabular_small_mlp_branch,prediction_temporal_tabular_er_train_score,train,1995-04-28,0.060148551372308276,8039
temporal_tabular_small_mlp_branch,prediction_temporal_tabular_er_train_score,train,1995-05-31,0.06355964659322332,8041
temporal_tabular_small_mlp_branch,prediction_temporal_tabular_er_train_score,train,1995-06-30,0.11383580506591041,8065
temporal_tabular_small_mlp_branch,prediction_temporal_tabular_er_train_score,train,1995-07-31,0.08725531973274073,8097
temporal_tabular_small_mlp_branch,prediction_temporal_tabular_er_train_score,train,1995-08-31,0.08220336581519748,8125
temporal_tabular_small_mlp_branch,prediction_temporal_tabular_er_train_score,train,1995-09-29,0.2379678104320463,8133
temporal_tabular_small_mlp_branch,prediction_temporal_tabular_er_train_score,train,1995-10-31,0.17599013869662594,8169
temporal_tabular_small_mlp_branch,prediction_temporal_tabular_er_train_score,train,1995-11-30,0.1276935940907287,8219
temporal_tabular_small_mlp_branch,prediction_temporal_tabular_er_train_score,train,1995-12-29,-0.12241383463678375,8276
temporal_tabular_small_mlp_branch,prediction_temporal_tabular_er_train_score,train,1996-01-31,0.03667785467547302,8268
temporal_tabular_small_mlp_branch,prediction_temporal_tabular_er_train_score,train,1996-02-29,0.09987636894125677,8299
temporal_tabular_small_mlp_branch,prediction_temporal_tabular_er_train_score,train,1996-03-29,-0.02073202035449256,8366
temporal_tabular_small_mlp_branch,prediction_temporal_tabular_er_train_score,train,1996-04-30,-0.05926803692360572,8407
temporal_tabular_small_mlp_branch,prediction_temporal_tabular_er_train_score,train,1996-05-31,0.20981809030374704,8495
temporal_tabular_small_mlp_branch,prediction_temporal_tabular_er_train_score,train,1996-06-28,0.4054603278433847,8559
temporal_tabular_small_mlp_branch,prediction_temporal_tabular_er_train_score,train,1996-07-31,0.058171265596769155,8595
temporal_tabular_small_mlp_branch,prediction_temporal_tabular_er_train_score,train,1996-08-30,0.11024541010163452,8642
temporal_tabular_small_mlp_branch,prediction_temporal_tabular_er_train_score,train,1996-09-30,0.2962417594436719,8657
temporal_tabular_small_mlp_branch,prediction_temporal_tabular_er_train_score,train,1996-10-31,0.20091476314292117,8737
temporal_tabular_small_mlp_branch,prediction_temporal_tabular_er_train_score,train,1996-11-29,0.2220664815711254,8804
temporal_tabular_small_mlp_branch,prediction_temporal_tabular_er_train_score,train,1996-12-31,-0.08439955809345932,8822
temporal_tabular_small_mlp_branch,prediction_temporal_tabular_er_train_score,train,1997-01-31,0.2010570812148753,8818
temporal_tabular_small_mlp_branch,prediction_temporal_tabular_er_train_score,train,1997-02-28,0.265541685727628,8832
temporal_tabular_small_mlp_branch,prediction_temporal_tabular_er_train_score,train,1997-03-31,0.20081444357615924,8835
temporal_tabular_small_mlp_branch,prediction_temporal_tabular_er_train_score,train,1997-04-30,0.0425336681872477,8844
temporal_tabular_small_mlp_branch,prediction_temporal_tabular_er_train_score,train,1997-05-30,0.16990774116714782,8841
temporal_tabular_small_mlp_branch,prediction_temporal_tabular_er_train_score,train,1997-06-30,0.14898329874146396,8843
temporal_tabular_small_mlp_branch,prediction_temporal_tabular_er_train_score,train,1997-07-31,0.014941492213706197,8856
temporal_tabular_small_mlp_branch,prediction_temporal_tabular_er_train_score,train,1997-08-29,0.09649479056746471,8855
temporal_tabular_small_mlp_branch,prediction_temporal_tabular_er_train_score,train,1997-09-30,0.1620245884886301,8853
temporal_tabular_small_mlp_branch,prediction_temporal_tabular_er_train_score,train,1997-10-31,0.3384716847558327,8883
temporal_tabular_small_mlp_branch,prediction_temporal_tabular_er_train_score,train,1997-11-28,0.415387458985572,8903
temporal_tabular_small_mlp_branch,prediction_temporal_tabular_er_train_score,train,1997-12-31,-0.14587145599908038,8873
temporal_tabular_small_mlp_branch,prediction_temporal_tabular_er_train_score,train,1998-01-30,0.06572334177918569,8855
temporal_tabular_small_mlp_branch,prediction_temporal_tabular_er_train_score,train,1998-02-27,0.12335447703119172,8847
temporal_tabular_small_mlp_branch,prediction_temporal_tabular_er_train_score,train,1998-03-31,0.04626071965947948,8830
temporal_tabular_small_mlp_branch,prediction_temporal_tabular_er_train_score,train,1998-04-30,0.20527633787332522,8850
temporal_tabular_small_mlp_branch,prediction_temporal_tabular_er_train_score,train,1998-05-29,0.1960629446034074,8836
temporal_tabular_small_mlp_branch,prediction_temporal_tabular_er_train_score,train,1998-06-30,0.11227061994093936,8818
temporal_tabular_small_mlp_branch,prediction_temporal_tabular_er_train_score,train,1998-07-31,0.32166665049712057,8804
temporal_tabular_small_mlp_branch,prediction_temporal_tabular_er_train_score,train,1998-08-31,0.02970058439476003,8757
temporal_tabular_small_mlp_branch,prediction_temporal_tabular_er_train_score,train,1998-09-30,0.04615612737969825,8647
temporal_tabular_small_mlp_branch,prediction_temporal_tabular_er_train_score,train,1998-10-30,0.045684424586882155,8582
temporal_tabular_small_mlp_branch,prediction_temporal_tabular_er_train_score,train,1998-11-30,0.18212644189451851,8514
temporal_tabular_small_mlp_branch,prediction_temporal_tabular_er_train_score,train,1998-12-31,-0.18008132491010764,8489
temporal_tabular_small_mlp_branch,prediction_temporal_tabular_er_train_score,train,1999-01-29,0.020003923967187524,8445
temporal_tabular_small_mlp_branch,prediction_temporal_tabular_er_train_score,train,1999-02-26,0.0032430810945834857,8403
temporal_tabular_small_mlp_branch,prediction_temporal_tabular_er_train_score,train,1999-03-31,0.03187582372284136,8328
temporal_tabular_small_mlp_branch,prediction_temporal_tabular_er_train_score,train,1999-04-30,0.06482219510333316,8305
temporal_tabular_small_mlp_branch,prediction_temporal_tabular_er_train_score,train,1999-05-28,0.12826936622129365,8295
temporal_tabular_small_mlp_branch,prediction_temporal_tabular_er_train_score,train,1999-06-30,0.018437960754960302,8281
temporal_tabular_small_mlp_branch,prediction_temporal_tabular_er_train_score,train,1999-07-30,0.030575149082916152,8272
temporal_tabular_small_mlp_branch,prediction_temporal_tabular_er_train_score,train,1999-08-31,0.011097371815052074,8237
temporal_tabular_small_mlp_branch,prediction_temporal_tabular_er_train_score,train,1999-09-30,0.09563374624808198,8226
temporal_tabular_small_mlp_branch,prediction_temporal_tabular_er_train_score,train,1999-10-29,-0.1328455552600132,8228
temporal_tabular_small_mlp_branch,prediction_temporal_tabular_er_train_score,train,1999-11-30,-0.05182527207247069,8209
temporal_tabular_small_mlp_branch,prediction_temporal_tabular_er_train_score,train,1999-12-31,-0.19332478042925696,8193
temporal_tabular_small_mlp_branch,prediction_temporal_tabular_er_train_score,train,2000-01-31,-0.14255000377098287,8154
temporal_tabular_small_mlp_branch,prediction_temporal_tabular_er_train_score,train,2000-02-29,0.2494305277610355,8155
temporal_tabular_small_mlp_branch,prediction_temporal_tabular_er_train_score,train,2000-03-31,0.4065048904304268,8148
temporal_tabular_small_mlp_branch,prediction_temporal_tabular_er_train_score,train,2000-04-28,0.31341836073795387,8166
temporal_tabular_small_mlp_branch,prediction_temporal_tabular_er_train_score,train,2000-05-31,-0.19081255464020594,8149
temporal_tabular_small_mlp_branch,prediction_temporal_tabular_er_train_score,train,2000-06-30,0.26637163025861954,8163
temporal_tabular_small_mlp_branch,prediction_temporal_tabular_er_train_score,train,2000-07-31,0.03427499365694483,8180
temporal_tabular_small_mlp_branch,prediction_temporal_tabular_er_train_score,train,2000-08-31,0.29732245835081667,8192
temporal_tabular_small_mlp_branch,prediction_temporal_tabular_er_train_score,train,2000-09-29,0.3241449207701841,8157
temporal_tabular_small_mlp_branch,prediction_temporal_tabular_er_train_score,train,2000-10-31,0.5096926730243274,8107
temporal_tabular_small_mlp_branch,prediction_temporal_tabular_er_train_score,train,2000-11-30,0.3371396030029711,8036
temporal_tabular_small_mlp_branch,prediction_temporal_tabular_er_train_score,train,2000-12-29,-0.427662888540834,7954
temporal_tabular_small_mlp_branch,prediction_temporal_tabular_er_train_score,train,2001-01-31,0.5009162581778352,7893
temporal_tabular_small_mlp_branch,prediction_temporal_tabular_er_train_score,train,2001-02-28,0.3398486635648825,7836
temporal_tabular_small_mlp_branch,prediction_temporal_tabular_er_train_score,train,2001-03-30,-0.01336988206553882,7763
temporal_tabular_small_mlp_branch,prediction_temporal_tabular_er_train_score,train,2001-04-30,0.05454693182968916,7679
temporal_tabular_small_mlp_branch,prediction_temporal_tabular_er_train_score,train,2001-05-31,0.13032755400393958,7628
temporal_tabular_small_mlp_branch,prediction_temporal_tabular_er_train_score,train,2001-06-29,0.3104944698843241,7575
temporal_tabular_small_mlp_branch,prediction_temporal_tabular_er_train_score,train,2001-07-31,0.25843330371369955,7517
temporal_tabular_small_mlp_branch,prediction_temporal_tabular_er_train_score,train,2001-08-31,0.3648396272608783,7461
temporal_tabular_small_mlp_branch,prediction_temporal_tabular_er_train_score,train,2001-09-28,-0.13386582904779443,7426
temporal_tabular_small_mlp_branch,prediction_temporal_tabular_er_train_score,train,2001-10-31,-0.1288421060227543,7375
temporal_tabular_small_mlp_branch,prediction_temporal_tabular_er_train_score,train,2001-11-30,0.05490266768213362,7341
temporal_tabular_small_mlp_branch,prediction_temporal_tabular_er_train_score,train,2001-12-31,0.12101501024986756,7300
temporal_tabular_small_mlp_branch,prediction_temporal_tabular_er_train_score,train,2002-01-31,0.3989180301708766,7261
temporal_tabular_small_mlp_branch,prediction_temporal_tabular_er_train_score,train,2002-02-28,-0.04190133148601746,7225
temporal_tabular_small_mlp_branch,prediction_temporal_tabular_er_train_score,train,2002-03-28,0.3557329635176576,7168
temporal_tabular_small_mlp_branch,prediction_temporal_tabular_er_train_score,train,2002-04-30,0.20515281279790304,7139
temporal_tabular_small_mlp_branch,prediction_temporal_tabular_er_train_score,train,2002-05-31,0.3680254031854884,7119
temporal_tabular_small_mlp_branch,prediction_temporal_tabular_er_train_score,train,2002-06-28,0.263992390427794,7084
temporal_tabular_small_mlp_branch,prediction_temporal_tabular_er_train_score,train,2002-07-31,0.14069933413308755,7030
temporal_tabular_small_mlp_branch,prediction_temporal_tabular_er_train_score,train,2002-08-30,0.37431640651874193,7002
temporal_tabular_small_mlp_branch,prediction_temporal_tabular_er_train_score,train,2002-09-30,-0.09232606847346056,6948
temporal_tabular_small_mlp_branch,prediction_temporal_tabular_er_train_score,train,2002-10-31,-0.2952291885286007,6931
temporal_tabular_small_mlp_branch,prediction_temporal_tabular_er_train_score,train,2002-11-29,0.2460865324003912,6927
temporal_tabular_small_mlp_branch,prediction_temporal_tabular_er_train_score,train,2002-12-31,-0.011073049070511076,6894
temporal_tabular_small_mlp_branch,prediction_temporal_tabular_er_train_score,train,2003-01-31,0.13273893629211847,6847
temporal_tabular_small_mlp_branch,prediction_temporal_tabular_er_train_score,train,2003-02-28,0.04845181438716132,6795
temporal_tabular_small_mlp_branch,prediction_temporal_tabular_er_train_score,train,2003-03-31,-0.03853205655185633,6748
temporal_tabular_small_mlp_branch,prediction_temporal_tabular_er_train_score,train,2003-04-30,-0.1583127375650444,6711
temporal_tabular_small_mlp_branch,prediction_temporal_tabular_er_train_score,train,2003-05-30,-0.009596549287608093,6682
temporal_tabular_small_mlp_branch,prediction_temporal_tabular_er_train_score,train,2003-06-30,0.13382836495654504,6648
temporal_tabular_small_mlp_branch,prediction_temporal_tabular_er_train_score,train,2003-07-31,0.10903246969847624,6626
temporal_tabular_small_mlp_branch,prediction_temporal_tabular_er_train_score,train,2003-08-29,-0.13826549584262687,6612
temporal_tabular_small_mlp_branch,prediction_temporal_tabular_er_train_score,train,2003-09-30,0.1724200257366237,6607
temporal_tabular_small_mlp_branch,prediction_temporal_tabular_er_train_score,train,2003-10-31,0.09494352051186929,6596
temporal_tabular_small_mlp_branch,prediction_temporal_tabular_er_train_score,train,2003-11-28,-0.007594407015799575,6589
temporal_tabular_small_mlp_branch,prediction_temporal_tabular_er_train_score,train,2003-12-31,-0.20961666896779196,6592
temporal_tabular_small_mlp_branch,prediction_temporal_tabular_er_train_score,train,2004-01-30,0.11722656527038493,6599
temporal_tabular_small_mlp_branch,prediction_temporal_tabular_er_train_score,train,2004-02-27,0.11537197978383743,6599
temporal_tabular_small_mlp_branch,prediction_temporal_tabular_er_train_score,train,2004-03-31,0.13252916264187697,6605
temporal_tabular_small_mlp_branch,prediction_temporal_tabular_er_train_score,train,2004-04-30,0.10550005384959422,6593
temporal_tabular_small_mlp_branch,prediction_temporal_tabular_er_train_score,train,2004-05-28,0.17474175315360985,6594
temporal_tabular_small_mlp_branch,prediction_temporal_tabular_er_train_score,train,2004-06-30,0.10396607282341833,6592
temporal_tabular_small_mlp_branch,prediction_temporal_tabular_er_train_score,train,2004-07-30,-0.07092326789570318,6598
temporal_tabular_small_mlp_branch,prediction_temporal_tabular_er_train_score,train,2004-08-31,0.14083430578533254,6602
temporal_tabular_small_mlp_branch,prediction_temporal_tabular_er_train_score,train,2004-09-30,0.04128204419792393,6607
temporal_tabular_small_mlp_branch,prediction_temporal_tabular_er_train_score,train,2004-10-29,0.1167411572226937,6620
temporal_tabular_small_mlp_branch,prediction_temporal_tabular_er_train_score,train,2004-11-30,-0.023067781489587852,6615
temporal_tabular_small_mlp_branch,prediction_temporal_tabular_er_train_score,train,2004-12-31,0.1141570448573689,6633
temporal_tabular_small_mlp_branch,prediction_temporal_tabular_er_train_score,train,2005-01-31,0.17495017797028112,6623
temporal_tabular_small_mlp_branch,prediction_temporal_tabular_er_train_score,train,2005-02-28,0.12910311884010314,6637
temporal_tabular_small_mlp_branch,prediction_temporal_tabular_er_train_score,train,2005-03-31,-0.026908440168086346,6636
temporal_tabular_small_mlp_branch,prediction_temporal_tabular_er_train_score,train,2005-04-29,0.1011426406772357,6628
temporal_tabular_small_mlp_branch,prediction_temporal_tabular_er_train_score,train,2005-05-31,0.08360777765076935,6630
temporal_tabular_small_mlp_branch,prediction_temporal_tabular_er_train_score,train,2005-06-30,0.11007729085539207,6652
temporal_tabular_small_mlp_branch,prediction_temporal_tabular_er_train_score,train,2005-07-29,0.042073718815136954,6640
temporal_tabular_small_mlp_branch,prediction_temporal_tabular_er_train_score,train,2005-08-31,0.09979385074140033,6643
temporal_tabular_small_mlp_branch,prediction_temporal_tabular_er_train_score,train,2005-09-30,0.04855933682139643,6636
temporal_tabular_small_mlp_branch,prediction_temporal_tabular_er_train_score,train,2005-10-31,0.16414352234722132,6636
temporal_tabular_small_mlp_branch,prediction_temporal_tabular_er_train_score,train,2005-11-30,0.031856522405249804,6647
temporal_tabular_small_mlp_branch,prediction_temporal_tabular_er_train_score,train,2005-12-30,0.096622502738501,6647
temporal_tabular_small_mlp_branch,prediction_temporal_tabular_er_train_score,train,2006-01-31,-0.055967376846642526,6620
temporal_tabular_small_mlp_branch,prediction_temporal_tabular_er_train_score,train,2006-02-28,0.13986165598979208,6626
temporal_tabular_small_mlp_branch,prediction_temporal_tabular_er_train_score,train,2006-03-31,0.1405639825898376,6633
temporal_tabular_small_mlp_branch,prediction_temporal_tabular_er_train_score,train,2006-04-28,-0.014242613277491063,6635
temporal_tabular_small_mlp_branch,prediction_temporal_tabular_er_train_score,train,2006-05-31,0.09420242973264249,6653
temporal_tabular_small_mlp_branch,prediction_temporal_tabular_er_train_score,train,2006-06-30,0.003570762459408757,6698
temporal_tabular_small_mlp_branch,prediction_temporal_tabular_er_train_score,train,2006-07-31,-0.03915374780880485,6704
temporal_tabular_small_mlp_branch,prediction_temporal_tabular_er_train_score,train,2006-08-31,0.02630484388167422,6698
temporal_tabular_small_mlp_branch,prediction_temporal_tabular_er_train_score,train,2006-09-29,0.113549269424509,6722
temporal_tabular_small_mlp_branch,prediction_temporal_tabular_er_train_score,train,2006-10-31,0.06433160833254936,6735
temporal_tabular_small_mlp_branch,prediction_temporal_tabular_er_train_score,train,2006-11-30,0.031083415854717356,6748
temporal_tabular_small_mlp_branch,prediction_temporal_tabular_er_train_score,train,2006-12-29,0.05834330849110062,6739
temporal_tabular_small_mlp_branch,prediction_temporal_tabular_er_train_score,train,2007-01-31,0.007006923445532741,6755
temporal_tabular_small_mlp_branch,prediction_temporal_tabular_er_train_score,train,2007-02-28,0.0769444379552582,6797
temporal_tabular_small_mlp_branch,prediction_temporal_tabular_er_train_score,train,2007-03-30,0.07796589379621147,6812
temporal_tabular_small_mlp_branch,prediction_temporal_tabular_er_train_score,train,2007-04-30,0.1861096772323521,6809
temporal_tabular_small_mlp_branch,prediction_temporal_tabular_er_train_score,train,2007-05-31,0.13928590485655393,6839
temporal_tabular_small_mlp_branch,prediction_temporal_tabular_er_train_score,train,2007-06-29,0.01737392502828048,6849
temporal_tabular_small_mlp_branch,prediction_temporal_tabular_er_train_score,train,2007-07-31,-0.002732144671825661,6854
temporal_tabular_small_mlp_branch,prediction_temporal_tabular_er_train_score,train,2007-08-31,0.07090935308361397,6853
temporal_tabular_small_mlp_branch,prediction_temporal_tabular_er_train_score,train,2007-09-28,0.20798508446713582,6844
temporal_tabular_small_mlp_branch,prediction_temporal_tabular_er_train_score,train,2007-10-31,0.03699353583080031,6856
temporal_tabular_small_mlp_branch,prediction_temporal_tabular_er_train_score,train,2007-11-30,0.09014090378827244,6884
temporal_tabular_small_mlp_branch,prediction_temporal_tabular_er_train_score,train,2007-12-31,-0.13973452790922297,6912
temporal_tabular_small_mlp_branch,prediction_temporal_tabular_er_train_score,train,2008-01-31,0.09783901717530233,6906
temporal_tabular_small_mlp_branch,prediction_temporal_tabular_er_train_score,train,2008-02-29,0.09002969288113877,6879
temporal_tabular_small_mlp_branch,prediction_temporal_tabular_er_train_score,train,2008-03-31,0.07693923161535912,6867
temporal_tabular_small_mlp_branch,prediction_temporal_tabular_er_train_score,train,2008-04-30,0.09903422051446013,6840
temporal_tabular_small_mlp_branch,prediction_temporal_tabular_er_train_score,train,2008-05-30,0.016703655914911436,6848
temporal_tabular_small_mlp_branch,prediction_temporal_tabular_er_train_score,train,2008-06-30,0.04465417879980621,6830
temporal_tabular_small_mlp_branch,prediction_temporal_tabular_er_train_score,train,2008-07-31,0.05998404959129531,6827
temporal_tabular_small_mlp_branch,prediction_temporal_tabular_er_train_score,train,2008-08-29,0.08040007756937843,6785
temporal_tabular_small_mlp_branch,prediction_temporal_tabular_er_train_score,train,2008-09-30,0.029587240584811884,6764
temporal_tabular_small_mlp_branch,prediction_temporal_tabular_er_train_score,train,2008-10-31,0.15549672477630386,6719
temporal_tabular_small_mlp_branch,prediction_temporal_tabular_er_train_score,train,2008-11-28,0.03389305899553536,6709
temporal_tabular_small_mlp_branch,prediction_temporal_tabular_er_train_score,train,2008-12-31,-0.05283044385147469,6679
temporal_tabular_small_mlp_branch,prediction_temporal_tabular_er_train_score,train,2009-01-30,0.042022242980757255,6650
temporal_tabular_small_mlp_branch,prediction_temporal_tabular_er_train_score,train,2009-02-27,0.10670559075314594,6606
temporal_tabular_small_mlp_branch,prediction_temporal_tabular_er_train_score,train,2009-03-31,0.1096739819496646,6554
temporal_tabular_small_mlp_branch,prediction_temporal_tabular_er_train_score,train,2009-04-30,-0.05450477010053443,6538
temporal_tabular_small_mlp_branch,prediction_temporal_tabular_er_train_score,train,2009-05-29,0.005975998466979474,6494
temporal_tabular_small_mlp_branch,prediction_temporal_tabular_er_train_score,train,2009-06-30,0.14208642889560982,6485
temporal_tabular_small_mlp_branch,prediction_temporal_tabular_er_train_score,train,2009-07-31,-0.06281280527446191,6465
temporal_tabular_small_mlp_branch,prediction_temporal_tabular_er_train_score,train,2009-08-31,0.06036632379892361,6457
temporal_tabular_small_mlp_branch,prediction_temporal_tabular_er_train_score,train,2009-09-30,-0.029329092250350082,6453
temporal_tabular_small_mlp_branch,prediction_temporal_tabular_er_train_score,train,2009-10-30,0.07558958195161944,6452
temporal_tabular_small_mlp_branch,prediction_temporal_tabular_er_train_score,train,2009-11-30,0.15537481680032766,6462
temporal_tabular_small_mlp_branch,prediction_temporal_tabular_er_train_score,train,2009-12-31,-0.14042806726911086,6465
temporal_tabular_small_mlp_branch,prediction_temporal_tabular_er_train_score,train,2010-01-29,0.18352869978964886,6467
temporal_tabular_small_mlp_branch,prediction_temporal_tabular_er_train_score,train,2010-02-26,0.15254604114464482,6468
temporal_tabular_small_mlp_branch,prediction_temporal_tabular_er_train_score,train,2010-03-31,0.06094617365256957,6468
temporal_tabular_small_mlp_branch,prediction_temporal_tabular_er_train_score,train,2010-04-30,0.03523414505263637,6492
temporal_tabular_small_mlp_branch,prediction_temporal_tabular_er_train_score,train,2010-05-28,-0.0010210728931394108,6469
temporal_tabular_small_mlp_branch,prediction_temporal_tabular_er_train_score,train,2010-06-30,0.1355584499326825,6486
temporal_tabular_small_mlp_branch,prediction_temporal_tabular_er_train_score,train,2010-07-30,-0.06374686395420634,6501
temporal_tabular_small_mlp_branch,prediction_temporal_tabular_er_train_score,train,2010-08-31,0.18720452040622976,6501
temporal_tabular_small_mlp_branch,prediction_temporal_tabular_er_train_score,train,2010-09-30,0.1557976824712878,6500
temporal_tabular_small_mlp_branch,prediction_temporal_tabular_er_train_score,train,2010-10-29,0.22182042740732558,6498
temporal_tabular_small_mlp_branch,prediction_temporal_tabular_er_train_score,train,2010-11-30,0.11818188578179391,6504
temporal_tabular_small_mlp_branch,prediction_temporal_tabular_classifier_score,validation,2010-12-31,0.040444239546787684,6508
temporal_tabular_small_mlp_branch,prediction_temporal_tabular_classifier_score,validation,2011-01-31,0.1297375932321225,6534
temporal_tabular_small_mlp_branch,prediction_temporal_tabular_classifier_score,validation,2011-02-28,0.17156570246393668,6533
temporal_tabular_small_mlp_branch,prediction_temporal_tabular_classifier_score,validation,2011-03-31,0.14047785715790564,6542
temporal_tabular_small_mlp_branch,prediction_temporal_tabular_classifier_score,validation,2011-04-29,0.06738640812542745,6561
temporal_tabular_small_mlp_branch,prediction_temporal_tabular_classifier_score,validation,2011-05-31,0.1528106260134041,6593
temporal_tabular_small_mlp_branch,prediction_temporal_tabular_classifier_score,validation,2011-06-30,-0.03402467820272314,6612
temporal_tabular_small_mlp_branch,prediction_temporal_tabular_classifier_score,validation,2011-07-29,0.14220593763691355,6621
temporal_tabular_small_mlp_branch,prediction_temporal_tabular_classifier_score,validation,2011-08-31,0.09841374288334988,6621
temporal_tabular_small_mlp_branch,prediction_temporal_tabular_classifier_score,validation,2011-09-30,0.10681503863562951,6627
temporal_tabular_small_mlp_branch,prediction_temporal_tabular_classifier_score,validation,2011-10-31,0.25553566788021315,6612
temporal_tabular_small_mlp_branch,prediction_temporal_tabular_classifier_score,validation,2011-11-30,0.17597537298549074,6610
temporal_tabular_small_mlp_branch,prediction_temporal_tabular_classifier_score,validation,2011-12-30,-0.15146614312191822,6604
temporal_tabular_small_mlp_branch,prediction_temporal_tabular_classifier_score,validation,2012-01-31,-0.018834140265624986,6625
temporal_tabular_small_mlp_branch,prediction_temporal_tabular_classifier_score,validation,2012-02-29,0.10142345278606453,6651
temporal_tabular_small_mlp_branch,prediction_temporal_tabular_classifier_score,validation,2012-03-30,0.12576683725569404,6663
temporal_tabular_small_mlp_branch,prediction_temporal_tabular_classifier_score,validation,2012-04-30,0.04918363569987551,6681
temporal_tabular_small_mlp_branch,prediction_temporal_tabular_classifier_score,validation,2012-05-31,0.06595327957355011,6689
temporal_tabular_small_mlp_branch,prediction_temporal_tabular_classifier_score,validation,2012-06-29,0.16587798066105144,6667
temporal_tabular_small_mlp_branch,prediction_temporal_tabular_classifier_score,validation,2012-07-31,0.03792023682761565,6669
temporal_tabular_small_mlp_branch,prediction_temporal_tabular_classifier_score,validation,2012-08-31,0.015094838603717435,6638
temporal_tabular_small_mlp_branch,prediction_temporal_tabular_classifier_score,validation,2012-09-28,0.14370543178552594,6610
temporal_tabular_small_mlp_branch,prediction_temporal_tabular_classifier_score,validation,2012-10-31,0.11392557604979535,6592
temporal_tabular_small_mlp_branch,prediction_temporal_tabular_classifier_score,validation,2012-11-30,0.050283152030795336,6587
temporal_tabular_small_mlp_branch,prediction_temporal_tabular_classifier_score,validation,2012-12-31,0.07546603143972043,6581
temporal_tabular_small_mlp_branch,prediction_temporal_tabular_classifier_score,validation,2013-01-31,0.15811490339141945,6571
temporal_tabular_small_mlp_branch,prediction_temporal_tabular_classifier_score,validation,2013-02-28,0.1517581157232946,6574
temporal_tabular_small_mlp_branch,prediction_temporal_tabular_classifier_score,validation,2013-03-28,0.08272205337428937,6551
temporal_tabular_small_mlp_branch,prediction_temporal_tabular_classifier_score,validation,2013-04-30,0.055863468253045306,6563
temporal_tabular_small_mlp_branch,prediction_temporal_tabular_classifier_score,validation,2013-05-31,0.11548607084589899,6583
temporal_tabular_small_mlp_branch,prediction_temporal_tabular_classifier_score,validation,2013-06-28,0.08255633206656744,6602
temporal_tabular_small_mlp_branch,prediction_temporal_tabular_classifier_score,validation,2013-07-31,-0.08254129377742035,6626
temporal_tabular_small_mlp_branch,prediction_temporal_tabular_classifier_score,validation,2013-08-30,0.1061856141699258,6645
temporal_tabular_small_mlp_branch,prediction_temporal_tabular_classifier_score,validation,2013-09-30,0.20901047326787361,6657
temporal_tabular_small_mlp_branch,prediction_temporal_tabular_classifier_score,validation,2013-10-31,0.08191471446984173,6688
temporal_tabular_small_mlp_branch,prediction_temporal_tabular_classifier_score,validation,2013-11-29,0.05073862733107651,6714
temporal_tabular_small_mlp_branch,prediction_temporal_tabular_classifier_score,validation,2013-12-31,-0.17815757297213838,6716
temporal_tabular_small_mlp_branch,prediction_temporal_tabular_classifier_score,validation,2014-01-31,0.04118125079716173,6746
temporal_tabular_small_mlp_branch,prediction_temporal_tabular_classifier_score,validation,2014-02-28,0.14413353764653272,6767
temporal_tabular_small_mlp_branch,prediction_temporal_tabular_classifier_score,validation,2014-03-31,0.20606856079147307,6793
temporal_tabular_small_mlp_branch,prediction_temporal_tabular_classifier_score,validation,2014-04-30,0.15482912617494746,6815
temporal_tabular_small_mlp_branch,prediction_temporal_tabular_classifier_score,validation,2014-05-30,0.007155659408911655,6849
temporal_tabular_small_mlp_branch,prediction_temporal_tabular_classifier_score,validation,2014-06-30,0.07307138442047441,6886
temporal_tabular_small_mlp_branch,prediction_temporal_tabular_classifier_score,validation,2014-07-31,0.15824015386806697,6922
temporal_tabular_small_mlp_branch,prediction_temporal_tabular_classifier_score,validation,2014-08-29,0.046770673267773864,6946
temporal_tabular_small_mlp_branch,prediction_temporal_tabular_classifier_score,validation,2014-09-30,0.2625818940884721,6951
temporal_tabular_small_mlp_branch,prediction_temporal_tabular_classifier_score,validation,2014-10-31,0.15708483825475605,6977
temporal_tabular_small_mlp_branch,prediction_temporal_tabular_classifier_score,validation,2014-11-28,0.11712447941070421,7001
temporal_tabular_small_mlp_branch,prediction_temporal_tabular_classifier_score,validation,2014-12-31,0.10857371023678392,6993
temporal_tabular_small_mlp_branch,prediction_temporal_tabular_classifier_score,validation,2015-01-30,-0.0968713048928013,6981
temporal_tabular_small_mlp_branch,prediction_temporal_tabular_classifier_score,validation,2015-02-27,0.1848590904227299,6995
temporal_tabular_small_mlp_branch,prediction_temporal_tabular_classifier_score,validation,2015-03-31,-0.13169879195561646,7000
temporal_tabular_small_mlp_branch,prediction_temporal_tabular_classifier_score,validation,2015-04-30,0.04316026556910564,7028
temporal_tabular_small_mlp_branch,prediction_temporal_tabular_classifier_score,validation,2015-05-29,0.0993224160623974,7048
temporal_tabular_small_mlp_branch,prediction_temporal_tabular_classifier_score,validation,2015-06-30,0.26403243999079273,7085
temporal_tabular_small_mlp_branch,prediction_temporal_tabular_classifier_score,validation,2015-07-31,0.111700345935032,7140
temporal_tabular_small_mlp_branch,prediction_temporal_tabular_classifier_score,validation,2015-08-31,0.292651286486935,7146
temporal_tabular_small_mlp_branch,prediction_temporal_tabular_classifier_score,validation,2015-09-30,0.02010792658076782,7146
temporal_tabular_small_mlp_branch,prediction_temporal_tabular_classifier_score,validation,2015-10-30,-0.020971412624987217,7151
temporal_tabular_small_mlp_branch,prediction_temporal_tabular_classifier_score,validation,2015-11-30,0.17432063989443147,7177
temporal_tabular_small_mlp_branch,prediction_temporal_tabular_er_train_score,validation,2010-12-31,0.01102834010595618,6508
temporal_tabular_small_mlp_branch,prediction_temporal_tabular_er_train_score,validation,2011-01-31,0.16126342520154882,6534
temporal_tabular_small_mlp_branch,prediction_temporal_tabular_er_train_score,validation,2011-02-28,0.12521970413221498,6533
temporal_tabular_small_mlp_branch,prediction_temporal_tabular_er_train_score,validation,2011-03-31,0.044686484051086744,6542
temporal_tabular_small_mlp_branch,prediction_temporal_tabular_er_train_score,validation,2011-04-29,-0.09294356672203967,6561
temporal_tabular_small_mlp_branch,prediction_temporal_tabular_er_train_score,validation,2011-05-31,0.013642811766709416,6593
temporal_tabular_small_mlp_branch,prediction_temporal_tabular_er_train_score,validation,2011-06-30,-0.07080005154551022,6612
temporal_tabular_small_mlp_branch,prediction_temporal_tabular_er_train_score,validation,2011-07-29,-0.1467156452971624,6621
temporal_tabular_small_mlp_branch,prediction_temporal_tabular_er_train_score,validation,2011-08-31,-0.1345944529470127,6621
temporal_tabular_small_mlp_branch,prediction_temporal_tabular_er_train_score,validation,2011-09-30,0.2690259010025953,6627
temporal_tabular_small_mlp_branch,prediction_temporal_tabular_er_train_score,validation,2011-10-31,0.09270121184894979,6612
temporal_tabular_small_mlp_branch,prediction_temporal_tabular_er_train_score,validation,2011-11-30,0.02125445792963339,6610
temporal_tabular_small_mlp_branch,prediction_temporal_tabular_er_train_score,validation,2011-12-30,0.04866182059259924,6604
temporal_tabular_small_mlp_branch,prediction_temporal_tabular_er_train_score,validation,2012-01-31,0.0305436916792669,6625
temporal_tabular_small_mlp_branch,prediction_temporal_tabular_er_train_score,validation,2012-02-29,0.12481313424061317,6651
temporal_tabular_small_mlp_branch,prediction_temporal_tabular_er_train_score,validation,2012-03-30,-0.0375290501253939,6663
temporal_tabular_small_mlp_branch,prediction_temporal_tabular_er_train_score,validation,2012-04-30,-0.15009971163606095,6681
temporal_tabular_small_mlp_branch,prediction_temporal_tabular_er_train_score,validation,2012-05-31,0.05058900214608102,6689
temporal_tabular_small_mlp_branch,prediction_temporal_tabular_er_train_score,validation,2012-06-29,-0.0203639192419606,6667
temporal_tabular_small_mlp_branch,prediction_temporal_tabular_er_train_score,validation,2012-07-31,0.09529885057510318,6669
temporal_tabular_small_mlp_branch,prediction_temporal_tabular_er_train_score,validation,2012-08-31,0.05988271480244606,6638
temporal_tabular_small_mlp_branch,prediction_temporal_tabular_er_train_score,validation,2012-09-28,0.014527832287238475,6610
temporal_tabular_small_mlp_branch,prediction_temporal_tabular_er_train_score,validation,2012-10-31,0.04892132750491185,6592
temporal_tabular_small_mlp_branch,prediction_temporal_tabular_er_train_score,validation,2012-11-30,0.13061107537670813,6587
temporal_tabular_small_mlp_branch,prediction_temporal_tabular_er_train_score,validation,2012-12-31,0.13087699672381387,6581
temporal_tabular_small_mlp_branch,prediction_temporal_tabular_er_train_score,validation,2013-01-31,0.11029568085502645,6571
temporal_tabular_small_mlp_branch,prediction_temporal_tabular_er_train_score,validation,2013-02-28,0.16879096555512949,6574
temporal_tabular_small_mlp_branch,prediction_temporal_tabular_er_train_score,validation,2013-03-28,-0.06708748973173176,6551
temporal_tabular_small_mlp_branch,prediction_temporal_tabular_er_train_score,validation,2013-04-30,0.23906744701423457,6563
temporal_tabular_small_mlp_branch,prediction_temporal_tabular_er_train_score,validation,2013-05-31,0.13675503290886512,6583
temporal_tabular_small_mlp_branch,prediction_temporal_tabular_er_train_score,validation,2013-06-28,0.18849378325498148,6602
temporal_tabular_small_mlp_branch,prediction_temporal_tabular_er_train_score,validation,2013-07-31,-0.056100342611809025,6626
temporal_tabular_small_mlp_branch,prediction_temporal_tabular_er_train_score,validation,2013-08-30,0.16063828481966688,6645
temporal_tabular_small_mlp_branch,prediction_temporal_tabular_er_train_score,validation,2013-09-30,0.1260819228985677,6657
temporal_tabular_small_mlp_branch,prediction_temporal_tabular_er_train_score,validation,2013-10-31,0.17983713058669354,6688
temporal_tabular_small_mlp_branch,prediction_temporal_tabular_er_train_score,validation,2013-11-29,0.0816152787230463,6714
temporal_tabular_small_mlp_branch,prediction_temporal_tabular_er_train_score,validation,2013-12-31,-0.2235732924259151,6716
temporal_tabular_small_mlp_branch,prediction_temporal_tabular_er_train_score,validation,2014-01-31,0.06646913405702103,6746
temporal_tabular_small_mlp_branch,prediction_temporal_tabular_er_train_score,validation,2014-02-28,0.04063597680966398,6767
temporal_tabular_small_mlp_branch,prediction_temporal_tabular_er_train_score,validation,2014-03-31,-0.06480754719229041,6793
temporal_tabular_small_mlp_branch,prediction_temporal_tabular_er_train_score,validation,2014-04-30,0.041190079637834096,6815
temporal_tabular_small_mlp_branch,prediction_temporal_tabular_er_train_score,validation,2014-05-30,0.09714075952496024,6849
temporal_tabular_small_mlp_branch,prediction_temporal_tabular_er_train_score,validation,2014-06-30,-0.08398131671478803,6886
temporal_tabular_small_mlp_branch,prediction_temporal_tabular_er_train_score,validation,2014-07-31,0.15714658686828756,6922
temporal_tabular_small_mlp_branch,prediction_temporal_tabular_er_train_score,validation,2014-08-29,-0.09716678389772031,6946
temporal_tabular_small_mlp_branch,prediction_temporal_tabular_er_train_score,validation,2014-09-30,0.19149929539387567,6951
temporal_tabular_small_mlp_branch,prediction_temporal_tabular_er_train_score,validation,2014-10-31,0.04731659948524199,6977
temporal_tabular_small_mlp_branch,prediction_temporal_tabular_er_train_score,validation,2014-11-28,0.17688728952951357,7001
temporal_tabular_small_mlp_branch,prediction_temporal_tabular_er_train_score,validation,2014-12-31,-0.05457448197068927,6993
temporal_tabular_small_mlp_branch,prediction_temporal_tabular_er_train_score,validation,2015-01-30,0.0057767523060064515,6981
temporal_tabular_small_mlp_branch,prediction_temporal_tabular_er_train_score,validation,2015-02-27,0.16900157286751283,6995
temporal_tabular_small_mlp_branch,prediction_temporal_tabular_er_train_score,validation,2015-03-31,-0.1556561917635075,7000
temporal_tabular_small_mlp_branch,prediction_temporal_tabular_er_train_score,validation,2015-04-30,0.06255530407034347,7028
temporal_tabular_small_mlp_branch,prediction_temporal_tabular_er_train_score,validation,2015-05-29,0.1255773443207114,7048
temporal_tabular_small_mlp_branch,prediction_temporal_tabular_er_train_score,validation,2015-06-30,0.12441282442354439,7085
temporal_tabular_small_mlp_branch,prediction_temporal_tabular_er_train_score,validation,2015-07-31,0.06748734917311408,7140
temporal_tabular_small_mlp_branch,prediction_temporal_tabular_er_train_score,validation,2015-08-31,0.20667753108519626,7146
temporal_tabular_small_mlp_branch,prediction_temporal_tabular_er_train_score,validation,2015-09-30,0.05275120821126673,7146
temporal_tabular_small_mlp_branch,prediction_temporal_tabular_er_train_score,validation,2015-10-30,0.002590809541805291,7151
temporal_tabular_small_mlp_branch,prediction_temporal_tabular_er_train_score,validation,2015-11-30,-0.01023869290663509,7177
temporal_tabular_small_mlp_branch,prediction_temporal_tabular_classifier_score,test,2015-12-31,0.30610293502038366,7175
temporal_tabular_small_mlp_branch,prediction_temporal_tabular_classifier_score,test,2016-01-29,0.06422451292263348,7146
temporal_tabular_small_mlp_branch,prediction_temporal_tabular_classifier_score,test,2016-02-29,-0.08552355031775327,7134
temporal_tabular_small_mlp_branch,prediction_temporal_tabular_classifier_score,test,2016-03-31,-0.15845091638140585,7115
temporal_tabular_small_mlp_branch,prediction_temporal_tabular_classifier_score,test,2016-04-29,0.1376275635455133,7106
temporal_tabular_small_mlp_branch,prediction_temporal_tabular_classifier_score,test,2016-05-31,0.1501681998194556,7115
temporal_tabular_small_mlp_branch,prediction_temporal_tabular_classifier_score,test,2016-06-30,-0.022238787258899922,7119
temporal_tabular_small_mlp_branch,prediction_temporal_tabular_classifier_score,test,2016-07-29,0.011701213328339377,7119
temporal_tabular_small_mlp_branch,prediction_temporal_tabular_classifier_score,test,2016-08-31,-0.04200815752309279,7082
temporal_tabular_small_mlp_branch,prediction_temporal_tabular_classifier_score,test,2016-09-30,0.20804531887472325,7090
temporal_tabular_small_mlp_branch,prediction_temporal_tabular_classifier_score,test,2016-10-31,0.14626251564001372,7107
temporal_tabular_small_mlp_branch,prediction_temporal_tabular_classifier_score,test,2016-11-30,0.22078894923606848,7096
temporal_tabular_small_mlp_branch,prediction_temporal_tabular_classifier_score,test,2016-12-30,-0.08553234238127361,7108
temporal_tabular_small_mlp_branch,prediction_temporal_tabular_classifier_score,test,2017-01-31,0.1167463779011721,7126
temporal_tabular_small_mlp_branch,prediction_temporal_tabular_classifier_score,test,2017-02-28,0.02310391701912324,7109
temporal_tabular_small_mlp_branch,prediction_temporal_tabular_classifier_score,test,2017-03-31,0.17989175682363956,7110
temporal_tabular_small_mlp_branch,prediction_temporal_tabular_classifier_score,test,2017-04-28,0.11351163733067542,7129
temporal_tabular_small_mlp_branch,prediction_temporal_tabular_classifier_score,test,2017-05-31,0.05375015720980289,7144
temporal_tabular_small_mlp_branch,prediction_temporal_tabular_classifier_score,test,2017-06-30,0.13227184425679692,7146
temporal_tabular_small_mlp_branch,prediction_temporal_tabular_classifier_score,test,2017-07-31,0.10487680521057284,7157
temporal_tabular_small_mlp_branch,prediction_temporal_tabular_classifier_score,test,2017-08-31,0.04339069101433489,7132
temporal_tabular_small_mlp_branch,prediction_temporal_tabular_classifier_score,test,2017-09-29,0.20508694804556796,7116
temporal_tabular_small_mlp_branch,prediction_temporal_tabular_classifier_score,test,2017-10-31,0.0691757909832013,7152
temporal_tabular_small_mlp_branch,prediction_temporal_tabular_classifier_score,test,2017-11-30,0.02662817995421781,7206
temporal_tabular_small_mlp_branch,prediction_temporal_tabular_classifier_score,test,2017-12-29,0.09873126360050757,7205
temporal_tabular_small_mlp_branch,prediction_temporal_tabular_classifier_score,test,2018-01-31,-0.01904214691957493,7242
temporal_tabular_small_mlp_branch,prediction_temporal_tabular_classifier_score,test,2018-02-28,0.059620254764884646,7264
temporal_tabular_small_mlp_branch,prediction_temporal_tabular_classifier_score,test,2018-03-29,0.0234102290212692,7211
temporal_tabular_small_mlp_branch,prediction_temporal_tabular_classifier_score,test,2018-04-30,-0.03714476597039886,7258
temporal_tabular_small_mlp_branch,prediction_temporal_tabular_classifier_score,test,2018-05-31,0.04904398035829194,7270
temporal_tabular_small_mlp_branch,prediction_temporal_tabular_classifier_score,test,2018-06-29,0.1907543331466472,7322
temporal_tabular_small_mlp_branch,prediction_temporal_tabular_classifier_score,test,2018-07-31,0.04844677262239138,7355
temporal_tabular_small_mlp_branch,prediction_temporal_tabular_classifier_score,test,2018-08-31,0.0539657843615122,7344
temporal_tabular_small_mlp_branch,prediction_temporal_tabular_classifier_score,test,2018-09-28,0.10985833148333446,7373
temporal_tabular_small_mlp_branch,prediction_temporal_tabular_classifier_score,test,2018-10-31,0.17581675991072673,7413
temporal_tabular_small_mlp_branch,prediction_temporal_tabular_classifier_score,test,2018-11-30,0.19645955906143597,7412
temporal_tabular_small_mlp_branch,prediction_temporal_tabular_classifier_score,test,2018-12-31,-0.173779770514493,7407
temporal_tabular_small_mlp_branch,prediction_temporal_tabular_classifier_score,test,2019-01-31,0.013491573951699058,7408
temporal_tabular_small_mlp_branch,prediction_temporal_tabular_classifier_score,test,2019-02-28,0.024851892557631365,7390
temporal_tabular_small_mlp_branch,prediction_temporal_tabular_classifier_score,test,2019-03-29,0.17674889244851238,7390
temporal_tabular_small_mlp_branch,prediction_temporal_tabular_classifier_score,test,2019-04-30,0.07256958884059896,7396
temporal_tabular_small_mlp_branch,prediction_temporal_tabular_classifier_score,test,2019-05-31,0.1543269325349298,7458
temporal_tabular_small_mlp_branch,prediction_temporal_tabular_classifier_score,test,2019-06-28,0.188438646113603,7471
temporal_tabular_small_mlp_branch,prediction_temporal_tabular_classifier_score,test,2019-07-31,0.11837995235557089,7494
temporal_tabular_small_mlp_branch,prediction_temporal_tabular_classifier_score,test,2019-08-30,0.10572027997745809,7486
temporal_tabular_small_mlp_branch,prediction_temporal_tabular_classifier_score,test,2019-09-30,0.1194323486931627,7500
temporal_tabular_small_mlp_branch,prediction_temporal_tabular_classifier_score,test,2019-10-31,0.0381040942517573,7504
temporal_tabular_small_mlp_branch,prediction_temporal_tabular_classifier_score,test,2019-11-29,-0.027365100505973575,7501
temporal_tabular_small_mlp_branch,prediction_temporal_tabular_classifier_score,test,2019-12-31,-0.008688502782062865,7500
temporal_tabular_small_mlp_branch,prediction_temporal_tabular_classifier_score,test,2020-01-31,-0.05873042295074635,7506
temporal_tabular_small_mlp_branch,prediction_temporal_tabular_classifier_score,test,2020-02-28,0.03335592881812952,7506
temporal_tabular_small_mlp_branch,prediction_temporal_tabular_classifier_score,test,2020-03-31,-0.07648990371882884,7475
temporal_tabular_small_mlp_branch,prediction_temporal_tabular_classifier_score,test,2020-04-30,-0.005827817354017476,7480
temporal_tabular_small_mlp_branch,prediction_temporal_tabular_classifier_score,test,2020-05-29,-0.1105448491744931,7473
temporal_tabular_small_mlp_branch,prediction_temporal_tabular_classifier_score,test,2020-06-30,0.1223202319958278,7519
temporal_tabular_small_mlp_branch,prediction_temporal_tabular_classifier_score,test,2020-07-31,0.09748811211578017,7547
temporal_tabular_small_mlp_branch,prediction_temporal_tabular_classifier_score,test,2020-08-31,0.09675947555650781,7574
temporal_tabular_small_mlp_branch,prediction_temporal_tabular_classifier_score,test,2020-09-30,0.13148429798161643,7628
temporal_tabular_small_mlp_branch,prediction_temporal_tabular_classifier_score,test,2020-10-30,-0.18633814289214862,7701
temporal_tabular_small_mlp_branch,prediction_temporal_tabular_classifier_score,test,2020-11-30,0.0022130612788924305,7773
temporal_tabular_small_mlp_branch,prediction_temporal_tabular_classifier_score,test,2020-12-31,-0.215469312329042,7875
temporal_tabular_small_mlp_branch,prediction_temporal_tabular_classifier_score,test,2021-01-29,0.026643343465306873,7964
temporal_tabular_small_mlp_branch,prediction_temporal_tabular_classifier_score,test,2021-02-26,0.2685422052857234,8055
temporal_tabular_small_mlp_branch,prediction_temporal_tabular_classifier_score,test,2021-03-31,0.23773559671242567,8212
temporal_tabular_small_mlp_branch,prediction_temporal_tabular_classifier_score,test,2021-04-30,0.21016041545948813,8360
temporal_tabular_small_mlp_branch,prediction_temporal_tabular_classifier_score,test,2021-05-28,-0.1601853479885052,8479
temporal_tabular_small_mlp_branch,prediction_temporal_tabular_classifier_score,test,2021-06-30,0.3614092211449432,8587
temporal_tabular_small_mlp_branch,prediction_temporal_tabular_classifier_score,test,2021-07-30,0.1058588185955712,8722
temporal_tabular_small_mlp_branch,prediction_temporal_tabular_classifier_score,test,2021-08-31,0.08241378063927823,8776
temporal_tabular_small_mlp_branch,prediction_temporal_tabular_classifier_score,test,2021-09-30,0.2870049402407036,8872
temporal_tabular_small_mlp_branch,prediction_temporal_tabular_classifier_score,test,2021-10-29,0.2560101426717211,8968
temporal_tabular_small_mlp_branch,prediction_temporal_tabular_classifier_score,test,2021-11-30,0.4488811047375734,9068
temporal_tabular_small_mlp_branch,prediction_temporal_tabular_classifier_score,test,2021-12-31,0.23745728890548473,9189
temporal_tabular_small_mlp_branch,prediction_temporal_tabular_classifier_score,test,2022-01-31,0.09320685571113481,9272
temporal_tabular_small_mlp_branch,prediction_temporal_tabular_classifier_score,test,2022-02-28,0.0567363587617915,9347
temporal_tabular_small_mlp_branch,prediction_temporal_tabular_classifier_score,test,2022-03-31,0.3214226450921953,9382
temporal_tabular_small_mlp_branch,prediction_temporal_tabular_classifier_score,test,2022-04-29,0.2634088854682904,9421
temporal_tabular_small_mlp_branch,prediction_temporal_tabular_classifier_score,test,2022-05-31,-0.004123691805011658,9432
temporal_tabular_small_mlp_branch,prediction_temporal_tabular_classifier_score,test,2022-06-30,0.04642350937771252,9457
temporal_tabular_small_mlp_branch,prediction_temporal_tabular_classifier_score,test,2022-07-29,-0.004237410154466243,9458
temporal_tabular_small_mlp_branch,prediction_temporal_tabular_classifier_score,test,2022-08-31,0.20052758440558813,9469
temporal_tabular_small_mlp_branch,prediction_temporal_tabular_classifier_score,test,2022-09-30,0.3106516931082193,9495
temporal_tabular_small_mlp_branch,prediction_temporal_tabular_classifier_score,test,2022-10-31,0.19235618002724275,9483
temporal_tabular_small_mlp_branch,prediction_temporal_tabular_classifier_score,test,2022-11-30,0.14169285478164514,9465
temporal_tabular_small_mlp_branch,prediction_temporal_tabular_classifier_score,test,2022-12-30,-0.21696415284975384,9402
temporal_tabular_small_mlp_branch,prediction_temporal_tabular_classifier_score,test,2023-01-31,0.2072376056909611,9376
temporal_tabular_small_mlp_branch,prediction_temporal_tabular_classifier_score,test,2023-02-28,0.16439486914542137,9352
temporal_tabular_small_mlp_branch,prediction_temporal_tabular_classifier_score,test,2023-03-31,0.12362325219584405,9324
temporal_tabular_small_mlp_branch,prediction_temporal_tabular_classifier_score,test,2023-04-28,-0.07187673786519023,9298
temporal_tabular_small_mlp_branch,prediction_temporal_tabular_classifier_score,test,2023-05-31,0.12409650776032537,9304
temporal_tabular_small_mlp_branch,prediction_temporal_tabular_classifier_score,test,2023-06-30,0.07950238093397352,9291
temporal_tabular_small_mlp_branch,prediction_temporal_tabular_classifier_score,test,2023-07-31,0.2413106538607183,9265
temporal_tabular_small_mlp_branch,prediction_temporal_tabular_classifier_score,test,2023-08-31,0.2350864941464974,9278
temporal_tabular_small_mlp_branch,prediction_temporal_tabular_classifier_score,test,2023-09-29,0.19340074456714415,9318
temporal_tabular_small_mlp_branch,prediction_temporal_tabular_classifier_score,test,2023-10-31,0.07655571073228523,9331
temporal_tabular_small_mlp_branch,prediction_temporal_tabular_classifier_score,test,2023-11-30,-0.03866756149348904,9327
temporal_tabular_small_mlp_branch,prediction_temporal_tabular_classifier_score,test,2023-12-29,0.14714573520198046,9309
temporal_tabular_small_mlp_branch,prediction_temporal_tabular_classifier_score,test,2024-01-31,0.05587964296018616,9367
temporal_tabular_small_mlp_branch,prediction_temporal_tabular_classifier_score,test,2024-02-29,0.24003953784160165,9327
temporal_tabular_small_mlp_branch,prediction_temporal_tabular_classifier_score,test,2024-03-28,0.11973509051631291,9334
temporal_tabular_small_mlp_branch,prediction_temporal_tabular_classifier_score,test,2024-04-30,0.1511978915595167,9344
temporal_tabular_small_mlp_branch,prediction_temporal_tabular_classifier_score,test,2024-05-31,0.13585664435239753,9372
temporal_tabular_small_mlp_branch,prediction_temporal_tabular_classifier_score,test,2024-06-28,0.1424080922706574,9404
temporal_tabular_small_mlp_branch,prediction_temporal_tabular_classifier_score,test,2024-07-31,0.20133028126941716,9436
temporal_tabular_small_mlp_branch,prediction_temporal_tabular_classifier_score,test,2024-08-30,0.11197817337415578,9439
temporal_tabular_small_mlp_branch,prediction_temporal_tabular_classifier_score,test,2024-09-30,0.0640740892488842,9542
temporal_tabular_small_mlp_branch,prediction_temporal_tabular_classifier_score,test,2024-10-31,0.17153437430339896,9583
temporal_tabular_small_mlp_branch,prediction_temporal_tabular_er_train_score,test,2015-12-31,0.07808693288405158,7175
temporal_tabular_small_mlp_branch,prediction_temporal_tabular_er_train_score,test,2016-01-29,0.06538060194508878,7146
temporal_tabular_small_mlp_branch,prediction_temporal_tabular_er_train_score,test,2016-02-29,-0.012416960490437558,7134
temporal_tabular_small_mlp_branch,prediction_temporal_tabular_er_train_score,test,2016-03-31,-0.04905893837382197,7115
temporal_tabular_small_mlp_branch,prediction_temporal_tabular_er_train_score,test,2016-04-29,0.06677433624146173,7106
temporal_tabular_small_mlp_branch,prediction_temporal_tabular_er_train_score,test,2016-05-31,0.10610248232259265,7115
temporal_tabular_small_mlp_branch,prediction_temporal_tabular_er_train_score,test,2016-06-30,0.08424956500600497,7119
temporal_tabular_small_mlp_branch,prediction_temporal_tabular_er_train_score,test,2016-07-29,0.040716182138343854,7119
temporal_tabular_small_mlp_branch,prediction_temporal_tabular_er_train_score,test,2016-08-31,0.022254663306563862,7082
temporal_tabular_small_mlp_branch,prediction_temporal_tabular_er_train_score,test,2016-09-30,0.07493907801428451,7090
temporal_tabular_small_mlp_branch,prediction_temporal_tabular_er_train_score,test,2016-10-31,0.24556418182681247,7107
temporal_tabular_small_mlp_branch,prediction_temporal_tabular_er_train_score,test,2016-11-30,0.168482540334139,7096
temporal_tabular_small_mlp_branch,prediction_temporal_tabular_er_train_score,test,2016-12-30,-0.08392643861234747,7108
temporal_tabular_small_mlp_branch,prediction_temporal_tabular_er_train_score,test,2017-01-31,0.04602982922717647,7126
temporal_tabular_small_mlp_branch,prediction_temporal_tabular_er_train_score,test,2017-02-28,-0.0208430684142183,7109
temporal_tabular_small_mlp_branch,prediction_temporal_tabular_er_train_score,test,2017-03-31,0.09552821193887892,7110
temporal_tabular_small_mlp_branch,prediction_temporal_tabular_er_train_score,test,2017-04-28,-0.021687564024348256,7129
temporal_tabular_small_mlp_branch,prediction_temporal_tabular_er_train_score,test,2017-05-31,0.10727333130575917,7144
temporal_tabular_small_mlp_branch,prediction_temporal_tabular_er_train_score,test,2017-06-30,0.050748949605192946,7146
temporal_tabular_small_mlp_branch,prediction_temporal_tabular_er_train_score,test,2017-07-31,0.0534239279889419,7157
temporal_tabular_small_mlp_branch,prediction_temporal_tabular_er_train_score,test,2017-08-31,0.16232633386846027,7132
temporal_tabular_small_mlp_branch,prediction_temporal_tabular_er_train_score,test,2017-09-29,0.1284058201093758,7116
temporal_tabular_small_mlp_branch,prediction_temporal_tabular_er_train_score,test,2017-10-31,0.0837334775268593,7152
temporal_tabular_small_mlp_branch,prediction_temporal_tabular_er_train_score,test,2017-11-30,0.0001511512220117544,7206
temporal_tabular_small_mlp_branch,prediction_temporal_tabular_er_train_score,test,2017-12-29,0.09171336044142643,7205
temporal_tabular_small_mlp_branch,prediction_temporal_tabular_er_train_score,test,2018-01-31,-0.05997670698416595,7242
temporal_tabular_small_mlp_branch,prediction_temporal_tabular_er_train_score,test,2018-02-28,0.08392933553052662,7264
temporal_tabular_small_mlp_branch,prediction_temporal_tabular_er_train_score,test,2018-03-29,0.04796268638168294,7211
temporal_tabular_small_mlp_branch,prediction_temporal_tabular_er_train_score,test,2018-04-30,0.07191615446502407,7258
temporal_tabular_small_mlp_branch,prediction_temporal_tabular_er_train_score,test,2018-05-31,0.0582907997446371,7270
temporal_tabular_small_mlp_branch,prediction_temporal_tabular_er_train_score,test,2018-06-29,0.09277951083400407,7322
temporal_tabular_small_mlp_branch,prediction_temporal_tabular_er_train_score,test,2018-07-31,0.06604900337033628,7355
temporal_tabular_small_mlp_branch,prediction_temporal_tabular_er_train_score,test,2018-08-31,-0.03839769680124711,7344
temporal_tabular_small_mlp_branch,prediction_temporal_tabular_er_train_score,test,2018-09-28,-0.06947768339827333,7373
temporal_tabular_small_mlp_branch,prediction_temporal_tabular_er_train_score,test,2018-10-31,0.07378913719232255,7413
temporal_tabular_small_mlp_branch,prediction_temporal_tabular_er_train_score,test,2018-11-30,-0.039714000801982306,7412
temporal_tabular_small_mlp_branch,prediction_temporal_tabular_er_train_score,test,2018-12-31,0.011761045378320819,7407
temporal_tabular_small_mlp_branch,prediction_temporal_tabular_er_train_score,test,2019-01-31,0.08548402389682137,7408
temporal_tabular_small_mlp_branch,prediction_temporal_tabular_er_train_score,test,2019-02-28,-0.09762724648537603,7390
temporal_tabular_small_mlp_branch,prediction_temporal_tabular_er_train_score,test,2019-03-29,0.12061663461598066,7390
temporal_tabular_small_mlp_branch,prediction_temporal_tabular_er_train_score,test,2019-04-30,-0.08612359060985295,7396
temporal_tabular_small_mlp_branch,prediction_temporal_tabular_er_train_score,test,2019-05-31,0.19213653591741978,7458
temporal_tabular_small_mlp_branch,prediction_temporal_tabular_er_train_score,test,2019-06-28,0.14109811338996434,7471
temporal_tabular_small_mlp_branch,prediction_temporal_tabular_er_train_score,test,2019-07-31,-0.08768525845615845,7494
temporal_tabular_small_mlp_branch,prediction_temporal_tabular_er_train_score,test,2019-08-30,0.14076995143670312,7486
temporal_tabular_small_mlp_branch,prediction_temporal_tabular_er_train_score,test,2019-09-30,0.08277515085772574,7500
temporal_tabular_small_mlp_branch,prediction_temporal_tabular_er_train_score,test,2019-10-31,0.07741667725692365,7504
temporal_tabular_small_mlp_branch,prediction_temporal_tabular_er_train_score,test,2019-11-29,0.0014306134070905501,7501
temporal_tabular_small_mlp_branch,prediction_temporal_tabular_er_train_score,test,2019-12-31,-0.10815529980524936,7500
temporal_tabular_small_mlp_branch,prediction_temporal_tabular_er_train_score,test,2020-01-31,-0.13996367876769258,7506
temporal_tabular_small_mlp_branch,prediction_temporal_tabular_er_train_score,test,2020-02-28,-0.1642404123414621,7506
temporal_tabular_small_mlp_branch,prediction_temporal_tabular_er_train_score,test,2020-03-31,0.13748697568853663,7475
temporal_tabular_small_mlp_branch,prediction_temporal_tabular_er_train_score,test,2020-04-30,0.006016593101709758,7480
temporal_tabular_small_mlp_branch,prediction_temporal_tabular_er_train_score,test,2020-05-29,-0.00396040388014389,7473
temporal_tabular_small_mlp_branch,prediction_temporal_tabular_er_train_score,test,2020-06-30,0.02633682288908622,7519
temporal_tabular_small_mlp_branch,prediction_temporal_tabular_er_train_score,test,2020-07-31,0.10434249764155078,7547
temporal_tabular_small_mlp_branch,prediction_temporal_tabular_er_train_score,test,2020-08-31,-0.013026950839607327,7574
temporal_tabular_small_mlp_branch,prediction_temporal_tabular_er_train_score,test,2020-09-30,0.1366975546969594,7628
temporal_tabular_small_mlp_branch,prediction_temporal_tabular_er_train_score,test,2020-10-30,0.02101543705495342,7701
temporal_tabular_small_mlp_branch,prediction_temporal_tabular_er_train_score,test,2020-11-30,0.07386447167883409,7773
temporal_tabular_small_mlp_branch,prediction_temporal_tabular_er_train_score,test,2020-12-31,-0.12421255233319636,7875
temporal_tabular_small_mlp_branch,prediction_temporal_tabular_er_train_score,test,2021-01-29,0.12046951688584477,7964
temporal_tabular_small_mlp_branch,prediction_temporal_tabular_er_train_score,test,2021-02-26,0.2031088513091541,8055
temporal_tabular_small_mlp_branch,prediction_temporal_tabular_er_train_score,test,2021-03-31,0.2143510648016375,8212
temporal_tabular_small_mlp_branch,prediction_temporal_tabular_er_train_score,test,2021-04-30,0.16032329391852906,8360
temporal_tabular_small_mlp_branch,prediction_temporal_tabular_er_train_score,test,2021-05-28,-0.1487049284128373,8479
temporal_tabular_small_mlp_branch,prediction_temporal_tabular_er_train_score,test,2021-06-30,0.2097682478832418,8587
temporal_tabular_small_mlp_branch,prediction_temporal_tabular_er_train_score,test,2021-07-30,0.05127679717653654,8722
temporal_tabular_small_mlp_branch,prediction_temporal_tabular_er_train_score,test,2021-08-31,0.07162373468009094,8776
temporal_tabular_small_mlp_branch,prediction_temporal_tabular_er_train_score,test,2021-09-30,0.2750682208537699,8872
temporal_tabular_small_mlp_branch,prediction_temporal_tabular_er_train_score,test,2021-10-29,0.17481494821362764,8968
temporal_tabular_small_mlp_branch,prediction_temporal_tabular_er_train_score,test,2021-11-30,0.37504000989534536,9068
temporal_tabular_small_mlp_branch,prediction_temporal_tabular_er_train_score,test,2021-12-31,0.15979228080005944,9189
temporal_tabular_small_mlp_branch,prediction_temporal_tabular_er_train_score,test,2022-01-31,0.14807584658836295,9272
temporal_tabular_small_mlp_branch,prediction_temporal_tabular_er_train_score,test,2022-02-28,0.04674548281013859,9347
temporal_tabular_small_mlp_branch,prediction_temporal_tabular_er_train_score,test,2022-03-31,0.1589166437756962,9382
temporal_tabular_small_mlp_branch,prediction_temporal_tabular_er_train_score,test,2022-04-29,0.13339066967183436,9421
temporal_tabular_small_mlp_branch,prediction_temporal_tabular_er_train_score,test,2022-05-31,-0.11628443925669796,9432
temporal_tabular_small_mlp_branch,prediction_temporal_tabular_er_train_score,test,2022-06-30,0.10877690876843488,9457
temporal_tabular_small_mlp_branch,prediction_temporal_tabular_er_train_score,test,2022-07-29,0.041915913062099304,9458
temporal_tabular_small_mlp_branch,prediction_temporal_tabular_er_train_score,test,2022-08-31,-0.017620255160953162,9469
temporal_tabular_small_mlp_branch,prediction_temporal_tabular_er_train_score,test,2022-09-30,0.29412834254084985,9495
temporal_tabular_small_mlp_branch,prediction_temporal_tabular_er_train_score,test,2022-10-31,0.05375820208673764,9483
temporal_tabular_small_mlp_branch,prediction_temporal_tabular_er_train_score,test,2022-11-30,0.035547211476624936,9465
temporal_tabular_small_mlp_branch,prediction_temporal_tabular_er_train_score,test,2022-12-30,0.009936660096721377,9402
temporal_tabular_small_mlp_branch,prediction_temporal_tabular_er_train_score,test,2023-01-31,0.11890851977149508,9376
temporal_tabular_small_mlp_branch,prediction_temporal_tabular_er_train_score,test,2023-02-28,-0.0033671051452456857,9352
temporal_tabular_small_mlp_branch,prediction_temporal_tabular_er_train_score,test,2023-03-31,-0.014905606510683237,9324
temporal_tabular_small_mlp_branch,prediction_temporal_tabular_er_train_score,test,2023-04-28,-0.07918340204947204,9298
temporal_tabular_small_mlp_branch,prediction_temporal_tabular_er_train_score,test,2023-05-31,0.22040882478714496,9304
temporal_tabular_small_mlp_branch,prediction_temporal_tabular_er_train_score,test,2023-06-30,0.1629052516161847,9291
temporal_tabular_small_mlp_branch,prediction_temporal_tabular_er_train_score,test,2023-07-31,0.09109560241417483,9265
temporal_tabular_small_mlp_branch,prediction_temporal_tabular_er_train_score,test,2023-08-31,0.14203476918841593,9278
temporal_tabular_small_mlp_branch,prediction_temporal_tabular_er_train_score,test,2023-09-29,0.011318489615058332,9318
temporal_tabular_small_mlp_branch,prediction_temporal_tabular_er_train_score,test,2023-10-31,0.11950527528145279,9331
temporal_tabular_small_mlp_branch,prediction_temporal_tabular_er_train_score,test,2023-11-30,0.11612589817460142,9327
temporal_tabular_small_mlp_branch,prediction_temporal_tabular_er_train_score,test,2023-12-29,-0.014476438108293382,9309
temporal_tabular_small_mlp_branch,prediction_temporal_tabular_er_train_score,test,2024-01-31,0.04390804173418306,9367
temporal_tabular_small_mlp_branch,prediction_temporal_tabular_er_train_score,test,2024-02-29,0.208860327969096,9327
temporal_tabular_small_mlp_branch,prediction_temporal_tabular_er_train_score,test,2024-03-28,0.0075171835620194685,9334
temporal_tabular_small_mlp_branch,prediction_temporal_tabular_er_train_score,test,2024-04-30,0.14556283816923477,9344
temporal_tabular_small_mlp_branch,prediction_temporal_tabular_er_train_score,test,2024-05-31,0.008372243863549816,9372
temporal_tabular_small_mlp_branch,prediction_temporal_tabular_er_train_score,test,2024-06-28,0.19996295974092107,9404
temporal_tabular_small_mlp_branch,prediction_temporal_tabular_er_train_score,test,2024-07-31,0.04494380623334045,9436
temporal_tabular_small_mlp_branch,prediction_temporal_tabular_er_train_score,test,2024-08-30,0.10035681627783832,9439
temporal_tabular_small_mlp_branch,prediction_temporal_tabular_er_train_score,test,2024-09-30,0.067558260569171,9542
temporal_tabular_small_mlp_branch,prediction_temporal_tabular_er_train_score,test,2024-10-31,0.21945986129685716,9583
